Payment Method:,Način Plaćanja:,module,Smdesign_Intesapay
Order ID,ID porudžbine,module,Smdesign_Intesapay
Address,Adresa,module,Smdesign_Intesapay
City,Grad,module,Smdesign_Intesapay
Country,Država,module,Smdesign_Intesapay
Phone,Telefon,module,Smdesign_Intesapay
Continue Shopping,Nastavite kupovinu,module,Smdesign_Intesapay
Thank you for your purchase!,Zahvaljujemo Vam se na kupovini!,module,Smdesign_Intesapay
Email,E-pošta,module,Smdesign_Intesapay
Shipping Address,Adresa za isporuku,module,Smdesign_Intesapay
Close,Zatvori,theme,frontend/Clarus/breg2
Categories,Kategorije,theme,frontend/Clarus/breg2
Products,Proizvodi,theme,frontend/Clarus/breg2
Sale,Prodaja,theme,frontend/Clarus/breg2
New,Novo,theme,frontend/Clarus/breg2
Options,Opcije,theme,frontend/Clarus/breg2
Add to Cart,Dodaj u korpu,theme,frontend/Clarus/breg2
Add to Compare,Dodaj za upoređivanje,theme,frontend/Clarus/breg2
My Account,Moj nalog,theme,frontend/Clarus/breg2
You removed the item.,Vi ste uklonili stavku.,theme,frontend/Clarus/breg2
My Cart,Korpa,theme,frontend/Clarus/breg2
Sku,Šifra,theme,frontend/Clarus/breg2
Subtotal,Međuzbir,theme,frontend/Clarus/breg2
Checkout,Plaćanje,theme,frontend/Clarus/breg2
View and Edit Cart,Pregled i Izmena Korpe,theme,frontend/Clarus/breg2
Continue Shopping,Nastavite kupovinu,theme,frontend/Clarus/breg2
Qty,Kol,theme,frontend/Clarus/breg2
%1 items,%1 stavke,theme,frontend/Clarus/breg2
Menu,Meni,theme,frontend/Clarus/breg2
Compare Products,Poređenje proizvoda,theme,frontend/Clarus/breg2
My Account,Moj nalog,theme,frontend/Webkul/hyva_child
Email Address,Email adresa,theme,frontend/Webkul/hyva_child
Enter your email address,Unesite vašu email adresu,theme,frontend/Webkul/hyva_child
Subscribe,Pretplati se,theme,frontend/Webkul/hyva_child
Write Your Own Review,Write Your Own Recenzija,theme,frontend/Webkul/hyva_child
Your Rating,Your Ocena,theme,frontend/Webkul/hyva_child
Summary,Rezime,theme,frontend/Webkul/hyva_child
Review,Recenzija,theme,frontend/Webkul/hyva_child
Submit Review,Pošalji Recenzija,theme,frontend/Webkul/hyva_child
Loading...,Učitavanje...,theme,frontend/Webkul/hyva_child
Customer Reviews,Kupac Recenzije,theme,frontend/Webkul/hyva_child
Review by,Pregled od strane,theme,frontend/Webkul/hyva_child
Language,Jezik,theme,frontend/Webkul/hyva_child
You removed the item.,Vi ste uklonili stavku.,theme,frontend/Webkul/hyva_child
My Cart,Korpa,theme,frontend/Webkul/hyva_child
Subtotal,Međuzbir,theme,frontend/Webkul/hyva_child
Checkout,Plaćanje,theme,frontend/Webkul/hyva_child
or,ili,theme,frontend/Webkul/hyva_child
View and Edit Cart,Pregled i Izmena Korpe,theme,frontend/Webkul/hyva_child
Compare Products,Poređenje proizvoda,theme,frontend/Webkul/hyva_child
item,stavka,theme,frontend/Webkul/hyva_child
items,stavke,theme,frontend/Webkul/hyva_child
View All,Prikaži svе,theme,frontend/Webkul/hyva_child
Minimum Search query length is %1,Minimalna dužina niza pretrage je %1,theme,frontend/Webkul/hyva_child
Search,Pretraga,theme,frontend/Webkul/hyva_child
Search entire store here...,Ovde Pretražite celu prodavnicu...,theme,frontend/Webkul/hyva_child
%1 Item,%1 stavka,theme,frontend/Webkul/hyva_child
%1 Item(s),%1 artikal/artikala,theme,frontend/Webkul/hyva_child
Previous,Prethodni,theme,frontend/Webkul/hyva_child
Page,Stranica,theme,frontend/Webkul/hyva_child
You're currently reading page,Trenutno čitate stranicu,theme,frontend/Webkul/hyva_child
Next,Sledeće,theme,frontend/Webkul/hyva_child
Show,Prikaži,theme,frontend/Webkul/hyva_child
Show more,Prikaži more,theme,frontend/Webkul/hyva_child
1 item,1 stavka,theme,frontend/Webkul/hyva_child
Shop By,Kupiti po,theme,frontend/Webkul/hyva_child
We can't find products matching the selection.,Ne možemo pronaći proizvode koji zadovoljavaju traženo.,theme,frontend/Clarus/flutto
Configure,Podesi,theme,frontend/Clarus/flutto
Add to Cart,Dodaj u korpu,theme,frontend/Clarus/flutto
Add to Wish List,Dodaj u listu želja,theme,frontend/Clarus/flutto
Add to Compare,Dodaj za upoređivanje,theme,frontend/Clarus/flutto
"Buy %1 for %2 each and <strong class=""benefit"">save<span class=""percent tier-%3"">&nbsp;%4</span>%</strong>","Kupiti %1 za %2 svaki i <strong class=""benefit"">sačuvati<span class=""percent tier-%3"">&nbsp;%4</span>%</strong>",theme,frontend/Clarus/flutto
Buy %1 for %2 each,Kupiti %1 za %2 svaki,theme,frontend/Clarus/flutto
%1 has been added to your Wish List.,%1 je added to your Wish Lista.,theme,frontend/Clarus/flutto
Update Wish List,Ažuriraj Wish Lista,theme,frontend/Clarus/flutto
Excl. Tax,Bez poreza,theme,frontend/Clarus/flutto
As low as,Sniženje,theme,frontend/Clarus/flutto
Quantity,Količina,theme,frontend/Clarus/flutto
Recently Viewed Products,Nedavno pregledani proizvodi,theme,frontend/Clarus/flutto
View Product,Pregled Proizvod,theme,frontend/Clarus/flutto
Previous,Prethodni,theme,frontend/Clarus/flutto
Next,Sledeće,theme,frontend/Clarus/flutto
My Account,Moj nalog,theme,frontend/Clarus/flutto
Email Address,Email adresa,theme,frontend/Clarus/flutto
Enter your email address,Unesite vašu email adresu,theme,frontend/Clarus/flutto
Subscribe,Pretplati se,theme,frontend/Clarus/flutto
Write Your Own Review,Write Your Own Recenzija,theme,frontend/Clarus/flutto
Your Rating,Your Ocena,theme,frontend/Clarus/flutto
Summary,Rezime,theme,frontend/Clarus/flutto
Review,Recenzija,theme,frontend/Clarus/flutto
Submit Review,Pošalji Recenzija,theme,frontend/Clarus/flutto
Loading...,Učitavanje...,theme,frontend/Clarus/flutto
Customer Reviews,Kupac Recenzije,theme,frontend/Clarus/flutto
Review by,Pregled od strane,theme,frontend/Clarus/flutto
Language,Jezik,theme,frontend/Clarus/flutto
You removed the item.,Vi ste uklonili stavku.,theme,frontend/Clarus/flutto
My Cart,Korpa,theme,frontend/Clarus/flutto
Subtotal,Međuzbir,theme,frontend/Clarus/flutto
Checkout,Plaćanje,theme,frontend/Clarus/flutto
or,ili,theme,frontend/Clarus/flutto
View and Edit Cart,Pregled i Izmena Korpe,theme,frontend/Clarus/flutto
Compare Products,Poređenje proizvoda,theme,frontend/Clarus/flutto
item,stavka,theme,frontend/Clarus/flutto
items,stavke,theme,frontend/Clarus/flutto
View All,Prikaži svе,theme,frontend/Clarus/flutto
Minimum Search query length is %1,Minimalna dužina niza pretrage je %1,theme,frontend/Clarus/flutto
Search,Pretraga,theme,frontend/Clarus/flutto
Search entire store here...,Ovde Pretražite celu prodavnicu...,theme,frontend/Clarus/flutto
%1 Item,%1 stavka,theme,frontend/Clarus/flutto
%1 Item(s),%1 artikal/artikala,theme,frontend/Clarus/flutto
Page,Stranica,theme,frontend/Clarus/flutto
You're currently reading page,Trenutno čitate stranicu,theme,frontend/Clarus/flutto
Show,Prikaži,theme,frontend/Clarus/flutto
Show more,Prikaži more,theme,frontend/Clarus/flutto
1 item,1 stavka,theme,frontend/Clarus/flutto
Shop By,Kupiti po,theme,frontend/Clarus/flutto
Back,Nazad,module,Experius_MissingTranslations
Are you sure you want to do this?,Jeste li sigurni da želite da uradite ovo?,module,Experius_MissingTranslations
Save and Continue Edit,Sačuvaj i nastavi uređivanje,module,Experius_MissingTranslations
Please correct the data sent.,Ispravite poslate podatke.,module,Experius_MissingTranslations
Edit,Izmeni,module,Experius_MissingTranslations
Delete,Obrisati,module,Experius_MissingTranslations
A total of %1 record(s) have been deleted.,Ukupno %1 zapis(a) je uklonjeno.,module,Hryvinskyi_Csp
A total of %1 record(s) have been updated.,Ukupno %1 zapis(a) je promenjeno.,module,Hryvinskyi_Csp
Please correct the data sent.,Ispravite poslate podatke.,module,Hryvinskyi_Csp
Please select,Izaberite,module,Hryvinskyi_Csp
N/A,N/A - nije dostupno,module,Hryvinskyi_Csp
Pending,Na čekanju,module,Hryvinskyi_Csp
View,Pregled,module,Hryvinskyi_Csp
Delete,Obrisati,module,Hryvinskyi_Csp
Unknown,Nepoznato,module,Hryvinskyi_Csp
Edit,Izmeni,module,Hryvinskyi_Csp
"Are you sure you wan't to delete a ""%1"" record?","Da li ste sigurni da želite da obrišete ""%1"" zapis?",module,Hryvinskyi_Csp
Loading...,Učitavanje...,theme,frontend/Hyva/default
Excl. Tax,Bez poreza,theme,frontend/Hyva/default
Your Customization,Vaše prilagođavanje,theme,frontend/Hyva/default
Summary,Rezime,theme,frontend/Hyva/default
None,Ništa,theme,frontend/Hyva/default
Quantity,Količina,theme,frontend/Hyva/default
Choose a selection...,Odaberite selekciju...,theme,frontend/Hyva/default
Customize %1,Prilagodi %1,theme,frontend/Hyva/default
No options of this product are available.,Ni jedna opcija za ovaj proizvod nije dostupna.,theme,frontend/Hyva/default
Buy %1 with %2 discount each,Kupi %1 sa %2 popustom za svaki,theme,frontend/Hyva/default
Shop By,Kupiti po,theme,frontend/Hyva/default
Category,Kategorija,theme,frontend/Hyva/default
Are you sure you want to remove this item from your Compare Products list?,Da li ste sigurni da želite da uklonite ovu stavku sa liste za poređenje proizvoda?,theme,frontend/Hyva/default
Print This Page,Štampaj ovu stranu,theme,frontend/Hyva/default
Compare Products,Poređenje proizvoda,theme,frontend/Hyva/default
Product,Proizvod,theme,frontend/Hyva/default
Add to Cart,Dodaj u korpu,theme,frontend/Hyva/default
Add to Wish List,Dodaj u listu želja,theme,frontend/Hyva/default
Remove Product,Ukloni proizvod,theme,frontend/Hyva/default
You have no items to compare.,Nemate artikle za poređenje.,theme,frontend/Hyva/default
Are you sure you want to remove all items from your Compare Products list?,Da li ste sigurni da želite da uklonite sve stavke sa liste za poređenje proizvoda?,theme,frontend/Hyva/default
Compare,Poredi,theme,frontend/Hyva/default
Remove All,Ukloni sve,theme,frontend/Hyva/default
-- Please Select --,-- Molim odaberite --,theme,frontend/Hyva/default
We can't find products matching the selection.,Ne možemo pronaći proizvode koji zadovoljavaju traženo.,theme,frontend/Hyva/default
Configure,Podesi,theme,frontend/Hyva/default
Add to Compare,Dodaj za upoređivanje,theme,frontend/Hyva/default
%1 has been added to your Wish List.,%1 je added to your Wish Lista.,theme,frontend/Hyva/default
Items %1-%2 of %3,Stavke %1-%2 od %3,theme,frontend/Hyva/default
%1 Item,%1 stavka,theme,frontend/Hyva/default
%1 Items,%1 stavke,theme,frontend/Hyva/default
Show,Prikaži,theme,frontend/Hyva/default
Sort By,Poređaj po,theme,frontend/Hyva/default
Set Ascending Direction,Postavi rastući smer,theme,frontend/Hyva/default
Set Descending Direction,Postavi opadajući smer,theme,frontend/Hyva/default
"Buy %1 for %2 each and <strong class=""benefit"">save<span class=""percent tier-%3"">&nbsp;%4</span>%</strong>","Kupiti %1 za %2 svaki i <strong class=""benefit"">sačuvati<span class=""percent tier-%3"">&nbsp;%4</span>%</strong>",theme,frontend/Hyva/default
Buy %1 for %2 each,Kupiti %1 za %2 svaki,theme,frontend/Hyva/default
Product Info,Proizvod Informacija,theme,frontend/Hyva/default
Product Reviews,Proizvod Recenzije,theme,frontend/Hyva/default
Update Wish List,Ažuriraj Wish Lista,theme,frontend/Hyva/default
Home,Početna,theme,frontend/Hyva/default
Go to Home Page,Idi na početnu stranicu,theme,frontend/Hyva/default
Gallery,Galerija,theme,frontend/Hyva/default
Previous,Prethodni,theme,frontend/Hyva/default
Next,Sledeće,theme,frontend/Hyva/default
Customizable Options,Prilagodljive opcije,theme,frontend/Hyva/default
Change,Promena,theme,frontend/Hyva/default
Compatible file extensions to upload,Kompatibilna ekstenzija fajla za aploud,theme,frontend/Hyva/default
Maximum image width,Maksimalna širina slike,theme,frontend/Hyva/default
Maximum image height,Maksimalna visina slike,theme,frontend/Hyva/default
Maximum %1 characters,Maksimalno %1 karaktera,theme,frontend/Hyva/default
As low as,Sniženje,theme,frontend/Hyva/default
Description,Opis,theme,frontend/Hyva/default
Availability,Dostupnost,theme,frontend/Hyva/default
In stock,Na stanju,theme,frontend/Hyva/default
Out of stock,Nema na lageru,theme,frontend/Hyva/default
Recently Viewed Products,Nedavno pregledani proizvodi,theme,frontend/Hyva/default
View Product,Pregled Proizvod,theme,frontend/Hyva/default
Only %1 left,Samo %1 je ostao,theme,frontend/Hyva/default
Please enter a valid price range.,Molimo unesite validni opseg cene.,theme,frontend/Hyva/default
From,Od,theme,frontend/Hyva/default
To,Do,theme,frontend/Hyva/default
All,Sve,theme,frontend/Hyva/default
Yes,Da,theme,frontend/Hyva/default
No,Ne,theme,frontend/Hyva/default
Search Settings,Podešavanje pretrage,theme,frontend/Hyva/default
Search,Pretraga,theme,frontend/Hyva/default
<strong>%1 items</strong> were found using the following search criteria,<strong>%1 proizvod</strong> je pronađen koristeći sledeće kriterijume pretrage,theme,frontend/Hyva/default
Modify your search.,Prilagodite svoju pretragu.,theme,frontend/Hyva/default
name,naziv,theme,frontend/Hyva/default
Don't see what you're looking for?,Ne vidite ono što tražite?,theme,frontend/Hyva/default
Print receipt,Štampa priznanice,theme,frontend/Hyva/default
Something went wrong. Please try again.,Nešto je pošlo naopako. Pokušaj ponovo.,theme,frontend/Hyva/default
Shopping Cart,Korpa,theme,frontend/Hyva/default
Order #,Porudžbina #,theme,frontend/Hyva/default
Continue Shopping,Nastavite kupovinu,theme,frontend/Hyva/default
Apply Discount Code,Primeni kod za popust,theme,frontend/Hyva/default
Enter discount code,Unesi kod za popust,theme,frontend/Hyva/default
Apply Discount,Primeni popust,theme,frontend/Hyva/default
Cancel Coupon,Otkaži kupon,theme,frontend/Hyva/default
Shopping Cart Items,Artikli u kolicima za kupovinu,theme,frontend/Hyva/default
Update Shopping Cart,Ažuriranje korpe sa artiklima,theme,frontend/Hyva/default
Clear Shopping Cart,Isprazni korpu,theme,frontend/Hyva/default
Cancel,Odustani,theme,frontend/Hyva/default
Update Cart,Ažuriraj korpu,theme,frontend/Hyva/default
Qty,Kol,theme,frontend/Hyva/default
Price,Cena,theme,frontend/Hyva/default
Subtotal,Međuzbir,theme,frontend/Hyva/default
Remove %1,Ukloni %1,theme,frontend/Hyva/default
Go to Checkout,Go to Naplata,theme,frontend/Hyva/default
You have no items in your shopping cart.,Nemate artikle u korpi.,theme,frontend/Hyva/default
Proceed to Checkout,Nastavi ka plaćanju,theme,frontend/Hyva/default
Estimate Tax,Procenjene takse,theme,frontend/Hyva/default
Estimate Shipping and Tax,Procenjena dostava i takse,theme,frontend/Hyva/default
Country,Država,theme,frontend/Hyva/default
State/Province,Država,theme,frontend/Hyva/default
"Please select a region, state or province.",Molimo odaberite mesto.,theme,frontend/Hyva/default
Zip/Postal Code,Poštanski broj,theme,frontend/Hyva/default
Shipping Methods,Način Dostave,theme,frontend/Hyva/default
Incl. Tax,Iznos sa PDV,theme,frontend/Hyva/default
You can track your order status by creating an account.,Status vaše porudžbine možete pratiti stvaranjem korisničkog profila.,theme,frontend/Hyva/default
Email Address:,E-mail adresa:,theme,frontend/Hyva/default
Create an Account,Kreiraj Nalog,theme,frontend/Hyva/default
Your order number is: %1.,Broj Vaše porudžbine je: %1.,theme,frontend/Hyva/default
Your order # is: <span>%1</span>.,Vaša porudžbina # je: <span>%1</span>.,theme,frontend/Hyva/default
We'll email you an order confirmation with details and tracking info.,"Poslaćemo vam potvrdu porudžbine na mejl, sa detaljima i informacijama za praćenje pošiljke.",theme,frontend/Hyva/default
Buy %1 for %2 each and,Kupi %1 za %2 svaki i,theme,frontend/Hyva/default
save,sačuvaj,theme,frontend/Hyva/default
Options,Opcije,theme,frontend/Hyva/default
Choose an Option...,Odaberite Opciju...,theme,frontend/Hyva/default
Write Us,Pišite Nam,theme,frontend/Hyva/default
Jot us a note and we’ll get back to you as quickly as possible.,Ostavite nam poruku i javićemo vam se što je pre moguće.,theme,frontend/Hyva/default
Name,Ime,theme,frontend/Hyva/default
Email,E-pošta,theme,frontend/Hyva/default
Phone Number,Broj telefona,theme,frontend/Hyva/default
What’s on your mind?,Šta Vam je na umu?,theme,frontend/Hyva/default
Submit,Pošalji,theme,frontend/Hyva/default
We use cookies to make your experience better.,Mi koristimo kolačiće kako bi vaše iskustvo bilo bolje.,theme,frontend/Hyva/default
Close panel,Zatvori panel,theme,frontend/Hyva/default
"To comply with the new e-Privacy directive, we need to ask for your consent to set the cookies.","Da bi smo uskladili novu direktivu o e-privatnosti, moramo zatražiti vašu saglasnost da podesite kolačiće.",theme,frontend/Hyva/default
Allow Cookies,Dopusti kolačiće,theme,frontend/Hyva/default
Customer Login,Prijava Korisnika,theme,frontend/Hyva/default
Checkout using your account,Plaćanje preko ličnog naloga,theme,frontend/Hyva/default
Email Address,Email adresa,theme,frontend/Hyva/default
Password,Lozinka,theme,frontend/Hyva/default
Sign In,Prijava,theme,frontend/Hyva/default
Forgot Your Password?,Zaboravili ste lozinku?,theme,frontend/Hyva/default
Checkout as a new customer,Platite kao novi kupac,theme,frontend/Hyva/default
Creating an account has many benefits:,Kreiranje naloga ima puno prednosti:,theme,frontend/Hyva/default
See order and shipping status,Vidite porudžbinu i status pošiljke,theme,frontend/Hyva/default
Track order history,Istorija porudžbina,theme,frontend/Hyva/default
Check out faster,Brže plaćanje,theme,frontend/Hyva/default
Address Book,Adresar,theme,frontend/Hyva/default
Manage Addresses,Upravljajte adresama,theme,frontend/Hyva/default
Default Billing Address,Podrazumevana Adresa za Naplatu,theme,frontend/Hyva/default
Edit Address,Izmeni adresu,theme,frontend/Hyva/default
Default Shipping Address,Podrazumevana Adresa Dostave,theme,frontend/Hyva/default
Account Information,Informacije o korisničkom nalogu,theme,frontend/Hyva/default
Contact Information,Kontakt podaci,theme,frontend/Hyva/default
Edit,Izmeni,theme,frontend/Hyva/default
Change Password,Promeni lozinku,theme,frontend/Hyva/default
Newsletters,Bilten,theme,frontend/Hyva/default
"You are subscribed to ""General Subscription"".","Prijavljeni ste na ""Opšte Pretplate"".",theme,frontend/Hyva/default
You aren't subscribed to our newsletter.,Niste prijavljeni na naš newsletter.,theme,frontend/Hyva/default
My Account,Moj nalog,theme,frontend/Hyva/default
Default Addresses,Podrazumevane adrese,theme,frontend/Hyva/default
Change Billing Address,Promeni Adresu za Naplatu,theme,frontend/Hyva/default
You have no default billing address in your address book.,Nemate podrazumevanu adresu za naplatu u svom adresaru.,theme,frontend/Hyva/default
Change Shipping Address,Promeni Adresu Dostave,theme,frontend/Hyva/default
You have no default shipping address in your address book.,Nemate podrazumevanu adresu dostave u svom adresaru.,theme,frontend/Hyva/default
Customer Address,Adresa Kupca,theme,frontend/Hyva/default
* Required Fields,* Obavezna polja,theme,frontend/Hyva/default
Address,Adresa,theme,frontend/Hyva/default
Street Address %1,Ulica %1,theme,frontend/Hyva/default
City,Grad,theme,frontend/Hyva/default
It's a default billing address.,To je podrazumevana adresa za naplatu.,theme,frontend/Hyva/default
It's a default shipping address.,To je podrazumevana adresa za dostavu.,theme,frontend/Hyva/default
Use as my default billing address,Koristi kao moju podrazumevanu adresu za naplatu,theme,frontend/Hyva/default
Use as my default shipping address,Koristi moju podrazumevanu adresu dostave,theme,frontend/Hyva/default
Save Address,Sačuvaj adresu,theme,frontend/Hyva/default
Go back,Nazad,theme,frontend/Hyva/default
Provided Zip/Postal Code seems to be invalid.,Poštanski broj nije ispravan.,theme,frontend/Hyva/default
Example:,Primer:,theme,frontend/Hyva/default
If you believe it is the right one you can ignore this notice.,"Ukoliko verujete da je ispravno, možete ignorisati ovo obaveštenje.",theme,frontend/Hyva/default
Company,Kompanija,theme,frontend/Hyva/default
Street Address,Adresa,theme,frontend/Hyva/default
Delete,Obrisati,theme,frontend/Hyva/default
You have no other address entries in your address book.,Nemate više unosa u svom adresaru.,theme,frontend/Hyva/default
Are you sure you want to delete this address?,Jeste li sigurni da želite da obrišete ovu adresu?,theme,frontend/Hyva/default
Add New Address,Dodajte novu adresu,theme,frontend/Hyva/default
Back,Nazad,theme,frontend/Hyva/default
Please enter your email below and we will send you the confirmation link.,Molimo unesite email i poslaćemo vam link za potvrdu.,theme,frontend/Hyva/default
Send confirmation link,Pošalji potvrdni link,theme,frontend/Hyva/default
Back to Sign In,Natrag na Prijavu,theme,frontend/Hyva/default
Change Email,Promeni Mejl,theme,frontend/Hyva/default
Current Password,Trenutna lozinka,theme,frontend/Hyva/default
New Password,Nova lozinka,theme,frontend/Hyva/default
Password Strength,Jačina Šifre,theme,frontend/Hyva/default
No Password,Nema Šifre,theme,frontend/Hyva/default
Confirm New Password,Potvrdi Novu Šifru,theme,frontend/Hyva/default
Save,Sačuvaj,theme,frontend/Hyva/default
Please enter your email address below to receive a password reset link.,Molimo unesite email adresu ispod da biste dobili link za resetovanje lozinke.,theme,frontend/Hyva/default
Reset My Password,Resetovanje Lozinke,theme,frontend/Hyva/default
Login,Prijava,theme,frontend/Hyva/default
"If you have an account, sign in with your email address.","Ako imate Profil, prijavite se sa emailom.",theme,frontend/Hyva/default
Subscription option,Opcije pretplate,theme,frontend/Hyva/default
General Subscription,Opšte Postavke,theme,frontend/Hyva/default
Personal Information,Lične informacije,theme,frontend/Hyva/default
Sign Up for Newsletter,Prijavi se za Newsletter,theme,frontend/Hyva/default
Sign-in Information,Informacije o Prijavi,theme,frontend/Hyva/default
Confirm Password,Potvrda lozinke,theme,frontend/Hyva/default
Address Information,Informacija o Adresi,theme,frontend/Hyva/default
Set a New Password,Postavi novu lozinku,theme,frontend/Hyva/default
Weak,Slabo,theme,frontend/Hyva/default
Medium,Srednje,theme,frontend/Hyva/default
Strong,Jako,theme,frontend/Hyva/default
Very Strong,Veoma jako,theme,frontend/Hyva/default
New Customers,Novi kupac,theme,frontend/Hyva/default
"Creating an account has many benefits: check out faster, keep more than one address, track orders and more.","Kreiranje Profila ima mnogo prednosti: brzu proveru, lak pristup prethodnim porudžbinama, mogućnost kreiranja spiska adresa i podešavanja.",theme,frontend/Hyva/default
Fax,Faks,theme,frontend/Hyva/default
Currency,Valuta,theme,frontend/Hyva/default
My Downloadable Products,Moji Preuzimljivi Proizvodi,theme,frontend/Hyva/default
Date,Datum,theme,frontend/Hyva/default
Title,Naslov,theme,frontend/Hyva/default
Download,Preuzimanje,theme,frontend/Hyva/default
Remaining Downloads,Preostala Preuzimanja,theme,frontend/Hyva/default
View Order,Pregledaj porudžbinu,theme,frontend/Hyva/default
Start Download,Započni Preuzimanje,theme,frontend/Hyva/default
You have not purchased any downloadable products yet.,Niste kupili ni jedan preuzimljivi proizvod do sada.,theme,frontend/Hyva/default
sample,uzorak,theme,frontend/Hyva/default
Unselect all,Poništi sve,theme,frontend/Hyva/default
Select all,Izaberi sve,theme,frontend/Hyva/default
To:,Za:,theme,frontend/Hyva/default
From:,Od:,theme,frontend/Hyva/default
Message,Poruka,theme,frontend/Hyva/default
Gift Message,Poklon poruka,theme,frontend/Hyva/default
Message:,Poruka:,theme,frontend/Hyva/default
Update,Ažuriraj,theme,frontend/Hyva/default
Clear,Očisti,theme,frontend/Hyva/default
Add Gift Options for the Entire Order,Dodaj Poklon Opcije za Celu Porudžbinu,theme,frontend/Hyva/default
Gift options,Poklon Opcije,theme,frontend/Hyva/default
Add Gift Options for Individual Items,Dodaj Poklon Opcije za Individualne Proizvode,theme,frontend/Hyva/default
Add Gift Options,Dodaj Poklon Opcije,theme,frontend/Hyva/default
Please specify the quantity of product(s).,Izaberite količinu proizvoda.,theme,frontend/Hyva/default
Product Name,Naziv proizvoda,theme,frontend/Hyva/default
Clear All,Očisti sve,theme,frontend/Hyva/default
Actual Price,Stvarna cena,theme,frontend/Hyva/default
Click for price,Kliknite za cenu,theme,frontend/Hyva/default
What's this?,Što je ovo?,theme,frontend/Hyva/default
Subscribe to Newsletter,Prijavi se na Newsletter,theme,frontend/Hyva/default
Newsletter,Bilten,theme,frontend/Hyva/default
Enter your email address,Unesite vašu email adresu,theme,frontend/Hyva/default
Subscribe,Pretplati se,theme,frontend/Hyva/default
Confirm,Potvrdi,theme,frontend/Hyva/default
Close,Zatvori,theme,frontend/Hyva/default
Express Checkout has been canceled.,Express Naplata je canceled.,theme,frontend/Hyva/default
Checkout with PayPal,Naplata with PayPal,theme,frontend/Hyva/default
We can't initialize Express Checkout.,We can't initialize Express Naplata.,theme,frontend/Hyva/default
Price change alert! We wanted you to know that prices have changed for these products:,Cena change alert! We wanted you to know that prices have changed for these products:,theme,frontend/Hyva/default
Price:,Cena:,theme,frontend/Hyva/default
Unsubscribe from all price alerts,Odjavi se sa svih obaveštenja o ceni,theme,frontend/Hyva/default
Unsubscribe from all stock alerts,Odjavi se sa svih obaveštenja o zalihama,theme,frontend/Hyva/default
Notify me when the price drops,Obavesti me kada cena padne,theme,frontend/Hyva/default
Notify me when this product is in stock,Obavesti me kada proizvod bude na zalihama,theme,frontend/Hyva/default
My Product Reviews,My Proizvod Recenzije,theme,frontend/Hyva/default
Items,Stavke,theme,frontend/Hyva/default
Write Your Own Review,Write Your Own Recenzija,theme,frontend/Hyva/default
Your Rating,Your Ocena,theme,frontend/Hyva/default
Review,Recenzija,theme,frontend/Hyva/default
Submit Review,Pošalji Recenzija,theme,frontend/Hyva/default
Be the first to review this product,Ocenite ovaj proizvod,theme,frontend/Hyva/default
Customer Reviews,Kupac Recenzije,theme,frontend/Hyva/default
Review by,Pregled od strane,theme,frontend/Hyva/default
Order Information,Informacije o porudžbini,theme,frontend/Hyva/default
Order ID,ID porudžbine,theme,frontend/Hyva/default
Find Order By,Pronađi porudžbinu po,theme,frontend/Hyva/default
ZIP Code,Poštanski broj,theme,frontend/Hyva/default
Billing Last Name,Prezime za Naplatu,theme,frontend/Hyva/default
Billing ZIP Code,Poštanski broj za naplatu,theme,frontend/Hyva/default
Continue,Nastavi,theme,frontend/Hyva/default
Order # %1,Porudžbina #%1,theme,frontend/Hyva/default
Refund #,Refundacija #,theme,frontend/Hyva/default
Print Refund,Štampaj refundaciju,theme,frontend/Hyva/default
Discount Amount,Iznos popusta,theme,frontend/Hyva/default
Row Total,Red ukupno,theme,frontend/Hyva/default
My Orders,Moje porudžbine,theme,frontend/Hyva/default
Ship To,Dostava Na,theme,frontend/Hyva/default
Order Total,Ukupan iznos,theme,frontend/Hyva/default
View,Pregled,theme,frontend/Hyva/default
Reorder,Ponovo Naruči,theme,frontend/Hyva/default
Billing Address,Adresa za fakturisanje,theme,frontend/Hyva/default
Shipping Address,Adresa za isporuku,theme,frontend/Hyva/default
Shipping Method,Način dostave,theme,frontend/Hyva/default
No shipping information available,Ne shipping information available,theme,frontend/Hyva/default
Payment Method,Način plaćanja,theme,frontend/Hyva/default
Print Order,Štampanje narudžbine,theme,frontend/Hyva/default
Print All Refunds,Štampaj sve refundacije,theme,frontend/Hyva/default
Print All Invoices,Štampaj sve fakture,theme,frontend/Hyva/default
Print All Shipments,Štampaj sve isporuke,theme,frontend/Hyva/default
Invoice #,Faktura #,theme,frontend/Hyva/default
Print Invoice,Štampaj fakturu,theme,frontend/Hyva/default
Qty Invoiced,Fakturisana kol.,theme,frontend/Hyva/default
SKU,Šifra,theme,frontend/Hyva/default
Qty Shipped,Isporučena kol.,theme,frontend/Hyva/default
Ordered,Porućeno,theme,frontend/Hyva/default
Shipped,Isporučeno,theme,frontend/Hyva/default
Canceled,Otkazano,theme,frontend/Hyva/default
Refunded,Povraćen novac,theme,frontend/Hyva/default
About Your Order,O vašoj porudžbini,theme,frontend/Hyva/default
Recent Orders,Nedavne porudžbine,theme,frontend/Hyva/default
View All,Prikaži svе,theme,frontend/Hyva/default
You have placed no orders.,Niste izvršili nijednu porudžbinu.,theme,frontend/Hyva/default
Shipment #,Isporuke #,theme,frontend/Hyva/default
Print Shipment,Štampaj isporuku,theme,frontend/Hyva/default
Tracking Number(s):,Broj za praćenje:,theme,frontend/Hyva/default
Items Ordered,Poručeni artikli,theme,frontend/Hyva/default
Gift Message for This Order,Poklon poruka za ovu porudžbinu,theme,frontend/Hyva/default
Recently Ordered,Nedavne porudžbine,theme,frontend/Hyva/default
Last Ordered Items,Poslednji poručeni artikli,theme,frontend/Hyva/default
There are no search terms available.,Nema dostupnih pojmova pretrage.,theme,frontend/Hyva/default
Email to a Friend,Pošalji Prijatelju,theme,frontend/Hyva/default
Sender,Pošiljalac,theme,frontend/Hyva/default
Invitee,Pozivnice,theme,frontend/Hyva/default
Remove,Ukloni,theme,frontend/Hyva/default
Add Invitee,Dodaj Pozivnicu,theme,frontend/Hyva/default
Send Email,Pošalji email,theme,frontend/Hyva/default
Order tracking,Praćenje porudžbina,theme,frontend/Hyva/default
Tracking Number:,Broj za praćenje:,theme,frontend/Hyva/default
Carrier:,Kurirska služba:,theme,frontend/Hyva/default
Error:,Greška:,theme,frontend/Hyva/default
Tracking information is currently not available. Please,Informacije o praćenju Pošiljke trenutno nisu dostupne. Molimo vas,theme,frontend/Hyva/default
contact us,kontaktirajte nas,theme,frontend/Hyva/default
for more information or,za više informacija ili,theme,frontend/Hyva/default
email us at,pošaljite nam e-mail na,theme,frontend/Hyva/default
Info:,Informacija:,theme,frontend/Hyva/default
Track:,Prati:,theme,frontend/Hyva/default
N/A,N/A - nije dostupno,theme,frontend/Hyva/default
There is no tracking available for this shipment.,Ovde nije dostupno praćenje za ovu pošiljku.,theme,frontend/Hyva/default
There is no tracking available.,Nije dostupno praćenje pošiljke.,theme,frontend/Hyva/default
Language,Jezik,theme,frontend/Hyva/default
Select Store,Izaberi prodavnicu,theme,frontend/Hyva/default
Tax,Porez,theme,frontend/Hyva/default
You removed the item.,Vi ste uklonili stavku.,theme,frontend/Hyva/default
My Cart,Korpa,theme,frontend/Hyva/default
Sku,Šifra,theme,frontend/Hyva/default
Checkout,Plaćanje,theme,frontend/Hyva/default
View and Edit Cart,Pregled i Izmena Korpe,theme,frontend/Hyva/default
Details,Detalji,theme,frontend/Hyva/default
Orders and Returns,Orders and Povraćaji,theme,frontend/Hyva/default
Search Terms,Pojmovi za pretragu,theme,frontend/Hyva/default
%1 items,%1 stavke,theme,frontend/Hyva/default
Minimum Search query length is %1,Minimalna dužina niza pretrage je %1,theme,frontend/Hyva/default
Store,Prodavnica,theme,frontend/Hyva/default
Search entire store here...,Ovde Pretražite celu prodavnicu...,theme,frontend/Hyva/default
This is a demo store. No orders will be fulfilled.,This is a demo store. Ne orders will be fulfilled.,theme,frontend/Hyva/default
%1 Item(s),%1 artikal/artikala,theme,frontend/Hyva/default
Page,Stranica,theme,frontend/Hyva/default
You're currently reading page,Trenutno čitate stranicu,theme,frontend/Hyva/default
Stored Payment Methods,Stored Plaćanje Methods,theme,frontend/Hyva/default
Expiration Date,Datum isteka,theme,frontend/Hyva/default
Type,Tip,theme,frontend/Hyva/default
Actions,Radnje,theme,frontend/Hyva/default
ending,krajnji,theme,frontend/Hyva/default
PayPal Account,PayPal nalog,theme,frontend/Hyva/default
Share Wish List,Share Wish Lista,theme,frontend/Hyva/default
Add All to Cart,Dodaj Sve to Korpa,theme,frontend/Hyva/default
My Wish List,Moja lista želja,theme,frontend/Hyva/default
Comment,Komentar,theme,frontend/Hyva/default
This Wish List has no Items,This Wish Lista has no Items,theme,frontend/Hyva/default
See Details,Pogledaj detalje,theme,frontend/Hyva/default
Options Details,Detalji Opcija,theme,frontend/Hyva/default
Move to Wishlist,Premesti to Lista želja,theme,frontend/Hyva/default
Wish List is empty now.,Wish Lista is empty now.,theme,frontend/Hyva/default
"Please enter valid email addresses, separated by commas. For example, johndoe@domain.com, johnsmith@domain.com.","Molimo unesite valid email addresses, separated by commas. For example, johndoe@domain.com, johnsmith@domain.com.",theme,frontend/Hyva/default
Sharing Information,Deljenje Informacija,theme,frontend/Hyva/default
"Email addresses, separated by commas","E-pošta addresses, separated by commas",theme,frontend/Hyva/default
%1 has been removed from your Wish List.,%1 je removed from your Wish Lista.,theme,frontend/Hyva/default
Go to Wish List,Go to Wish Lista,theme,frontend/Hyva/default
Add Row,Dodaj red,module,Hyva_Widgets
Center,Centrirano,module,Hyva_Widgets
label,oznaka,module,Hyva_Widgets
Action,Akcija,module,Hyva_Widgets
Delete image,Obriši sliku,module,Hyva_Widgets
Delete,Obrisati,module,Hyva_Widgets
Show more,Prikaži more,module,Hyva_SmileElasticsuite
1 item,1 stavka,module,Hyva_SmileElasticsuite
items,stavke,module,Hyva_SmileElasticsuite
Maximum value,Maksimalna vrednost,module,Hyva_SmileElasticsuite
Shop By,Kupiti po,module,Hyva_SmileElasticsuite
Search entire store here...,Ovde Pretražite celu prodavnicu...,module,Hyva_SmileElasticsuite
Add,Dodaj,module,Hyva_ThemeFallback
Add,Dodaj,module,Hyva_Theme
"""model"" value should be specified","Vrednost ""modela"" treba biti određena",module,Hyva_Theme
Could not authenticate. Please try again later,Autentifikacija nije uspela. Molimo pokušajte kasnije,module,Hyva_Theme
AM,Pre podne,module,Hyva_Theme
PM,Posle podne,module,Hyva_Theme
of,od,module,Hyva_Theme
"""%1"" is not a valid file extension.","""%1"" nije validna ekstenzija za fajl.",module,Hyva_Theme
"""%1"" width exceeds allowed value of %2 px.","""%1"" širina prelazi dozvoljenu vrednost od %2 px.",module,Hyva_Theme
"""%1"" height exceeds allowed value of %2 px.","""%1"" visina prelazi dozvoljenu vrednost od %2 px.",module,Hyva_Theme
Please use letters only (a-z or A-Z) in this field.,Molimo koristite samo slova (a-z ili A-Z) u ovom polju.,module,Hyva_Theme
Please use only letters (a-z or A-Z) or numbers (0-9) in this field. No spaces or other characters are allowed.,"Molimo koristite samo slova (a-z ili A-Z), brojeve (0-9) u ovom polju. Razmak ili drugi karakteri nisu dozvoljeni.",module,Hyva_Theme
"Please use only letters (a-z or A-Z), numbers (0-9) or spaces only in this field.","Molimo koristite samo slova (a-z ili A-Z), brojeve (0-9) ili razmake u ovom polju.",module,Hyva_Theme
Cancel,Odustani,module,Hyva_Theme
This is a required field.,Ovo polje je neophodno.,module,Hyva_Theme
Please enter a valid email address (Ex: johndoe@domain.com).,Molimo unesite ispravnu email adresu (Na primer: johndoe@domain.com).,module,Hyva_Theme
An authentication error occurred. Verify and try again.,Greška prilikom autentikacije. Proverite i pokušajte ponovo.,module,Magento_AdminAdobeIms
The account sign-in was incorrect or your account is disabled temporarily. Please wait and try again later.,Ulogovali ste se sa pogrešnom šifrom ili je Vaš nalog privremeno onemogućen. Molimo sačekajte i pokušajte ponovo kasnije.,module,Magento_AdminAdobeIms
More permissions are needed to access this.,Treba vam više dozvola da bi pristupili.,module,Magento_AdminAdobeIms
Sign In,Prijava,module,Magento_AdminAdobeIms
Read Details,Pročitajte detalje,module,Magento_AdminNotification
Mark as Read,Označi kao pročitano,module,Magento_AdminNotification
Remove,Ukloni,module,Magento_AdminNotification
Messages Inbox,Sanduče,module,Magento_AdminNotification
You have %1 new system messages,Imate %1 novih sistemskih poruka,module,Magento_AdminNotification
You have %1 new system message,Imate %1 novu sistemskiu poruku,module,Magento_AdminNotification
Incoming Message,Dolazeća poruka,module,Magento_AdminNotification
close,zatvori,module,Magento_AdminNotification
Notifications,Obaveštenja,module,Magento_AdminNotification
The message has been marked as Read.,Poruka je označena kao pročitana.,module,Magento_AdminNotification
We couldn't mark the notification as Read because of an error.,Nismo mogli označiti obaveštenje kao pročitano zbog greške.,module,Magento_AdminNotification
Please select messages.,Molimo odaberite poruke.,module,Magento_AdminNotification
A total of %1 record(s) have been marked as Read.,Ukupno %1 zapis(a) je označeno kao pročitano.,module,Magento_AdminNotification
Total of %1 record(s) have been removed.,Ukupno %1 zapis(a) je označeno kao uklonjeno.,module,Magento_AdminNotification
We couldn't remove the messages because of an error.,Nismo mogli ukloniti poruke zbog greške.,module,Magento_AdminNotification
The message has been removed.,Poruka je uklonjena.,module,Magento_AdminNotification
You have viewed and resolved all recent system notices. Please refresh the web page to clear the notice alert.,Pregledali ste i rešili sve nedavne sistemske notifikacije. Osvežite web stranicu da biste očistili obaveštenje.,module,Magento_AdminNotification
1 Hour,1 sat,module,Magento_AdminNotification
2 Hours,2 sata,module,Magento_AdminNotification
6 Hours,6 sati,module,Magento_AdminNotification
12 Hours,12 sati,module,Magento_AdminNotification
24 Hours,24 sata,module,Magento_AdminNotification
critical,kritično,module,Magento_AdminNotification
major,glavni,module,Magento_AdminNotification
minor,manji,module,Magento_AdminNotification
notice,napomena,module,Magento_AdminNotification
Wrong message type,Pogrešna poruka,module,Magento_AdminNotification
Wrong notification ID specified.,Pogrešno navedena ID oznaka.,module,Magento_AdminNotification
"{{base_url}} is not recommended to use in a production environment to declare the Base Unsecure URL / Base Secure URL. We highly recommend changing this value in your Magento <a href=""%1"">configuration</a>.","{{base_url}} se ne preporučuje za korišćenje u proizvodnom okruženju za opis osnovnog Nesigurnog URL/ Sigurnosnog URL. Zbog toga se preporučuje promena ove vrednosti u vaš Magento <a href=""%1"">konfiguraciju</a>.",module,Magento_AdminNotification
One or more of the Cache Types are invalidated: %1.,Jedan ili više tipova keša su poništeni: %1.,module,Magento_AdminNotification
"Please go to <a href=""%1"">Cache Management</a> and refresh cache types.","Idite na <a href=""%1"">za upravljanje kešom</a> i osvežite tipove keša.",module,Magento_AdminNotification
We were unable to synchronize one or more media files. Please refer to the log file for details.,Nije bilo moguće sinhronizovati jednu ili više medijskih datoteka. Pogledajte dnevnik evidencije za detalje.,module,Magento_AdminNotification
Synchronization of media storages has been completed.,Sinhronizacija skladišta medija je dovršeno.,module,Magento_AdminNotification
Your web server is set up incorrectly and allows unauthorized access to sensitive files. Please contact your hosting provider.,Vaš web server je neispravno podešen i omogućava neovlašćeni pristup osetljivim datotekama. Molimo vas da kontaktirate vašeg provajdera.,module,Magento_AdminNotification
System Messages:,Sistemske poruke:,module,Magento_AdminNotification
Critical System Messages,Kritične sistemske prouke,module,Magento_AdminNotification
Major System Messages,Važne sistemske poruke,module,Magento_AdminNotification
System messages,Sistemske poruke,module,Magento_AdminNotification
Close,Zatvori,module,Magento_AdminNotification
See All (,Pogledaj Sve (,module,Magento_AdminNotification
unread),nepročitane),module,Magento_AdminNotification
Something went wrong.,Nešto krenulo naopako.,module,Magento_AdobeIms
button_label,oznaka dugmeta,module,Magento_AdobeStockAdminUi
Category,Kategorija,module,Magento_AdobeStockImageAdminUi
None,Ništa,module,Magento_AdobeStockImageAdminUi
Error,Greška,module,Magento_AdobeStockImageAdminUi
label,oznaka,module,Magento_AdobeStockImageAdminUi
Yes,Da,module,Magento_AdobeStockImageAdminUi
All,Sve,module,Magento_AdobeStockImageAdminUi
Please correct the data sent.,Ispravite poslate podatke.,module,Magento_AdvancedPricingImportExport
Entity type model '%1' is not found,Model tipa entitet '%1' nije pronađen,module,Magento_AdvancedPricingImportExport
Entity type model must be an instance of \Magento\CatalogImportExport\Model\Export\Product\Type\AbstractType,Model za tip entiteta mora biti instanca \Magento\CatalogImportExport\Model\Export\Product\Type\AbstractType,module,Magento_AdvancedPricingImportExport
There are no product types available for export,Nema dostupnih tipova proizvoda za izvoz,module,Magento_AdvancedPricingImportExport
Related Search Terms,Srodni termini za pretragu,module,Magento_AdvancedSearch
Add New Search Term,Dodaj novi termin za pretragu,module,Magento_AdvancedSearch
button_label,oznaka dugmeta,module,Magento_AdvancedSearch
Missing search engine parameter.,Nedostaje argument za pretraživanje.,module,Magento_AdvancedSearch
Successful! Test again?,Uspešno! Želite ponovno testiranje?,module,Magento_AdvancedSearch
Connection failed! Test again?,Povezivanje nije uspelo! Želite da ponovite testiranje?,module,Magento_AdvancedSearch
Subscription status,Status pretplate,module,Magento_Analytics
"Sorry, there has been an error processing your request. Please try again later.","Izvinite, dogodila se greška pri obradi vašeg zahteva. Pokušajte ponovo kasnije.",module,Magento_Analytics
The time value is using an unsupported format. Enter a supported format and try again.,Vrednost vremena koristi nepodržan format. Unesite podržani format i pokušajte ponovo.,module,Magento_Analytics
Cron settings can't be saved,Podešavanje Kron-a ne može biti sačuvano,module,Magento_Analytics
There was an error save new configuration value.,Došlo je do greške pri snimanju novih konfiguracionih vrednosti.,module,Magento_Analytics
Please select an industry.,Odaberite državu.,module,Magento_Analytics
--Please Select--,--- Molimo odaberite ---,module,Magento_Analytics
The data is invalid. Enter the data as a string or data that can be converted into a string and try again.,Podaci su nevažeći. Unesite podatke kao string ili podatak koji se može prevesti u string i pokušajte ponovo.,module,Magento_Analytics
The data is invalid. Enter the data as a string and try again.,Podaci su nevažeći. Unesite podatke kao string i pokušajte ponovo.,module,Magento_Analytics
The data is invalid. Use a valid cipher method and try again.,Podaci su nevažeći. Koristite ispravan metod šifriranja i pokušajte ponovo.,module,Magento_Analytics
Enter the encryption key and try again.,Unesit ključ za enkripciju i pokušajte ponovo.,module,Magento_Analytics
"The ""%1"" source doesn't exist.","""%1"" izvor ne postoji.",module,Magento_Analytics
"These arguments can't be empty ""%1""","Ovi argumenti ne mogu biti prazni ""%1""",module,Magento_Analytics
Cannot find predefined integration user!,Nije moguće pronaći korisnički definisane integracije!,module,Magento_Analytics
File is not ready yet.,Datoteka još uvek nije spremna.,module,Magento_Analytics
Your Base URL has been changed and your reports are being updated. Advanced Reporting will be available once this change has been processed. Please try again later.,Tvoj osnovni URL je promenjen i izvještaji se ažuriraju. Više opcija za izveštavanje biće na raspolaganju kada ova promena bude obrađena. Pokušajte ponovo kasnije.,module,Magento_Analytics
Failed to synchronize data to the Magento Business Intelligence service.,Greška u sinhronizaciji podataka sa Magento poslovnim servisom inteligencije.,module,Magento_Analytics
Retry Synchronization,Pokušaj ponovo Sinhronizaciju,module,Magento_Analytics
TestMessage,Test poruka,module,Magento_Analytics
Apps and Games,Aplikacije i igre,module,Magento_Analytics
Athletic/Sporting Goods,Sportski/sportske opreme,module,Magento_Analytics
Art and Design,Umetnost i dizajn,module,Magento_Analytics
Advanced Reporting,Napredna podešavanja,module,Magento_Analytics
"Gain new insights and take command of your business' performance, using our dynamic product, order, and customer reports tailored to your customer data.","Nov pogled na stvari i preuzimanje komande nad performansama vašeg poslovanja, koristeći dinamičke proizvode, narudžbe i izveštaj o kupcima prilagodene vašim potrebama.",module,Magento_Analytics
Go to Advanced Reporting,Idi na napredne opcije za izveštavanje,module,Magento_Analytics
Back,Nazad,module,Magento_AsynchronousOperations
Done,Gotovo,module,Magento_AsynchronousOperations
Retry,Pokušaj ponovo,module,Magento_AsynchronousOperations
'Action Details - #' .,'Pogledaj detalje - #' .,module,Magento_AsynchronousOperations
"%1 item(s) have been scheduled for update.""",%1 stavka(e) su planirane za ažuriranje”,module,Magento_AsynchronousOperations
Bulk Actions Log,Evidencija masovnih radnji,module,Magento_AsynchronousOperations
Bulk uuid %bulkUuid not exist,Grupni uuid %bulkUuid ne postoji,module,Magento_AsynchronousOperations
Topic %1,Tema %1,module,Magento_AsynchronousOperations
Something went wrong while processing the request.,Došlo je do greške prilikom obrade zahteva.,module,Magento_AsynchronousOperations
Error processing %key element of input data,Greška u obradi elementa %key u ulaznim podacima,module,Magento_AsynchronousOperations
"Sorry, something went wrong during product prices update. Please see log for details.",Došlo je do greške prilikom ažuriranja cena proizvoda. Molimo pogledajte log za detalje.,module,Magento_AsynchronousOperations
%1 item(s) are currently being updated.,%1 stavka(i) se trenutno ažurira.,module,Magento_AsynchronousOperations
"Task ""%1"":",Zadatak „%1”:,module,Magento_AsynchronousOperations
%1 item(s) have been scheduled for update.,%1 stavka(e) su planirane za ažuriranje”.,module,Magento_AsynchronousOperations
%1 item(s) have been successfully updated.,%1 stavka(e) su planirane za ažuriranje”.,module,Magento_AsynchronousOperations
%1 item(s) failed to update,%1 stavka(i) se nije uspelo ažurirati,module,Magento_AsynchronousOperations
Details,Detalji,module,Magento_AsynchronousOperations
View Details,Pogledaj detalje,module,Magento_AsynchronousOperations
Dismiss,Odbaci,module,Magento_AsynchronousOperations
"Pending, in queue...","Neobrađeno, u redu čekanja...",module,Magento_AsynchronousOperations
%1 items selected for mass update,%1 stavki je odabrano za masovno ažuriranje,module,Magento_AsynchronousOperations
", %1 successfully updated",", %1 je uspešno ažurirano",module,Magento_AsynchronousOperations
", %1 failed to update",", %1 se nije uspelo ažurirati",module,Magento_AsynchronousOperations
The role wasn't found for the user. Verify the role and try again.,Uloga za korisnika nije pronađena. Proverite ulogu i pokušajte ponovo.,module,Magento_Authorization
Something went wrong while compiling a list of allowed resources. You can find out more in the exceptions log.,Nešto je krenulo naopako za vreme sastavljanja liste dozvoljenih resursa. Više o greškama možete pogledati u evidenciji greški.,module,Magento_Authorization
Invalid Form Key. Please refresh the page.,Nevažeća šifra za formu. Molim osvežite stranicu.,module,Magento_Backend
You entered an invalid Secret Key. Please refresh the page.,Uneli ste pogrešnu tajnu šifru. Molim osvežite stranicu.,module,Magento_Backend
Invalid security or form key. Please refresh the page.,Nevažeći sigurnosni ili ključ forme. Molimo osvežite stranicu.,module,Magento_Backend
Cache Storage Management,Upravljanje skladištem keša,module,Magento_Backend
Flush Magento Cache,Isprazni Magento keš,module,Magento_Backend
The cache storage may contain additional data. Are you sure that you want to flush it?,Skladište keša može da sadrži dodatne podatke. Da li ste sigurni da želite da se isprazni?,module,Magento_Backend
Flush Cache Storage,Isprazni skladište keša,module,Magento_Backend
Invalidated,Poništeni,module,Magento_Backend
Orders,Porudžbine,module,Magento_Backend
Amounts,Iznos,module,Magento_Backend
Bestsellers,Najprodavaniji,module,Magento_Backend
Most Viewed Products,Najčešće pregledani proizvodi,module,Magento_Backend
New Customers,Novi kupac,module,Magento_Backend
Customers,Kupci,module,Magento_Backend
Customer,Kupac,module,Magento_Backend
Guest,Gost,module,Magento_Backend
Items,Stavke,module,Magento_Backend
Total,Ukupno,module,Magento_Backend
Lifetime Sales,Totalna rasprodaja,module,Magento_Backend
Average Order,Prosečna porudžbina,module,Magento_Backend
Average,Prosek,module,Magento_Backend
Product,Proizvod,module,Magento_Backend
Price,Cena,module,Magento_Backend
Quantity,Količina,module,Magento_Backend
Views,Pregledi,module,Magento_Backend
Revenue,Prihod,module,Magento_Backend
Tax,Porez,module,Magento_Backend
Shipping,Dostava,module,Magento_Backend
"Images (.gif, .jpg, .png)","Slike (.gif, .jpg, .png)",module,Magento_Backend
"Media (.avi, .flv, .swf)","Mediji (.avi, .flv, .swf)",module,Magento_Backend
All Files,Sve datoteke,module,Magento_Backend
Reset to Default,Vrati na fabrička podešavanja,module,Magento_Backend
All Store Views,Svi pregledi prodavnica,module,Magento_Backend
What is this?,Šta je ovo?,module,Magento_Backend
Save Account,Sačuvaj nalog,module,Magento_Backend
My Account,Moj nalog,module,Magento_Backend
Account Information,Informacije o korisničkom nalogu,module,Magento_Backend
User Name,Korisničko ime,module,Magento_Backend
First Name,Ime,module,Magento_Backend
Last Name,Prezime,module,Magento_Backend
Email,E-pošta,module,Magento_Backend
User Email,Korisnička e-pošta,module,Magento_Backend
New Password,Nova lozinka,module,Magento_Backend
Password Confirmation,Ponoviti lozinku,module,Magento_Backend
Interface Locale,Lokalni interfejs,module,Magento_Backend
Current User Identity Verification,Verifikacija identiteta trenutnog korisnika,module,Magento_Backend
Your Password,Vaša lozinka,module,Magento_Backend
Save Cache Settings,Sačuvaj postavke keširanja,module,Magento_Backend
Catalog Rewrites,Katalog ponovo napisati,module,Magento_Backend
Refresh,Osveži,module,Magento_Backend
Images Cache,Keširane slike,module,Magento_Backend
Clear,Očisti,module,Magento_Backend
Search Index,Indeks za pretragu,module,Magento_Backend
Rebuild,Napravi ponovo,module,Magento_Backend
Inventory Stock Status,Berzanski Status zaliha,module,Magento_Backend
Rebuild Catalog Index,Ponovno pravljenje indeksa kataloga,module,Magento_Backend
Rebuild Flat Catalog Category,Rekonstruiši katalog kategorija,module,Magento_Backend
Rebuild Flat Catalog Product,Rekonstruiši katalog proizvoda,module,Magento_Backend
Cache Control,Kontrola keša,module,Magento_Backend
All Cache,Sav keš,module,Magento_Backend
No change,Bez promene,module,Magento_Backend
Disable,Onemogući,module,Magento_Backend
Enable,Omogući,module,Magento_Backend
Add Design Change,Dodaj promene dizajna,module,Magento_Backend
Back,Nazad,module,Magento_Backend
Are you sure?,Da li ste sigurni?,module,Magento_Backend
Delete,Obrisati,module,Magento_Backend
Save,Sačuvaj,module,Magento_Backend
Edit Design Change,Uredi promene dizajna,module,Magento_Backend
New Store Design Change,Promene dizajna nove prodavnice,module,Magento_Backend
General Settings,Opšte postavke,module,Magento_Backend
Store,Prodavnica,module,Magento_Backend
-- Please Select --,-- Molim odaberite --,module,Magento_Backend
Custom Design,Prilagođeni dizajn,module,Magento_Backend
Date From,Datum od,module,Magento_Backend
Date To,Datum do,module,Magento_Backend
Design Change,Promena dizajna,module,Magento_Backend
General,Opšte,module,Magento_Backend
Cancel,Odustani,module,Magento_Backend
Delete %1 '%2',Obriši %1 „%2”,module,Magento_Backend
Delete %1,Obriši %1,module,Magento_Backend
Block Information,Blok informacija,module,Magento_Backend
Backup Options,Opcije rezervnih kopija,module,Magento_Backend
No,Ne,module,Magento_Backend
Yes,Da,module,Magento_Backend
Create DB Backup,Kreiraj rezervne kopije DB,module,Magento_Backend
Delete Store,Brisanje prodavnice,module,Magento_Backend
Delete Web Site,Brisanje Web lokacije,module,Magento_Backend
Save Web Site,Čuvanje Web lokacije,module,Magento_Backend
Save Store,Čuvanje prodavnice,module,Magento_Backend
Save Store View,Sačuvaj prikaz prodavnice,module,Magento_Backend
Delete Store View,Brisanje prikaza prodavnice,module,Magento_Backend
Edit Web Site,Uređivanje Web lokacije,module,Magento_Backend
New Web Site,Nova Web lokacija,module,Magento_Backend
Edit Store,Uređivanje prodavnice,module,Magento_Backend
New Store,Nova prodavnica,module,Magento_Backend
Edit Store View,Uredi prikaz prodavnice,module,Magento_Backend
New Store View,Novi prikaz prodavnice,module,Magento_Backend
Store Information,Sačuvaj informacije,module,Magento_Backend
Web Site,Web lokacija,module,Magento_Backend
Name,Ime,module,Magento_Backend
Code,Kod,module,Magento_Backend
Root Category,Root kategorija,module,Magento_Backend
Default Store View,Prikaz podrazumevane prodavnice,module,Magento_Backend
Store View Information,Prikaz informacija o prodavnici,module,Magento_Backend
Disabled,Onemogućeno,module,Magento_Backend
Enabled,Omogućeno,module,Magento_Backend
Sort Order,Redosled porudžbina,module,Magento_Backend
Web Site Information,Informacije o Web lokaciji,module,Magento_Backend
Default Store,Podrazumevana prodavnica,module,Magento_Backend
Set as Default,Postavi kao zadani,module,Magento_Backend
Stores,Prodavnice,module,Magento_Backend
Create Website,Kreiranje Web lokacija,module,Magento_Backend
Create Store,Napravi prodavnicu,module,Magento_Backend
Create Store View,Kreiranje prikaza prodavnice,module,Magento_Backend
Home,Početna,module,Magento_Backend
Reset,Resetovati,module,Magento_Backend
Are you sure you want to do this?,Jeste li sigurni da želite da uradite ovo?,module,Magento_Backend
label,oznaka,module,Magento_Backend
Add New Image,Dodaj novu sliku,module,Magento_Backend
Export block for grid %1 is not defined,Izvoz bloka za koordinatnu mrežu %1 nije definisan,module,Magento_Backend
Reset Filter,Poništavanje filtera,module,Magento_Backend
Search,Pretraga,module,Magento_Backend
Any,Bilo koji,module,Magento_Backend
All Countries,Sve zemlje,module,Magento_Backend
From,Od,module,Magento_Backend
To,Do,module,Magento_Backend
Date selector,Izbor datuma,module,Magento_Backend
[ deleted ],[izbrisan],module,Magento_Backend
Select All,Izaberi sve,module,Magento_Backend
[deleted],[izbrisan],module,Magento_Backend
We couldn't find any records.,Nismo pronašli ni jedan zapis.,module,Magento_Backend
Add New,Dodaj Novo,module,Magento_Backend
Invalid export type supplied for grid export block,Nevažeći tip izvoza obezbeđen za izvoza bloka,module,Magento_Backend
Export,Izvezi,module,Magento_Backend
Please correct the column format and try again.,Ispravite oblik kolone i pokušajte ponovo.,module,Magento_Backend
An item needs to be selected. Select and try again.,Morate odabrati artikl. Odaberite i pokušajte ponovo.,module,Magento_Backend
Submit,Pošalji,module,Magento_Backend
Unknown block type,Nepoznati tip bloka,module,Magento_Backend
Please correct the tab configuration and try again. Tab Id should be not empty,Molim vas ispravite konfiguraciju kartice i pokušajte ponovo. Id kartice ne sme biti prazan,module,Magento_Backend
Please correct the tab configuration and try again.,Ispravite konfiguraciju kartice i pokušajte ponovo.,module,Magento_Backend
You have logged out.,Odjavili ste se.,module,Magento_Backend
These cache type(s) don't exist: %1,Ova vrsta keša ne postoji: %1,module,Magento_Backend
The image cache was cleaned.,Slika keša je obrisana.,module,Magento_Backend
An error occurred while clearing the image cache.,Pojavila se greška prilikom brisanje slika keša.,module,Magento_Backend
The JavaScript/CSS cache has been cleaned.,Keš JavaScript/CSS je obrisan.,module,Magento_Backend
An error occurred while clearing the JavaScript/CSS cache.,Pojavila se greška prilikom brisanje keša JavaScript/CSS.,module,Magento_Backend
The static files cache has been cleaned.,Keš statičkih datoteka obrisan.,module,Magento_Backend
You flushed the cache storage.,Obrisali ste keš skladišta.,module,Magento_Backend
The Magento cache storage has been flushed.,Keš skladište Magenta je obrisan.,module,Magento_Backend
Cache Management,Upravljanje kešom,module,Magento_Backend
You can't change status of cache type(s) in production mode,Ne možete promeniti status tipovima keš(a) u proizvodnom režimu,module,Magento_Backend
%1 cache type(s) disabled.,%1 keš tipov(im)a je onemogućen.,module,Magento_Backend
An error occurred while disabling cache.,Pojavila se greška prilikom onemogućavanja keša.,module,Magento_Backend
%1 cache type(s) enabled.,%1 keš tipov(im)a je omogućen.,module,Magento_Backend
An error occurred while enabling cache.,Pojavila se greška prilikom omogućavanja keša.,module,Magento_Backend
%1 cache type(s) refreshed.,%1 keš tipov(im)a je osvežen.,module,Magento_Backend
An error occurred while refreshing cache.,Pojavila se greška prilikom osvežavanja keša.,module,Magento_Backend
Dashboard,Kontrolna tabla,module,Magento_Backend
We updated lifetime statistic.,Ažurirali smo svu statistiku.,module,Magento_Backend
We can't refresh lifetime statistics.,Ne možemo osvežiti svu statistiku.,module,Magento_Backend
invalid request,nevažeći zahtev,module,Magento_Backend
see error log for details,pogledati dnevnik grešaka za detalje,module,Magento_Backend
Service unavailable: %1,Usluga nije dostupna: %1,module,Magento_Backend
Error,Greška,module,Magento_Backend
Access Denied.,Pristup je odbijen.,module,Magento_Backend
You need more permissions to do this.,Potrebno vam je više dozvola za pristup ovom.,module,Magento_Backend
No search modules were registered,Nema registrovanih modula za pretragu,module,Magento_Backend
Please make sure that all global admin search modules are installed and activated.,Uverite se da su svi admin globalni moduli za pretragu instalirani i aktivirani.,module,Magento_Backend
You saved the account.,Sačuvali ste nalog.,module,Magento_Backend
An error occurred while saving account.,Došlo je do greške pri snimanju naloga.,module,Magento_Backend
You deleted the design change.,Vi ste obrisali promene dizajna.,module,Magento_Backend
You can't delete the design change.,Ne možete obrisati promene dizajna.,module,Magento_Backend
Store Design,Dizajn prodavnice,module,Magento_Backend
Edit Store Design Change,Uredi promene dizajna prodavnice,module,Magento_Backend
You saved the design change.,Sačuvali ste promene dizajna.,module,Magento_Backend
System,Sistem,module,Magento_Backend
Manage Stores,Upravljanje prodavnicama,module,Magento_Backend
The database was backed up.,Napravljena je rezervna kopija baze podataka.,module,Magento_Backend
We can't create a backup right now. Please try again later.,Ne možemo napraviti rezervnu kopiju sada. Pokušajte kasnije.,module,Magento_Backend
"Deleting a %1 will not delete the information associated with the %1 (e.g. categories, products, etc.), but the %1 will not be able to be restored. It is suggested that you create a database backup before deleting the %1.","Brisanje je %1 neće izbrisati informacije povezane sa %1 (tj. kategorije, proizvodi, itd.), ali %1 se neće moći obnoviti. Poželjno je da kreirate rezervnu kopiju baze podataka pre brisanja %1.",module,Magento_Backend
Something went wrong. Please try again.,Nešto je pošlo naopako. Pokušaj ponovo.,module,Magento_Backend
This store cannot be deleted.,Prodavnicu nije moguće izbrisati.,module,Magento_Backend
You deleted the store.,Obrisali ste prodavnicu.,module,Magento_Backend
Unable to delete the store. Please try again later.,Nije moguće obrisati prodavnicu. Pokušajte ponovo kasnije.,module,Magento_Backend
This store view cannot be deleted.,Ovaj prikaz prodavnice nije moguće obrisati.,module,Magento_Backend
Store View,Prikaz prodavnice,module,Magento_Backend
You deleted the store view.,Obrisali ste prikaz prodavnice.,module,Magento_Backend
Unable to delete the store view. Please try again later.,Nije moguće obrisati prikaz prodavnice. Molim pokušati kasnije.,module,Magento_Backend
This website cannot be deleted.,Ovu web lokaciju nije moguće obrisati.,module,Magento_Backend
You deleted the website.,Obrisali ste web lokaciju.,module,Magento_Backend
Unable to delete the website. Please try again later.,Nije moguće obrisati web lokaciju. Molim pokušajte kasnije.,module,Magento_Backend
The website does not exist.,Web lokacija ne postoji.,module,Magento_Backend
Before modifying the website code please make sure it is not used in index.php.,Pre izmene koda web lokacije molim da se uverite da se kod ne koristi u index.php.,module,Magento_Backend
The store does not exist,Prodavnica ne postoji,module,Magento_Backend
Store view doesn't exist,Izgled prodavnice ne postoji,module,Magento_Backend
Before modifying the store view code please make sure it is not used in index.php.,Pre izmene koda izgleda prodavnice molim da se uverite da se kod ne koristi u index.php.,module,Magento_Backend
New,Novo,module,Magento_Backend
All Stores,Sve prodavnice,module,Magento_Backend
You saved the website.,Sačuvali ste web lokaciju.,module,Magento_Backend
The default store cannot be disabled,Podrazumevana prodavnica ne može biti onemogućena,module,Magento_Backend
You saved the store view.,Sačuvali ste izgled prodavnice.,module,Magento_Backend
An inactive store view cannot be saved as default store view,Neaktivan izgled prodavnice ne može biti sačuvan kao podrazumevan izgled prodavnice,module,Magento_Backend
You saved the store.,Sačuvali ste prodavnicu.,module,Magento_Backend
Something went wrong while saving. Please review the error log.,Došlo je do greške pri snimanju. Pogledajte evidenciju grešaka.,module,Magento_Backend
Authentication storage is incorrect.,Potvrda identiteta za skladište je neispravana.,module,Magento_Backend
The account sign-in was incorrect or your account is disabled temporarily. Please wait and try again later.,Ulogovali ste se sa pogrešnom šifrom ili je Vaš nalog privremeno onemogućen. Molimo sačekajte i pokušajte ponovo kasnije.,module,Magento_Backend
An authentication error occurred. Verify and try again.,Greška prilikom autentikacije. Proverite i pokušajte ponovo.,module,Magento_Backend
The Admin session lifetime is invalid. Set the lifetime to 31536000 seconds (one year) or shorter and try again.,Pogrešno vreme administratorske sesije. Podesite vreme na 31536000 sekundi (jedna godina) ili kraće i pokušajte ponovo.,module,Magento_Backend
The Admin session lifetime is invalid. Set the lifetime to 60 seconds or longer and try again.,Pogrešno vreme administratorske sesije. Podesite vreme na 60 sekundi ili više i pokušajte ponovo.,module,Magento_Backend
Last 24 Hours,Poslednja 24 sata,module,Magento_Backend
Last 7 Days,Poslednjih 7 dana,module,Magento_Backend
Current Month,Tekući mesec,module,Magento_Backend
YTD,GODINA DO DATUMA,module,Magento_Backend
2YTD,2 godine do datuma,module,Magento_Backend
Order,Porudžbina,module,Magento_Backend
Order #%1,Porudžbina %1 #,module,Magento_Backend
Save &amp; Continue,Sačuvajte i nastavite,module,Magento_Backend
Save &amp; Close,Sačuvaj i zatvori,module,Magento_Backend
Save &amp; New,Sačuvaj i novo,module,Magento_Backend
Edit,Izmeni,module,Magento_Backend
"Sorry, you need permissions to view this content.","Izvini, treba vam dozvola za prikazivanje ovog sadržaja.",module,Magento_Backend
Next steps,Sledeći koraci,module,Magento_Backend
"If you think this is an error, try signing out and signing in again.","Ako mislite da je ovo je greška, pokušajte sa odjavljivanjem i ponovnom prijavom.",module,Magento_Backend
Contact a system administrator or store owner to gain permissions.,Obratite se administratoru sistema ili vlasniku radnje za dobijanje dozvola.,module,Magento_Backend
Return to,Vrati se na,module,Magento_Backend
previous page,prethodna stranica,module,Magento_Backend
"Welcome, please sign in","Dobro došli, molim vas da se prijavite u",module,Magento_Backend
Username,Korisničko ime,module,Magento_Backend
user name,korisničko ime,module,Magento_Backend
Password,Lozinka,module,Magento_Backend
password,lozinka,module,Magento_Backend
Sign in,Prijavi se,module,Magento_Backend
No Data Found,Nisu pronađeni podaci,module,Magento_Backend
"Chart is disabled. To enable the chart, click <a href=""%1"">here</a>.","Grafikon je onemogućen. Da biste omogućili grafikon, kliknite <a href=""%1"">ovde</a>.",module,Magento_Backend
Select Range:,Izbor opsega:,module,Magento_Backend
Last Orders,Poslednje porudžbe,module,Magento_Backend
Last Search Terms,Poslednji traženi pojmovi,module,Magento_Backend
Top Search Terms,Najviše traženi pojmovi,module,Magento_Backend
There are no search keywords.,Ne postoje ključne reči za pretragu.,module,Magento_Backend
View Statistics For:,Prikaz statistike za:,module,Magento_Backend
All Websites,Sve Web lokacije,module,Magento_Backend
Reload Data,Ponovo učitaj podatke,module,Magento_Backend
Browse Files...,Pregled datoteka...,module,Magento_Backend
Copyright &copy; %1 Magento Commerce Inc. All rights reserved.,Autorskih prava &copy; %1 Magento Commerce Inc. Sva prava zadržana.,module,Magento_Backend
Magento Admin Panel,Magento admin. panel,module,Magento_Backend
Account Setting,Podešavanja naloga,module,Magento_Backend
Customer View,Lista korisnika,module,Magento_Backend
Sign Out,Odjavi se,module,Magento_Backend
About the calendar,O kalendaru,module,Magento_Backend
Close,Zatvori,module,Magento_Backend
Go Today,Idem danas,module,Magento_Backend
Previous,Prethodni,module,Magento_Backend
Next,Sledeće,module,Magento_Backend
Time,Vreme,module,Magento_Backend
Hour,Sat,module,Magento_Backend
Minute,Minut,module,Magento_Backend
JavaScript may be disabled in your browser.,JavaScript može biti onemogućena u vašem web pregledaču.,module,Magento_Backend
To use this website you must first enable JavaScript in your browser.,Prvo morate da omogućite JavaScript u svom pregledaču da biste koristili ovu Web lokaciju.,module,Magento_Backend
"This is only a demo store. You can browse and place orders, but nothing will be processed.","Ovo je samo demo prodavnica. Možete da pregledate i postavite naredbe, ali ništa neće biti obrađen.",module,Magento_Backend
Report an Issue,Prijavite problem,module,Magento_Backend
Stores Configuration,Konfiguracija prodavnice,module,Magento_Backend
Additional Cache Management,Dodatno upravljanje kešom,module,Magento_Backend
Flush Catalog Images Cache,Obriši keš kataloga slika,module,Magento_Backend
Pregenerated product images files,Datoteke slika proizvoda pregenerisane,module,Magento_Backend
Flush JavaScript/CSS Cache,Očisti keš JavaScript/CSS,module,Magento_Backend
Themes JavaScript and CSS files combined to one file,Teme JavaScript i CSS datoteka su kombinovane u jednu datoteku,module,Magento_Backend
Flush Static Files Cache,Očisti keš statičnih datoteka,module,Magento_Backend
Preprocessed view files and static files,Prethodna priprema pregleda datoteka i statičnih datoteka,module,Magento_Backend
Catalog,Katalog,module,Magento_Backend
JavaScript/CSS Cache,JavaScript/CSS keš,module,Magento_Backend
No records found.,Zapisi nisu pronađeni.,module,Magento_Backend
Images,Slike,module,Magento_Backend
Big Image,Velika slika,module,Magento_Backend
Thumbnail,Sličice,module,Magento_Backend
Additional Settings,Dodatne postavke,module,Magento_Backend
records found,zapisi pronađeni,module,Magento_Backend
selected,izabrano,module,Magento_Backend
per page,po stranici,module,Magento_Backend
Previous page,Prethodna stranica,module,Magento_Backend
of %1,od %1,module,Magento_Backend
Next page,Sledeća stranica,module,Magento_Backend
Export to:,Izvezi u:,module,Magento_Backend
Actions,Radnje,module,Magento_Backend
Mass Actions,Masovne radnje,module,Magento_Backend
Unselect All,Poništi izabrane,module,Magento_Backend
Select Visible,Izaberi vidljive,module,Magento_Backend
Unselect Visible,Poništi izabrane vidljive,module,Magento_Backend
Changes have been made to this section that have not been saved.,Promene koje su napravljene u ovoj sekciji nisu sačuvane.,module,Magento_Backend
This tab contains invalid data. Please resolve this before saving.,Ova kartica sadrži nevažeće podatke. Molim vas rešite ovo pre snimanja.,module,Magento_Backend
The information in this tab has been changed.,Informacije na ovoj kartici su promenjene.,module,Magento_Backend
Loading...,Učitavanje...,module,Magento_Backend
System Backup,Rezervna kopija sistema,module,Magento_Backup
Database and Media Backup,Baze podataka i rezervne kopija medija,module,Magento_Backup
Database Backup,Rezervna kopija baze podataka,module,Magento_Backup
"The archive can be uncompressed with <a href=""%1"">%2</a> on Windows systems.","Arhiva može biti raspakovani sa <a href=""%1"">%2</a> na Windows sistemima.",module,Magento_Backup
You need more permissions to activate maintenance mode right now.,Trebaju ti veće dozvole da biste odmah aktivirali režim održavanja.,module,Magento_Backup
"To create the backup, please deselect ""Put store into maintenance mode"" or update your permissions.","Da biste napravili rezervnu kopiju, opozovite izbor „Stavi prodavnicu u režimu održavanja” ili ažurirajte vaše dozvole.",module,Magento_Backup
Something went wrong while putting your store into maintenance mode.,Došlo je do greške pri stavljanju vaše prodavnice u režim održavanja.,module,Magento_Backup
You need more free space to create a backup.,Potrebno vam je više slobodnog prostora za izradu rezervne kopije.,module,Magento_Backup
You need more permissions to create a backup.,Potrebno vam je više dozvola za izradu rezervne kopije.,module,Magento_Backup
We can't create the backup right now.,Trenutno je nemoguće kreirati rezervnu kopiju.,module,Magento_Backup
Backups,Rezervne kopije,module,Magento_Backup
System,Sistem,module,Magento_Backup
Tools,Alati,module,Magento_Backup
Backup,Pravljenje rezervne kopije,module,Magento_Backup
We can't delete one or more backups.,Nemoguće obrisate jednu ili više rezervnih kopija.,module,Magento_Backup
failed,neuspešno,module,Magento_Backup
successful,uspešno,module,Magento_Backup
You deleted the selected backup(s).,Obrisali ste izabranu(e) rezervnu(e) kopije.,module,Magento_Backup
Can't load snapshot archive,Nemoguće učitati arhivu snimaka,module,Magento_Backup
Please correct the password.,Molim ispravite lozinku.,module,Magento_Backup
"To complete the rollback, please deselect ""Put store into maintenance mode"" or update your permissions.","Da biste dovršili vraćanje, opozovite izbor „Stavi prodavnicu u režimu održavanja” ili ažurirajte vaše dozvole.",module,Magento_Backup
We can't find the backup file.,Nemožemo pronaći fajl rezervne kopije.,module,Magento_Backup
We can't connect to the FTP right now.,Trenutno se nemožemo povezati na FTP.,module,Magento_Backup
Failed to validate FTP.,Neuspešna provera FTP.,module,Magento_Backup
You need more permissions to perform a rollback.,Potrebno vam je više dozvola za izvršavanje vraćanja na prethodno.,module,Magento_Backup
Failed to rollback.,Neuspešno vraćanje na prethodno.,module,Magento_Backup
Database,Baza podataka,module,Magento_Backup
Database and Media,Baze podataka i medij,module,Magento_Backup
System (excluding Media),Sistem (bez medija),module,Magento_Backup
You created the system backup.,Kreirali ste rezervnu kopiju sistema.,module,Magento_Backup
You created the system backup (excluding media).,Kreirali ste rezervnu kopiju sistema (bez medija).,module,Magento_Backup
You created the database and media backup.,Kreirali ste rezervne kopije baze podataka i medija.,module,Magento_Backup
You created the database backup.,Kreirali ste rezervne kopije baze podataka.,module,Magento_Backup
Please correct the order of creation for a new backup.,Molim vas ispravite redosled kreiranja nove rezervnu kopiju.,module,Magento_Backup
The backup file does not exist.,Rezervna datoteka ne postoji.,module,Magento_Backup
The backup file path was not specified.,Putanja do datoteke rezervne kopije nije navedena.,module,Magento_Backup
"The backup file ""%1"" does not exist.",Rezervna kopija „%1” ne postoji.,module,Magento_Backup
"Sorry, but we cannot read from or write to backup file ""%1"".","Izvini, ali ne može se promeniti sadržaj rezervne datoteke „%1”.",module,Magento_Backup
The backup file handler was unspecified.,Program za čitanje sadržaja rezervne kopije je neodređen.,module,Magento_Backup
"Something went wrong while writing to the backup file ""%1"".",Nešto je krenulo naopako pri upisu u rezervnu datoteku „%1”.,module,Magento_Backup
We can't save the Cron expression.,Nemožemo dačuvati Cron izraz.,module,Magento_Backup
Backup functionality is disabled,Pozadinska funkcionalnost nije omogućena,module,Magento_Backup
"You will lose any data created since the backup was made, including admin users, customers and orders.","Izgubi ćete sve podatke napravljene od kada je napravljena rezervna kopija, uključujući i podatke o korisnicima, kupcima i porudžbinama.",module,Magento_Backup
Are you sure you want to continue?,Da li ste sigurni da želite da nastavite?,module,Magento_Backup
This may take a few moments.,Ovo bi moglo da potraje.,module,Magento_Backup
Be sure your store is in maintenance mode during backup.,Budi siguran da je tvoja prodavnica u režimu održavanja tokom pravljenja rezervne kopije.,module,Magento_Backup
Backup Name,Ime rezervne kopije,module,Magento_Backup
"Please use only letters (a-z or A-Z), numbers (0-9) or spaces in this field.","Molimo koristite samo slova (a-z ili A-Z), brojeve (0-9) ili razmake u ovom polju.",module,Magento_Backup
Maintenance mode,Režim Održavanja,module,Magento_Backup
Please put your store into maintenance mode during backup.,"Molim vas, stavite vaše prodavnicu u režim održavanja za vreme izrade rezervne kopije.",module,Magento_Backup
Exclude,Isključi,module,Magento_Backup
Exclude media folder from backup,Izuzmi fascikle medija iz rezervne kopije,module,Magento_Backup
Please enter the password to confirm rollback.,Molimo vas da unesete lozinku radi potvrde vraćanja na prethodno stanje.,module,Magento_Backup
This action cannot be undone.,Ovu akciju nije moguće opozvati.,module,Magento_Backup
User Password,Korisnička lozinka,module,Magento_Backup
Please put your store into maintenance mode during rollback processing.,"Molim vas, stavite vašu prodavnicu u režim održavanja za vreme vraćanja na prethodno stanje.",module,Magento_Backup
Use FTP Connection,Koristite FTP vezu,module,Magento_Backup
FTP credentials,Akreditivi za FTP,module,Magento_Backup
FTP Host,FTP Domaćin,module,Magento_Backup
FTP Login,FTP prijava,module,Magento_Backup
FTP Password,FTP lozinka,module,Magento_Backup
Magento root directory,Magento korenski direktorijum,module,Magento_Backup
Create Backup,Kreiranje rezervne kopije,module,Magento_Backup
"""option_id"" and ""parent_id"" values should be specified","Vrednosti ""option_id"" i ""parent_id"" treba da budu navedene",module,Magento_BundleGraphQl
"""model"" value should be specified","Vrednost ""modela"" treba biti određena",module,Magento_BundleGraphQl
"""sku"" value should be specified","Vrednost ""sku"" treba da bude navedena",module,Magento_BundleGraphQl
Percent Discount,Procenat popusta,module,Magento_Bundle
-- Select --,--Izaberite--,module,Magento_Bundle
Dynamic,Dinamički,module,Magento_Bundle
Fixed,Fiksno,module,Magento_Bundle
Create New Option,Kreirajte novu opciju,module,Magento_Bundle
Bundle Items,Artikli u paketu,module,Magento_Bundle
Add Products to Option,Dodati opcije za proizvode,module,Magento_Bundle
Close,Zatvori,module,Magento_Bundle
Delete Option,Opcija brisanja,module,Magento_Bundle
What are you looking for?,Šta tražite?,module,Magento_Bundle
Product,Proizvod,module,Magento_Bundle
SKU,Šifra,module,Magento_Bundle
Price,Cena,module,Magento_Bundle
Delete,Obrisati,module,Magento_Bundle
Use Default Value,Koristite podrazumevane vrednosti,module,Magento_Bundle
"There is no defined renderer for ""%1"" option type.",Nema definisanih pruženih usluga za opciju tipa „%1”.,module,Magento_Bundle
This is implemented for bundle products only.,Ovo je primenjivo samo za paket proizvode.,module,Magento_Bundle
"The product with the ""%1"" SKU isn't a bundle product.","Proizvod sa ""%1"" SKU nije grupisani proizvod.",module,Magento_Bundle
The bundle product can't contain another composite product.,Paket proizvod ne može sadržati drugi složeni proizvod.,module,Magento_Bundle
The product link needs an ID field entered. Enter and try again.,Za link proizvoda je potrebno uneti ID polje. Unesi i pokušaj ponovo.,module,Magento_Bundle
"The product link with the ""%1"" ID field wasn't found. Verify the ID and try again.","Link proizvoda sa ""%1"" ID poljem nije pronađen. Verifikujte ID i pokušajte ponovo.",module,Magento_Bundle
"Could not save child: ""%1""","Ne može se sačuvati veza: ""%1""",module,Magento_Bundle
"Child with specified sku: ""%1"" already assigned to product: ""%2""","Dete sa navedenom šifrom: ""%1"" je već dodeljen proizvodu: ""%2""",module,Magento_Bundle
"Product with specified sku: ""%1"" does not contain option: ""%2""",Proizvod sa navedenom šifrom: „%1” ne sadrži opciju: „%2”,module,Magento_Bundle
The bundle product doesn't exist. Review your request and try again.,Paket proizvod ne postoji. Proverite svoj zahtev i pokušajte ponovo.,module,Magento_Bundle
The option that was requested doesn't exist. Verify the entity and try again.,Tražena opcija ne postoji. Proverite entitet i pokušajte ponovo.,module,Magento_Bundle
The option couldn't be saved.,Opcija nije mogla biti sačuvana.,module,Magento_Bundle
"""%fieldName"" is required. Enter and try again.","""%imePolja"" je obavezno. Unesite i probajte ponovo.",module,Magento_Bundle
"The option with ""%1"" ID can't be deleted.","Opciju sa ""%1"" ID nije moguće obrisati.",module,Magento_Bundle
Price Range,Cenovni rang,module,Magento_Bundle
As Low as,Sniženje,module,Magento_Bundle
Together,Zajedno,module,Magento_Bundle
Separately,Posebno,module,Magento_Bundle
Please specify product option(s).,Molim vas da navedete opciju(e) proizvoda.,module,Magento_Bundle
The options you selected are not available.,Opcije koje ste izabrali nisu dostupne.,module,Magento_Bundle
The required options you selected are not available.,Obavezne opcije koje ste izabrali nisu dostupne.,module,Magento_Bundle
Please select all required options.,Molimo izaberite sve obavezne opcije.,module,Magento_Bundle
We can't add this item to your shopping cart right now.,Trenutno ovaj proizvod nije moguće dodati u vašu korpu.,module,Magento_Bundle
N/A,N/A - nije dostupno,module,Magento_Bundle
Percent,Procenat,module,Magento_Bundle
We can't save custom-defined options for bundles with dynamic pricing.,Mi ne možemo da sačuvamo korisnički prilagođene opcije za pakete sa dinamičkim cenama.,module,Magento_Bundle
Cancel,Odustani,module,Magento_Bundle
Add Selected Products,Dodati izabrane proizvode,module,Magento_Bundle
Add Option,Dodati opciju,module,Magento_Bundle
New Option,Nova opcija,module,Magento_Bundle
Option Title,Naziv opcije,module,Magento_Bundle
Default Title,Podrazumevani naslov,module,Magento_Bundle
Store View Title,Naslov izgleda prodavnice,module,Magento_Bundle
Input Type,Vrsta unosa,module,Magento_Bundle
Drop-down,Padajuće,module,Magento_Bundle
Radio Buttons,Radio dugmići,module,Magento_Bundle
Checkbox,Polje za potvrdu,module,Magento_Bundle
Multiple Select,Izbor više stavki,module,Magento_Bundle
Required,Obavezno,module,Magento_Bundle
Is Default,Je podrazumevano,module,Magento_Bundle
Name,Ime,module,Magento_Bundle
Default Quantity,Podrazumevana količina,module,Magento_Bundle
User Defined,Korisnički definisane,module,Magento_Bundle
Price Type,Vrstu cena,module,Magento_Bundle
None,Ništa,module,Magento_Bundle
Quantity:,Količina:,module,Magento_Bundle
Choose a selection...,Odaberite selekciju...,module,Magento_Bundle
Ship Bundle Items,Isporuka artikala u paketu,module,Magento_Bundle
Position,Pozicija,module,Magento_Bundle
There are no products in this option.,Nema proizvoda u listi opcija.,module,Magento_Bundle
Default,Podrazumevani,module,Magento_Bundle
Ordered,Porućeno,module,Magento_Bundle
Invoiced,Faktura,module,Magento_Bundle
Shipped,Isporučeno,module,Magento_Bundle
Refunded,Povraćen novac,module,Magento_Bundle
Canceled,Otkazano,module,Magento_Bundle
Regular Price,Redovna cena,module,Magento_Bundle
As low as,Sniženje,module,Magento_Bundle
From,Od,module,Magento_Bundle
To,Do,module,Magento_Bundle
Buy %1 with %2 discount each,Kupi %1 sa %2 popustom za svaki,module,Magento_Bundle
Go back to product details,Vrati se na detalje o proizvodu,module,Magento_Bundle
Customize and Add to Cart,Prilagodi i Dodaj u korpu,module,Magento_Bundle
* Required Fields,* Obavezna polja,module,Magento_Bundle
Your Customization,Vaše prilagođavanje,module,Magento_Bundle
Availability,Dostupnost,module,Magento_Bundle
In stock,Na stanju,module,Magento_Bundle
Out of stock,Nema na lageru,module,Magento_Bundle
Summary,Rezime,module,Magento_Bundle
Availability:,Dostupnost:,module,Magento_Bundle
Quantity,Količina,module,Magento_Bundle
Customize %1,Prilagodi %1,module,Magento_Bundle
No options of this product are available.,Ni jedna opcija za ovaj proizvod nije dostupna.,module,Magento_Bundle
Gift Message,Poklon poruka,module,Magento_Bundle
From:,Od:,module,Magento_Bundle
To:,Za:,module,Magento_Bundle
Message:,Poruka:,module,Magento_Bundle
Product Name,Naziv proizvoda,module,Magento_Bundle
Subtotal,Međuzbir,module,Magento_Bundle
Discount Amount,Iznos popusta,module,Magento_Bundle
Row Total,Red ukupno,module,Magento_Bundle
Qty Invoiced,Fakturisana kol.,module,Magento_Bundle
Qty Shipped,Isporučena kol.,module,Magento_Bundle
Always,Uvek,module,Magento_Captcha
After number of attempts to login,Nakon broja pokušaja da se prijavi,module,Magento_Captcha
Provided form does not exist,Navedeni obrazac ne postoji,module,Magento_Captcha
Incorrect CAPTCHA,Neispravna CAPTCHA,module,Magento_Captcha
Incorrect CAPTCHA.,Neispravna CAPTCHA.,module,Magento_Captcha
The account is locked. Please wait and try again or contact %1.,Ovaj nalog je zaključan. Molimo sačekajte i pokušajte ponovo ili spojite %1.,module,Magento_Captcha
Please enter the letters and numbers from the image,Molimo unesite slova i brojeve sa slike,module,Magento_Captcha
<strong>Attention</strong>: Captcha is case sensitive.,<strong>Pažnja</strong>: Captcha je osetljiva na mala i velika slova.,module,Magento_Captcha
Reload captcha,Osveži captcha kod,module,Magento_Captcha
Please type the letters and numbers below,Molimo ukucajte slova i brojeve ispod,module,Magento_Captcha
"""model"" value should be specified","Vrednost ""modela"" treba biti određena",module,Magento_CatalogCmsGraphQl
"Customer with id ""%customer_id"" does not exist.","Kupac sa ID ""%customer_id"" ne postoji.",module,Magento_CatalogCustomerGraphQl
"""model"" value should be specified","Vrednost ""modela"" treba biti određena",module,Magento_CatalogCustomerGraphQl
Cannot resolve layered filter type,Ne može resolve layered filter type,module,Magento_CatalogGraphQl
"""model"" value should be specified","Vrednost ""modela"" treba biti određena",module,Magento_CatalogGraphQl
Missing key %1 in product data,Nedostaje key %1 in product data,module,Magento_CatalogGraphQl
Cannot resolve type,Ne može resolve type,module,Magento_CatalogGraphQl
"""path"" value should be specified","Vrednost ""path"" treba da bude navedena",module,Magento_CatalogGraphQl
Category doesn't exist,Kategorija ne postoji,module,Magento_CatalogGraphQl
No child sku found for product link.,Ne child sku found for product link.,module,Magento_CatalogGraphQl
"""image_type"" value should be specified","Vrednost ""image_type"" treba da bude navedena",module,Magento_CatalogGraphQl
'search' or 'filter' input argument is required.,'search' or 'filter' input argument je obavezno.,module,Magento_CatalogGraphQl
The product that was requested doesn't exist. Verify the product and try again.,Traženi proizvod ne postoji. Proverite proizvod i pokušajte kasnije.,module,Magento_CatalogGraphQl
Entity type model '%1' is not found,Model tipa entitet '%1' nije pronađen,module,Magento_CatalogImportExport
Entity type model must be an instance of \Magento\CatalogImportExport\Model\Export\Product\Type\AbstractType,Model za tip entiteta mora biti instanca \Magento\CatalogImportExport\Model\Export\Product\Type\AbstractType,module,Magento_CatalogImportExport
There are no product types available for export.,Nema dostupnih tipova proizvoda za izvoz.,module,Magento_CatalogImportExport
'Entity type model must be an instance of ' .,'Entitet tipa modela mora biti instanca od ' .,module,Magento_CatalogImportExport
"Wrong attribute set code ""%1"", please correct it and try again.","Pogrešan kod ""%1"" za atribut set, molimo ispravite i pokušajte ponovo.",module,Magento_CatalogImportExport
"Category ""%1"" has not been created.","Kategorija ""%1"" nije kreirana.",module,Magento_CatalogImportExport
File directory '%1' is not readable.,Datoteka directory '%1' is not readable.,module,Magento_CatalogImportExport
File directory '%1' is not writable.,Datoteka directory '%1' is not writable.,module,Magento_CatalogImportExport
Value for 'price' sub attribute in 'store' attribute contains incorrect value,Vrednost for 'price' sub attribute in 'store' attribute contains netačan value,module,Magento_CatalogImportExport
"Value for 'type' sub attribute in 'custom_options' attribute contains incorrect value, acceptable values are: %1","Vrednost for 'type' sub attribute in 'custom_options' attribute contains netačan value, acceptable values are: %1",module,Magento_CatalogImportExport
Please enter a value for title.,Molimo unesite vrednost u naslovu.,module,Magento_CatalogImportExport
Value for 'price' sub attribute in 'custom_options' attribute contains incorrect value,Vrednost for 'price' sub attribute in 'custom_options' attribute contains netačan value,module,Magento_CatalogImportExport
Value for 'maximum characters' sub attribute in 'custom_options' attribute contains incorrect value,Vrednost for 'maximum characters' sub attribute in 'custom_options' attribute contains netačan value,module,Magento_CatalogImportExport
Value for 'sort order' sub attribute in 'custom_options' attribute contains incorrect value,Vrednost for 'sort order' sub attribute in 'custom_options' attribute contains netačan value,module,Magento_CatalogImportExport
Value for 'value price' sub attribute in 'custom_options' attribute contains incorrect value,Vrednost for 'value price' sub attribute in 'custom_options' attribute contains netačan value,module,Magento_CatalogImportExport
This name is already being used for custom option. Please enter a different name.,Ovaj naziv se već koristi za prilagođenu opciju. Molimo unesite drugi naziv.,module,Magento_CatalogImportExport
Custom options have different types.,Prilagođene opcije imaju različite tipove.,module,Magento_CatalogImportExport
Every option entity must have a parent product entity.,Svaka vrednost opcije mora imati roditelj vrednost.,module,Magento_CatalogImportExport
Please correct the parameters.,Molimo ispravite parametre.,module,Magento_CatalogImportExport
Disallowed file type.,Nedozvoljeni tip fajla.,module,Magento_CatalogImportExport
File '%1' was not found or has read restriction.,Datoteka '%1' was nije pronađeno or has read restriction.,module,Magento_CatalogImportExport
Invalid Stock data for insert,Neispravni podaci zalihe za unos,module,Magento_CatalogImportExport
"""model"" value should be specified","Vrednost ""modela"" treba biti određena",module,Magento_CatalogInventoryGraphQl
ALL GROUPS,SVE GRUPE,module,Magento_CatalogInventory
Customer Group,Grupa kupaca,module,Magento_CatalogInventory
Minimum Qty,Minimalna kol,module,Magento_CatalogInventory
Add Minimum Qty,Dodajte minimalna kol,module,Magento_CatalogInventory
We can't rebuild the index for an undefined product.,Ne možemo ponovo da napravimo indeks za nedefinisani proizvod.,module,Magento_CatalogInventory
Could not rebuild index for empty products array,Ne možemo obnoviti index za prazan niz proizvoda,module,Magento_CatalogInventory
The Product stock item is invalid. Verify the stock item and try again.,Pogrešna stavka u listi proizvoda. Proverite stavku i pokušajte ponovo.,module,Magento_CatalogInventory
This product is out of stock.,Ovaj proizvod nemamo na stanju.,module,Magento_CatalogInventory
Some of the products are out of stock.,Neke od ovih proizvoda nemamo na stanju.,module,Magento_CatalogInventory
The stock item for Product in option is not valid.,Stavka u magacinu za opcije Proizvoda nije validna.,module,Magento_CatalogInventory
Undefined product type,Nedefinisani tip proizvoda,module,Magento_CatalogInventory
%1 is not a correct comparison method.,%1 nije pravilna metoda poređenja.,module,Magento_CatalogInventory
No Backorders,Nema prethodnih porudžbina,module,Magento_CatalogInventory
Allow Qty Below 0,Dozvoli kol ispod 0,module,Magento_CatalogInventory
Allow Qty Below 0 and Notify Customer,Dozvoli Kol ispod 0 i obavesti kupca,module,Magento_CatalogInventory
In Stock,Na stanju,module,Magento_CatalogInventory
Out of Stock,Nema na lageru,module,Magento_CatalogInventory
The stock item was unable to be saved. Please try again.,Proizvod nije mogao biti sačuvan. Molimo pokušajte ponovo.,module,Magento_CatalogInventory
"The stock item with the ""%1"" ID wasn't found. Verify the ID and try again.","Proizvod sa ""%1"" ID-jem nije pronađen. Proverite ID i pokušajte ponovo.",module,Magento_CatalogInventory
The stock was unable to be saved. Please try again.,Lager nije mogao biti sačuvan. Molimo pokušajte ponovo.,module,Magento_CatalogInventory
"The stock with the ""%1"" ID wasn't found. Verify the ID and try again.","Lager sa ""%1"" ID-jem nije pronađen. Proverite ID i pokušajte ponovo.",module,Magento_CatalogInventory
"Unable to remove Stock with id ""%1""","Nije moguće ukloniti magacin sa id ""%1""",module,Magento_CatalogInventory
The stock status was unable to be saved. Please try again.,Status magacina nije mogao biti sačuvan. Molimo pokušajte ponovo.,module,Magento_CatalogInventory
Unable to remove Stock Status for product %1,Nije moguće ukloniti status magacina za proizvod %1,module,Magento_CatalogInventory
"The ""%1"" value is invalid for stock ID. Enter stock with a default value of %2 to try again.","""%1"" neispravna vrednost za ID magacina. Upišite zalihe sa podrazumavenom vrednošću %2 da biste pokušali ponovo.",module,Magento_CatalogInventory
"The ""%1"" value is invalid for stock item ID. Use the stock item ID's assigned ""%2"" value and try again.","""%1"" vrednost nije ispravna za ID proizvoda. Koristite ID dodeljen ""%2"" vrednost i pokušajte ponovo.",module,Magento_CatalogInventory
"The Product with the ""%1"" SKU doesn't exist.","Proizvod sa ""%1"" SKU ne postoji.",module,Magento_CatalogInventory
Please correct the quantity for some products.,Molimo korigujte količine nekih proizvoda.,module,Magento_CatalogInventory
The fewest you may purchase is %1.,Možete poručiti najmanje %1.,module,Magento_CatalogInventory
"We don't have as many ""%1"" as you requested, but we'll back order the remaining %2.","Nemamo dovoljno ""%1"" koliko ste zahtevali, ali ćemo poručiti preostalih %2.",module,Magento_CatalogInventory
"We don't have ""%1"" in the requested quantity, so we'll back order the remaining %2.","Nemamo ""%1"" u traženoj količini, pa ćemo poručiti preostalih %2.",module,Magento_CatalogInventory
You can buy %1 only in quantities of %2 at a time.,Možete kupiti %1 samo u količini od %2 odjednom.,module,Magento_CatalogInventory
You can buy this product only in quantities of %1 at a time.,Ovaj proizvod možete kupiti samo u količini od %1 odjednom.,module,Magento_CatalogInventory
Quantity increments can't use decimals. Enter a new increment and try again.,Za povećanje količine ne možete koristiti decimale. Upišite nove iznose i pokušajte ponovo.,module,Magento_CatalogInventory
Something went wrong while updating the product(s) attributes.,Došlo je do greške prilikom ažuriranja atributa proizvod(a).,module,Magento_CatalogInventory
Stock Status,Status Zaliha,module,Magento_CatalogInventory
Quantity,Količina,module,Magento_CatalogInventory
Advanced Inventory,Napredne zaliha,module,Magento_CatalogInventory
%1 is available to buy in increments of %2,%1 je dostupna da se kupi u količinama %2,module,Magento_CatalogInventory
Only %1 left,Samo %1 je ostao,module,Magento_CatalogInventory
Product availability,Dostupnost proizvoda,module,Magento_CatalogInventory
Product Name,Naziv proizvoda,module,Magento_CatalogInventory
Qty,Kol,module,Magento_CatalogInventory
Are you sure you want to do this?,Jeste li sigurni da želite da uradite ovo?,module,Magento_CatalogRule
Delete Rule,Obriši Pravilo,module,Magento_CatalogRule
Reset,Resetovati,module,Magento_CatalogRule
Save and Apply,Sačuvaj i Primeni,module,Magento_CatalogRule
Save and Continue Edit,Sačuvaj i nastavi uređivanje,module,Magento_CatalogRule
Save,Sačuvaj,module,Magento_CatalogRule
Catalog Price Rule,Pravilo Cene u Katalogu,module,Magento_CatalogRule
Add New Rule,Dodaj Novo Pravilo,module,Magento_CatalogRule
Apply Rules,Primeni Pravilo,module,Magento_CatalogRule
Conditions,Uslovi,module,Magento_CatalogRule
Type,Tip,module,Magento_CatalogRule
Attribute Set,Skup atributa,module,Magento_CatalogRule
SKU,Šifra,module,Magento_CatalogRule
Product,Proizvod,module,Magento_CatalogRule
Promotions,Promocije,module,Magento_CatalogRule
"We found updated rules that are not applied. Please click ""Apply Rules"" to update your catalog.","Pronašli smo ažurirana pravila koja nisu primenjena. Molimo kliknite na ""Apply Rules"" da biste ažurirali katalog.",module,Magento_CatalogRule
You deleted the rule.,Obrisali ste pravilo.,module,Magento_CatalogRule
We can't delete this rule right now. Please review the log and try again.,We can't delete this rule right now. Please review the log and pokušajte ponovo.,module,Magento_CatalogRule
This rule no longer exists.,Ovo pravilo se više ne postoji.,module,Magento_CatalogRule
New Catalog Price Rule,Novo Pravilo Cene u Katalogu,module,Magento_CatalogRule
Edit Rule,Izmeni Pravilo,module,Magento_CatalogRule
New Rule,Novo pravilo,module,Magento_CatalogRule
Catalog,Katalog,module,Magento_CatalogRule
You saved the rule.,Sačuvali ste pravilo.,module,Magento_CatalogRule
Something went wrong while saving the rule data. Please review the error log.,Došlo je do greške prilikom čuvanja podataka o pravilu. Molimo proverite evidenciju grešaka.,module,Magento_CatalogRule
Promo,Promotivno,module,Magento_CatalogRule
"The ""%1"" rule was unable to be saved. Please try again.","""%1"" pravilo nije sačuvano. Molimo pokušajte ponovo.",module,Magento_CatalogRule
"The rule with the ""%1"" ID wasn't found. Verify the ID and try again.","Pravilo sa ""%1"" ID-em nije pronađeno. Proverite ID i pokušajte ponovo.",module,Magento_CatalogRule
"The ""%1"" rule couldn't be removed.","""%1"" pravilo ne može biti uklonjeno.",module,Magento_CatalogRule
Could not rebuild index for empty products array,Ne možemo obnoviti index za prazan niz proizvoda,module,Magento_CatalogRule
We can't rebuild the index for an undefined product.,Ne možemo ponovo da napravimo indeks za nedefinisani proizvod.,module,Magento_CatalogRule
Catalog rule indexing failed. See details in exception log.,Neuspešno indeksiranje pravila kataloga. Proverite detalje u izveštaju grešaka.,module,Magento_CatalogRule
Percentage discount should be between 0 and 100.,Popust u procentima treba da bude između 0 i 100.,module,Magento_CatalogRule
Discount value should be 0 or greater.,Vrednost popusta treba biti 0 ili veća.,module,Magento_CatalogRule
Unknown action.,Nepoznata akcija.,module,Magento_CatalogRule
Update the Product,Ažuriraj Proizvod,module,Magento_CatalogRule
Rule price,Pravilo formiranja cene,module,Magento_CatalogRule
To Fixed Value,Fiksna vrednost,module,Magento_CatalogRule
To Percentage,Procenat,module,Magento_CatalogRule
By Fixed value,Po fiksnoj vrednosti,module,Magento_CatalogRule
By Percentage,Po procentu,module,Magento_CatalogRule
Update product's %1 %2: %3,Ažuriraj proizvode %1%2:%3,module,Magento_CatalogRule
Apply as percentage of original,Primeni kao procenat originala,module,Magento_CatalogRule
Apply as fixed amount,Primeni kao fiksni iznos,module,Magento_CatalogRule
Adjust final price to this percentage,Prilagodi konačnu cenu ovom procentu,module,Magento_CatalogRule
Adjust final price to discount value,Prilagodi krajnju cenu sniženoj vrednosti,module,Magento_CatalogRule
Conditions Combination,Uslovi Kombinacije,module,Magento_CatalogRule
Product Attribute,Atributi proizvoda,module,Magento_CatalogRule
"Undefined condition type ""%1"" passed in.","Nedefinisani uslov tipa ""%1"" je prošlo.",module,Magento_CatalogRule
"Undefined SQL operator ""%1"" passed in. Valid operators are: %2","Nedefinisani SQL operator ""%1"" je prošao. Validni operatori su: %2",module,Magento_CatalogRule
"Undefined rule operator ""%1"" passed in. Valid operators are: %2","Nedefinisani operator pravila ""%1"" je prošao. Validni operatori su: %2",module,Magento_CatalogRule
"Undefined rule aggregator ""%1"" passed in. Valid operators are: %2","Nedefinisani agregator pravila ""%1"" je prošao. Validni operatori su: %2",module,Magento_CatalogRule
Updated rules applied.,Primenjena su ažurirana pravila.,module,Magento_CatalogRule
"You disabled %1 Catalog Price Rules based on ""%2"" attribute.","Onemogućili ste %1 pravila cene kataloga na osnovu ""%2"" atributa.",module,Magento_CatalogRule
Home,Početna,module,Magento_CatalogSearch
Go to Home Page,Idi na početnu stranicu,module,Magento_CatalogSearch
Catalog Advanced Search,Napredna Pretraga Kataloga,module,Magento_CatalogSearch
All,Sve,module,Magento_CatalogSearch
Yes,Da,module,Magento_CatalogSearch
No,Ne,module,Magento_CatalogSearch
Results,Rezultati,module,Magento_CatalogSearch
Advanced Search Results,Napredna Pretraga Rezultata,module,Magento_CatalogSearch
Grid,Mreža,module,Magento_CatalogSearch
List,Lista,module,Magento_CatalogSearch
Search Weight,Pretraži Težinu,module,Magento_CatalogSearch
Relevance,Relevantnost,module,Magento_CatalogSearch
Search results for: '%1',Pretraži rezultate za: '%1',module,Magento_CatalogSearch
Minimum Search query length is %1,Minimalna dužina niza pretrage je %1,module,Magento_CatalogSearch
Search term is empty,Traženi termin je prazan,module,Magento_CatalogSearch
Enter a search term and try again.,Upišite termin za pretragu i pokušajte ponovo.,module,Magento_CatalogSearch
%1 and greater,%1 i veće,module,Magento_CatalogSearch
up to %1,do %1,module,Magento_CatalogSearch
Category,Kategorija,module,Magento_CatalogSearch
%1 and above,%1 i iznad,module,Magento_CatalogSearch
%1 - %2,%1 x %2,module,Magento_CatalogSearch
"An error occurred. For details, see the error log.","Došlo je do greške. Za detalje, proverite izveštaj grešaka.",module,Magento_CatalogSearch
The bucket doesn't exist.,Kopča ne postoji.,module,Magento_CatalogSearch
Product,Proizvod,module,Magento_CatalogSearch
Test Exception,Izuzetak testa,module,Magento_CatalogSearch
Search Settings,Podešavanje pretrage,module,Magento_CatalogSearch
Search,Pretraga,module,Magento_CatalogSearch
Please enter a valid price range.,Molimo unesite validni opseg cene.,module,Magento_CatalogSearch
Advanced Search,Napredna pretraga,module,Magento_CatalogSearch
<strong>%1 item</strong> were found using the following search criteria,<strong>%1 proizvod</strong> je pronađen koristeći sledeće kriterijume pretrage,module,Magento_CatalogSearch
<strong>%1 items</strong> were found using the following search criteria,<strong>%1 proizvod</strong> je pronađen koristeći sledeće kriterijume pretrage,module,Magento_CatalogSearch
Modify your search.,Prilagodite svoju pretragu.,module,Magento_CatalogSearch
name,naziv,module,Magento_CatalogSearch
Don't see what you're looking for?,Ne vidite ono što tražite?,module,Magento_CatalogSearch
Your search returned no results.,Vaša pretraga nije vratila rezultate.,module,Magento_CatalogSearch
Category doesn't exist,Kategorija ne postoji,module,Magento_CatalogUrlRewriteGraphQl
This product is disabled.,Ovaj proizvod je onemogućen.,module,Magento_CatalogUrlRewriteGraphQl
Create Permanent Redirect for old URL,Kreiraj Trajno Preusmerenje za stari URL,module,Magento_CatalogUrlRewrite
Website,Web sajt,module,Magento_CatalogUrlRewrite
Store View,Prikaz prodavnice,module,Magento_CatalogUrlRewrite
Invalid URL key,Neispravan URL ključ,module,Magento_CatalogUrlRewrite
Conditions Combination,Uslovi Kombinacije,module,Magento_CatalogWidget
Product Attribute,Atributi proizvoda,module,Magento_CatalogWidget
SKU,Šifra,module,Magento_CatalogWidget
Please choose a condition to add.,Molimo odaberite koji ćete uslov dodati.,module,Magento_CatalogWidget
Add to Cart,Dodaj u korpu,module,Magento_CatalogWidget
In stock,Na stanju,module,Magento_CatalogWidget
Out of stock,Nema na lageru,module,Magento_CatalogWidget
Add to Wish List,Dodaj u listu želja,module,Magento_CatalogWidget
Add to Compare,Dodaj za upoređivanje,module,Magento_CatalogWidget
Root,Početak,module,Magento_Catalog
Are you sure you want to delete this category?,Da li ste sigurni da želite da obrišete ovu kategoriju?,module,Magento_Catalog
Delete,Obrisati,module,Magento_Catalog
Save,Sačuvaj,module,Magento_Catalog
Use Config Settings,Koristi konfiguraciona podešavanja,module,Magento_Catalog
Use All Available Attributes,Koristi sve raspoložive atribute,module,Magento_Catalog
Name,Ime,module,Magento_Catalog
SKU,Šifra,module,Magento_Catalog
Visibility,Vidljivost,module,Magento_Catalog
Price,Cena,module,Magento_Catalog
Position,Pozicija,module,Magento_Catalog
Add Subcategory,Dodati podkategoriju,module,Magento_Catalog
Add Root Category,Dodavanje kategorije koren,module,Magento_Catalog
Day,Dan,module,Magento_Catalog
Month,Mesec,module,Magento_Catalog
Year,Godina,module,Magento_Catalog
from,od,module,Magento_Catalog
to,do,module,Magento_Catalog
[STORE VIEW],[PRIKAZ PRODAVNICE],module,Magento_Catalog
WYSIWYG Editor,Editor Šta vidiš to dobiješ,module,Magento_Catalog
Add Product,Dodaj Proizvod,module,Magento_Catalog
label,oznaka,module,Magento_Catalog
Product Attributes,Atributi proizvoda,module,Magento_Catalog
Add New Attribute,Dodavanje novih atributa,module,Magento_Catalog
Cancel,Odustani,module,Magento_Catalog
Save Attribute,Sačuvati atribut,module,Magento_Catalog
Save in New Attribute Set,Sačuvati u novi komplet atributa,module,Magento_Catalog
Enter Name for New Attribute Set,Unesite ime za novi komplet atributa,module,Magento_Catalog
Save and Continue Edit,Sačuvaj i nastavi uređivanje,module,Magento_Catalog
Delete Attribute,Izbrisati atribut,module,Magento_Catalog
"Edit Product Attribute ""%1""",Uređivanje proizvoda atribut „%1”,module,Magento_Catalog
New Product Attribute,Novi atributi proizvoda,module,Magento_Catalog
Advanced Attribute Properties,Svojstva naprednih atributa,module,Magento_Catalog
Attribute Code,Kod atributa,module,Magento_Catalog
This is used internally. Make sure you don't use spaces or more than %1 symbols.,Koristi se interno. Ne koristite razmak ili više od %1 simbola.,module,Magento_Catalog
Default Value,Podrazumevane vrednosti,module,Magento_Catalog
Unique Value,Jedinstvena vrednost,module,Magento_Catalog
Unique Value (not shared with other products),Jedinstvena vrednost (ne deli se sa drugim proizvodima),module,Magento_Catalog
Not shared with other products.,Ne deli se sa drugim proizvodima.,module,Magento_Catalog
Input Validation for Store Owner,Ulazna validnost za vlasnika radnje,module,Magento_Catalog
Add to Column Options,Dodavanje opcije kolone,module,Magento_Catalog
"Select ""Yes"" to add this attribute to the list of column options in the product grid.",Izaberite opciju „Da” da biste dodali ovaj atribut listu opcija kolone u tablici proizvoda.,module,Magento_Catalog
Use in Filter Options,Koristi opcije u filteru,module,Magento_Catalog
"Select ""Yes"" to add this attribute to the list of filter options in the product grid.",Izaberite opciju „Da” da biste dodali ovaj atribut listi opcija filtera u tablici proizvoda.,module,Magento_Catalog
Store View,Prikaz prodavnice,module,Magento_Catalog
Website,Web sajt,module,Magento_Catalog
Global,Globalno,module,Magento_Catalog
Scope,Opseg,module,Magento_Catalog
Declare attribute value saving scope.,Deklariši vrednost atributa čuvanja opsega.,module,Magento_Catalog
Storefront Properties,Osobine izloga prodavnice,module,Magento_Catalog
Use in Search,Koristiti u pretrazi,module,Magento_Catalog
Visible in Advanced Search,Vidljivo u naprednoj pretrazi,module,Magento_Catalog
Comparable on Storefront,Uporedivo na izlogu prodavnice,module,Magento_Catalog
Use for Promo Rule Conditions,Koristi za uslove Promo pravila,module,Magento_Catalog
Allow HTML Tags on Storefront,Dozvoli HTML oznake na izlogu,module,Magento_Catalog
Visible on Catalog Pages on Storefront,Vidljivo na stranicama izlog kataloga,module,Magento_Catalog
Used in Product Listing,Koristi se u listingu proizvoda,module,Magento_Catalog
Depends on design theme.,Zavisi od dizajna teme.,module,Magento_Catalog
Used for Sorting in Product Listing,Koriste se za sortiranje u listingu proizvoda,module,Magento_Catalog
Media Image,Slika medija,module,Magento_Catalog
Gallery,Galerija,module,Magento_Catalog
System Properties,Osobine sistema,module,Magento_Catalog
No,Ne,module,Magento_Catalog
Yes,Da,module,Magento_Catalog
Data Type for Saving in Database,Tip podataka za čuvanje u bazi podataka,module,Magento_Catalog
Text,Tekst,module,Magento_Catalog
Static,Statički,module,Magento_Catalog
Datetime,Datum I vreme,module,Magento_Catalog
Decimal,Decimalni broj,module,Magento_Catalog
Integer,Ceo broj,module,Magento_Catalog
Globally Editable,Globalno se može uređivati,module,Magento_Catalog
Attribute Information,Atribut informacije,module,Magento_Catalog
Properties,Svojstva,module,Magento_Catalog
Manage Labels,Upravljanje oznakama,module,Magento_Catalog
Visible,Vidljivo,module,Magento_Catalog
Web Site,Web lokacija,module,Magento_Catalog
Searchable,Mogu se pretraživati,module,Magento_Catalog
Comparable,Uporedivo,module,Magento_Catalog
Delete Selected Group,Izbriši izabrane grupe,module,Magento_Catalog
Add New,Dodaj Novo,module,Magento_Catalog
Back,Nazad,module,Magento_Catalog
Reset,Resetovati,module,Magento_Catalog
You are about to delete all products in this attribute set. Are you sure you want to do that?,"Ako nastavite, izbrisaćete sve proizvode u ovom skupu atributa. Sigurni ste da želite to uraditi?",module,Magento_Catalog
New Set Name,Nov skup imena,module,Magento_Catalog
Edit Attribute Set '%1',Uređivanje skupa atributa „%1”,module,Magento_Catalog
Empty,Prazno,module,Magento_Catalog
Add Attribute,Dodaj atribut,module,Magento_Catalog
Add New Group,Dodavanje nove grupe,module,Magento_Catalog
Add Group,Dodaj grupu,module,Magento_Catalog
For internal use,Za internu upotrebu,module,Magento_Catalog
Based On,Zasnovano Na,module,Magento_Catalog
Edit Attribute Set Name,Uređivanje skupa atributa imena „%1”,module,Magento_Catalog
Add New Attribute Set,Dodaj novi skup atributa,module,Magento_Catalog
Add Attribute Set,Dodaj skup atributa,module,Magento_Catalog
Attribute Sets,Atributi skupa,module,Magento_Catalog
Close Window,Zatvori prozor,module,Magento_Catalog
New Product,Novi proizvod,module,Magento_Catalog
Save & Edit,Čuvanje i uređivanje,module,Magento_Catalog
Save & New,Sačuvaj i novo,module,Magento_Catalog
Save & Duplicate,Sačuvaj & dupliraj,module,Magento_Catalog
Save & Close,Sačuvaj i zatvori,module,Magento_Catalog
Attributes,Atributi,module,Magento_Catalog
Change,Promena,module,Magento_Catalog
Advanced Inventory,Napredne zaliha,module,Magento_Catalog
Websites,Web stranice,module,Magento_Catalog
Products Information,Informacije o proizvodima,module,Magento_Catalog
Create Category,Napravi kategoriju,module,Magento_Catalog
Category Name,Naziv kategorije,module,Magento_Catalog
Parent Category,Matična kategorija,module,Magento_Catalog
"If there are no custom parent categories, please use the default parent category. You can reassign the category at any time in <a href=""%1"" target=""_blank"">Products > Categories</a>.","Ako ne postoje prilagođene nadređene kategorije, molimo koristite podrazumevane nadređene kategorije. Možete je u bilo kom trenutku ponovo dodeliti u <a href=""%1"" target=""_blank"">Proizvodi ></a> Kategorije.",module,Magento_Catalog
Price Alert Subscriptions,Pretplata na upozorenje cene,module,Magento_Catalog
Stock Alert Subscriptions,Pretplata na upozorenje akcije,module,Magento_Catalog
There are no customers for this alert.,Nema korisnika za ovo upozorenje.,module,Magento_Catalog
First Name,Ime,module,Magento_Catalog
Last Name,Prezime,module,Magento_Catalog
Email,E-pošta,module,Magento_Catalog
Subscribe Date,Datum pretplate,module,Magento_Catalog
Last Notified,Poslednji put obavešteni,module,Magento_Catalog
Send Count,Poslati broj,module,Magento_Catalog
New Attribute,Novi atribut,module,Magento_Catalog
Type,Tip,module,Magento_Catalog
Attribute Set,Skup atributa,module,Magento_Catalog
Add New Option,Dodati novu opciju,module,Magento_Catalog
Import Options,Uvoz opcija,module,Magento_Catalog
Use Default,Koristi podrazumevano,module,Magento_Catalog
Import,Uvesti,module,Magento_Catalog
Add New Row,Dodavanje novog reda,module,Magento_Catalog
Delete Row,Brisanje reda,module,Magento_Catalog
Tier Pricing,Cenovnik za sloj,module,Magento_Catalog
Default Price,Podrazumevana cena,module,Magento_Catalog
All Websites,Sve Web lokacije,module,Magento_Catalog
ALL GROUPS,SVE GRUPE,module,Magento_Catalog
Add Price,Dodavanje cena,module,Magento_Catalog
Default Values,Podrazumevane vrednosti,module,Magento_Catalog
Related Products,Slični proizvodi,module,Magento_Catalog
Up-sells,Up-prodaje,module,Magento_Catalog
Cross-sells,Cross-prodaje,module,Magento_Catalog
Size for %1,Veličina za %1,module,Magento_Catalog
Watermark File for %1,Vodeni žig datoteku za %1,module,Magento_Catalog
Position of Watermark for %1,Položaj vodeni žig za %1,module,Magento_Catalog
Name in %1,Ime u %1,module,Magento_Catalog
Quantity,Količina,module,Magento_Catalog
Edit,Izmeni,module,Magento_Catalog
Are you sure?,Da li ste sigurni?,module,Magento_Catalog
Change Status,Promena statusa,module,Magento_Catalog
Update Attributes,Ažurirati atribute,module,Magento_Catalog
start typing to search category,počnite da kucate za pretragu kategorija,module,Magento_Catalog
New Category,Nova Kategorija,module,Magento_Catalog
"Images (.gif, .jpg, .png)","Slike (.gif, .jpg, .png)",module,Magento_Catalog
Add New Images,Dodati nove slike,module,Magento_Catalog
Inc. Tax,Iznos sa Pdv,module,Magento_Catalog
Does this have a weight?,Da li ovo ima težinu?,module,Magento_Catalog
Product,Proizvod,module,Magento_Catalog
Notify Low Stock RSS,Prijavi malu količinu na stanju RSS,module,Magento_Catalog
Low Stock Products,Nisko stanje proizvoda,module,Magento_Catalog
%1 has reached a quantity of %2.,%1 je dostigao količinu od %2.,module,Magento_Catalog
Home,Početna,module,Magento_Catalog
Go to Home Page,Idi na početnu stranicu,module,Magento_Catalog
Subscribe to RSS Feed,Prijavi se na RSS Feed,module,Magento_Catalog
Products Comparison List,Lista proizvoda za poređenje,module,Magento_Catalog
N/A,N/A - nije dostupno,module,Magento_Catalog
AM,Pre podne,module,Magento_Catalog
PM,Posle podne,module,Magento_Catalog
-- Please Select --,-- Molim odaberite --,module,Magento_Catalog
New Products from %1,Novi proizvodi od %1,module,Magento_Catalog
New Products,Novi proizvodi,module,Magento_Catalog
%1 - Special Products,%1 - specijalni proizvodi,module,Magento_Catalog
Click for price,Kliknite za cenu,module,Magento_Catalog
Special Expires On: %1,Specijalna ponuda ističe: %1,module,Magento_Catalog
Price: %1,Cena: %1,module,Magento_Catalog
Special Price: %1,Posebna cena: %1,module,Magento_Catalog
Special Products,Specijalni proizvodi,module,Magento_Catalog
Manage Catalog Categories,Upravljanje katalogom kategorija,module,Magento_Catalog
Manage Categories,Upravljanje kategorijama,module,Magento_Catalog
You deleted the category.,Obrisali ste kategoriju.,module,Magento_Catalog
Something went wrong while trying to delete the category.,Došlo je do greške prilikom brisanja kategorije.,module,Magento_Catalog
Categories,Kategorije,module,Magento_Catalog
Category is not available for requested store.,Kategorija nije dostupna za traženu prodavnicu.,module,Magento_Catalog
There was a category move error.,Došlo je do greške pri pomeranju kategorije.,module,Magento_Catalog
You moved the category.,Premestili ste kategoriju.,module,Magento_Catalog
"The ""%1"" attribute is required. Enter and try again.","""%1"" atribut je obavezan. Unesite ga i pokušajte ponovo.",module,Magento_Catalog
Something went wrong while saving the category.,Došlo je do greške prilikom snimanja kategorije.,module,Magento_Catalog
You saved the category.,Sačuvali ste kategoriju.,module,Magento_Catalog
Please select products for attributes update.,Odaberite proizvode za ažuriranje atributa.,module,Magento_Catalog
Please make sure to define SKU values for all processed products.,Uverite se da ste definisali vrednost šifri za sve obrađene proizvode.,module,Magento_Catalog
Something went wrong while updating the product(s) attributes.,Došlo je do greške prilikom ažuriranja atributa proizvod(a).,module,Magento_Catalog
Something went wrong while processing the request.,Došlo je do greške prilikom obrade zahteva.,module,Magento_Catalog
Unable to add attribute,Nije moguće dodati atribut,module,Magento_Catalog
Attributes were missing and must be specified.,Nedostaju atributi koji moraju biti definisani.,module,Magento_Catalog
Catalog,Katalog,module,Magento_Catalog
Manage Product Attributes,Upravljanje atributima proizvoda,module,Magento_Catalog
We can't delete the attribute.,Ne možete obrisati atribut.,module,Magento_Catalog
You deleted the product attribute.,Izbrisali ste atribut proizvoda.,module,Magento_Catalog
We can't find an attribute to delete.,Ne možemo pronaći atribute za brisanje.,module,Magento_Catalog
This attribute no longer exists.,Ovaj atribut više ne postoji.,module,Magento_Catalog
This attribute cannot be edited.,Ovaj atribut se ne može izmeniti.,module,Magento_Catalog
Edit Product Attribute,Izmeniti atribut proizvoda,module,Magento_Catalog
"The attribute couldn't be saved due to an error. Verify your information and try again. If the error persists, please try again later.","Atribut ne može biti sačuvan zbog greške. Proverite informacije i pokušajte ponovo. Ukoliko i dalje prikazuje grešku, molimo pokušajte kasnije.",module,Magento_Catalog
An attribute set named '%1' already exists.,Jedna grupa atributa pod nazivom '%1' već postoji.,module,Magento_Catalog
Something went wrong while saving the attribute.,Došlo je do greške prilikom snimanja atributa.,module,Magento_Catalog
We can't update the attribute.,Ne možemo ažurirati atribut.,module,Magento_Catalog
You saved the product attribute.,Sačuvali ste atribut proizvoda.,module,Magento_Catalog
"The attribute couldn't be validated due to an error. Verify your information and try again. If the error persists, please try again later.","Atribut nije potvrđen zbog greške. Proverite informacije i pokušajte ponovo. Ukoliko se greška nastavi, molimo pokušajte ponovo.",module,Magento_Catalog
An attribute with this code already exists.,Atribut sa ovim kodom već postoji.,module,Magento_Catalog
An attribute with the same code (%1) already exists.,Atribut sa istim kodom (%1) već postoji.,module,Magento_Catalog
The value of Admin must be unique. (%1),Vrednost Admin mora biti jedinstvena. (%1),module,Magento_Catalog
The value of Admin scope can't be empty.,Vrednost admin područja ne može biti prazno.,module,Magento_Catalog
You duplicated the product.,Duplirali ste proizvod.,module,Magento_Catalog
This product doesn't exist.,Ovaj proizvod ne postoji.,module,Magento_Catalog
Invalid product id. Should be numeric value greater than 0,Nevažeći id proizvoda. Mora biti broj veći od 0,module,Magento_Catalog
Products,Proizvodi,module,Magento_Catalog
A group with the same name already exists.,Grupa sa istim nazivom već postoji.,module,Magento_Catalog
Something went wrong while saving this group.,Došlo je do greške prilikom snimanja atributa.,module,Magento_Catalog
A total of %1 record(s) have been deleted.,Ukupno %1 zapis(a) je uklonjeno.,module,Magento_Catalog
A total of %1 record(s) have been updated.,Ukupno %1 zapis(a) je promenjeno.,module,Magento_Catalog
Something went wrong while updating the product(s) status.,Došlo je do greške prilikom ažuriranja statusa proizvod(a).,module,Magento_Catalog
The product was unable to be saved. Please try again.,Proizvod nije moguće sačuvati. Molimo pokušajte kasnije.,module,Magento_Catalog
You saved the product.,Sačuvali ste proizvod.,module,Magento_Catalog
SKU for product %1 has been changed to %2.,Šifra za proizvod %1 se promenila na %2.,module,Magento_Catalog
The image cannot be removed as it has been assigned to the other image role,Slika nije mogla biti uklonjena zato što je dodeljena drugom pravilu,module,Magento_Catalog
New Attribute Set,Novi skup atributa,module,Magento_Catalog
The attribute set has been removed.,Skup atributa je uklonjen.,module,Magento_Catalog
We can't delete this set right now.,Trenutno ne možemo da obrišemo ovaj skup.,module,Magento_Catalog
New Set,Novi komplet,module,Magento_Catalog
Manage Product Sets,Upravljanje skupom proizvoda,module,Magento_Catalog
Manage Attribute Sets,Upravljanje skupom atributa,module,Magento_Catalog
This attribute set no longer exists.,Ovaj skup atributa više ne postoji.,module,Magento_Catalog
You saved the attribute set.,Sačuvali ste skup atributa.,module,Magento_Catalog
Something went wrong while saving the attribute set.,Došlo je do greške prilikom snimanja kompleta atributa.,module,Magento_Catalog
You cleared the comparison list.,Obrisali ste listu za poređenje.,module,Magento_Catalog
Something went wrong  clearing the comparison list.,Došlo je do greške prilikom brisanja liste za poređenje.,module,Magento_Catalog
You removed product %1 from the comparison list.,Uklonili ste proizvod %1 iz liste za poređenje.,module,Magento_Catalog
1 item,1 stavka,module,Magento_Catalog
%1 items,%1 stavke,module,Magento_Catalog
Are you sure you want to remove this item from your Compare Products list?,Da li ste sigurni da želite da uklonite ovu stavku sa liste za poređenje proizvoda?,module,Magento_Catalog
Are you sure you want to remove all items from your Compare Products list?,Da li ste sigurni da želite da uklonite sve stavke sa liste za poređenje proizvoda?,module,Magento_Catalog
Invalid attribute %1,Nevažeći atribut %1,module,Magento_Catalog
Grid,Mreža,module,Magento_Catalog
List,Lista,module,Magento_Catalog
All,Sve,module,Magento_Catalog
Bad controller interface for showing product,Loš kontroler interfejsa za prikazivanje proizvoda,module,Magento_Catalog
Product is not loaded,Proizvod nije učitan,module,Magento_Catalog
Make sure the To Date is later than or the same as the From Date.,Uverite se da je do datum nakon ili isti kao i od datuma.,module,Magento_Catalog
Something went wrong while scheduling operations.,Nešto nije u redu while scheduling operations.,module,Magento_Catalog
"Sorry, but we can't find the new parent category you selected.","Žao nam je, ali ne možemo da pronađemo novu roditeljsku kategoriju za izabrano.",module,Magento_Catalog
"Sorry, but we can't find the new category you selected.","Žao nam je, ali ne možemo da pronađemo novu kategoriju za izabrano.",module,Magento_Catalog
We can't move the category because the parent category name matches the child category name.,Ne možemo da pomerimo kategoriju jer se naziv nadređene kategorije poklapa sa nazivom podređene kategorije.,module,Magento_Catalog
Something went wrong while getting the image url.,Došlo je do greške prilikom snimanja url slike.,module,Magento_Catalog
Can't delete root category.,Nije moguće izbrisati osnovnu kategoriju.,module,Magento_Catalog
"The value of the ""%1"" attribute isn't unique. Set a unique value and try again.","Vrednost ""%1"" svojstva nije jedinstvena. Podesite jedinstvenu vrednost i pokušajte ponovo.",module,Magento_Catalog
Default Product Listing Sort by does not exist in Available Product Listing Sort By.,Podrazumevani listing sortiranja proizvoda ne postoji u listingu sortiranih dostupnih proizvoda.,module,Magento_Catalog
No layout updates,Nema raspored ažuriranja,module,Magento_Catalog
Products only,Samo proizvodi,module,Magento_Catalog
Static block only,Samo statički blok,module,Magento_Catalog
Static block and products,Statični blok i proizvodi,module,Magento_Catalog
Please select a static block.,Molim vas izaberite statični blok.,module,Magento_Catalog
"Could not save product ""%1"" with position %2 to category %3",Nije moguće sačuvati proizvod „%1” sa pozicije %2 u kategoriju %3,module,Magento_Catalog
The category doesn't contain the specified product.,Kategorija ne sadrži navedeni proizvod.,module,Magento_Catalog
"Could not save product ""%product"" with position %position to category %category",Nije moguće sačuvati proizvod „%p” sa pozicije %p u kategoriju %c,module,Magento_Catalog
Operation do not allow to move a parent category to any of children category,Operacija vam ne dozvoljava da premestite nadređenu kategoriju u bilo koju od kategorija dece,module,Magento_Catalog
Could not move category,Nije moguće premestiti kategoriju,module,Magento_Catalog
Could not save category: %1,Nije moguće sačuvati kategoriju: %1,module,Magento_Catalog
Cannot delete category with id %1,Nije moguće izbrisati opciju sa id %1,module,Magento_Catalog
-- Please Select a Category --,--Izaberite kategoriju--,module,Magento_Catalog
Grid Only,Samo koordinatnu mrežu,module,Magento_Catalog
List Only,Samo lista,module,Magento_Catalog
Grid (default) / List,Mreža (podrazumevana) / lista,module,Magento_Catalog
List (default) / Grid,Lista (podrazumevana) / Mreža,module,Magento_Catalog
Automatic (equalize price ranges),Automatsko (izjednačavanje ranga cena),module,Magento_Catalog
Automatic (equalize product counts),Automatsko (izjednačavanje broja proizvoda),module,Magento_Catalog
Manual,Ručno,module,Magento_Catalog
Fixed,Fiksno,module,Magento_Catalog
Percent,Procenat,module,Magento_Catalog
Discount,Popust,module,Magento_Catalog
-- Please select --,-- Molimo izaberite --,module,Magento_Catalog
Product Thumbnail Itself,Male sličice samih proizvoda,module,Magento_Catalog
Parent Product Thumbnail,Male sličice nadređenih proizvoda,module,Magento_Catalog
Stretch,Rastegnuti,module,Magento_Catalog
Tile,Popločano,module,Magento_Catalog
Top/Left,Gore/Levo,module,Magento_Catalog
Top/Right,Gore/Desno,module,Magento_Catalog
Bottom/Left,Dole/Levo,module,Magento_Catalog
Bottom/Right,Dole/Desno,module,Magento_Catalog
Center,Centrirano,module,Magento_Catalog
%1 doesn't extends \Magento\Framework\Model\AbstractModel,%1 ne proširuje \Magento\Framework\Model\AbstractModel,module,Magento_Catalog
Something went wrong while saving the file(s).,Došlo je do greške prilikom čuvanja fajlova.,module,Magento_Catalog
File validation failed.,Neuspešna validacija fajla.,module,Magento_Catalog
File can not be saved to the destination folder.,Fajl ne može biti sačuvan u odredišnom folderu.,module,Magento_Catalog
"Unknown EAV indexer type ""%1"".","Nepoznati EAV indekser tipa ""%1"".",module,Magento_Catalog
We can't rebuild the index for an undefined product.,Ne možemo ponovo da napravimo indeks za nedefinisani proizvod.,module,Magento_Catalog
Bad value was supplied.,Uneta je pogrešna vrednost.,module,Magento_Catalog
The Flat Catalog module has a limit of %2$d filterable and/or sortable attributes.Currently there are %1$d of them.Please reduce the number of filterable/sortable attributes in order to use this module,"Modul Flat Cataloga ima limit od %2$d filtrirajuća i/ili sortirajuća svojstva. Trenutno ih ima %1$d. Molimo smanjite broj filtrirajućih ili sortirajućih svojstva, kako biste mogli da koristite ovaj modul",module,Magento_Catalog
"Unsupported product type ""%1"".","Nepodržani tip proizvoda ""%1"".",module,Magento_Catalog
Please correct the category.,Molimo korigujte kategoriju.,module,Magento_Catalog
Must be category model instance or its id.,Mora biti instanca modela kategorija ili njen id.,module,Magento_Catalog
The attribute model is not defined.,Model atributa nije definisan.,module,Magento_Catalog
Category,Kategorija,module,Magento_Catalog
%1 - %2,%1 x %2,module,Magento_Catalog
The %1 value wasn't found in the algorithms.,%1 vrednost nije pronađena u algoritmima.,module,Magento_Catalog
%1 doesn't extend \Magento\Catalog\Model\Layer\Filter\Dynamic\AlgorithmInterface,%1 ne proširuje \Magento\Catalog\Model\Layer\Filter\Dynamic\AlgorithmInterface,module,Magento_Catalog
%1 doesn't extends \Magento\Catalog\Model\Layer\Filter\AbstractFilter,%1 ne proširuje \Magento\Catalog\Model\Layer\Filter\AbstractFilter,module,Magento_Catalog
The filter must be an object. Please set the correct filter.,Filter mora biti objekat. Molimo podesite odgovarajući filter.,module,Magento_Catalog
Clear Price,Prava cena,module,Magento_Catalog
%1 and above,%1 i iznad,module,Magento_Catalog
The filters are invalid. Set them in an array and try again.,Filteri nisu ispravni. Postavite ih u niz i pokušajte ponovo.,module,Magento_Catalog
The product wasn't registered.,Proizvod nije registrovan.,module,Magento_Catalog
The store wasn't registered. Verify the store and try again.,Prodavnica nije registrovana. Verifikujte prodavnicu i probajte ponovo.,module,Magento_Catalog
The system attribute can't be deleted.,Sistemski atribut se ne može izbrisati.,module,Magento_Catalog
Group price must be a number greater than 0.,Grupna cena mora biti broj veći od 0.,module,Magento_Catalog
Media Gallery converter should be an instance of EntryConverterInterface.,Konverter Media Gallery mora biti instanca EntryConverterInterface.,module,Magento_Catalog
There is no MediaGalleryEntryConverter for given type,Ne postoji MediaGalleryEntryConverter za dati tip,module,Magento_Catalog
Please enter a number 0 or greater in this field.,U ovo polje unesite broj 0 ili veći.,module,Magento_Catalog
"The ""%1"" attribute value is empty. Set the attribute and try again.","""%1"" vrednost atributa je prazna. Postavite atribut i pokušajte ponovo.",module,Magento_Catalog
SKU length should be %1 characters maximum.,Dužina šifre bi trebalo da bude najviše %1 karaktera.,module,Magento_Catalog
Please enter a valid number in this field.,Molimo unesite važeći broj u ovo polje.,module,Magento_Catalog
"Tier prices data should be array, but actually other type is received","Podaci o popustu na količinu treba da bude niz, ali drugi tip je primljen",module,Magento_Catalog
"We found a duplicate website, tier price, customer group and quantity.","Pronašli smo duplikat sajta, popusta na količinu, korisničke grupe i količine.",module,Magento_Catalog
Percentage value must be a number between 0 and 100.,Procentna vrednost mora biti broj između 0 i 100.,module,Magento_Catalog
This group contains system attributes. Please move system attributes to another group and try again.,Ova grupa sadrži sistemske atribute. Molimo pomerite sistemske atribute u drugu grupu i pokušajte ponovo.,module,Magento_Catalog
Invalid option id %1,Neispravan id opcije %1,module,Magento_Catalog
The attribute set couldn't be created because it's based on a non-product attribute set.,Atribut set ne može biti kreiran jer je baziran na atribut setu koji nije vezan za proizvod.,module,Magento_Catalog
The attribute set couldn't be created because it's based on a non-existing attribute set.,Atribut set ne može biti kreiran jer se bazira na nepostojećem atribut setu.,module,Magento_Catalog
Provided Attribute set non product Attribute set.,Obezbeđeni atribut set nije vezan za proizvode.,module,Magento_Catalog
Use config,Koristi konfiguraciju,module,Magento_Catalog
Enabled,Omogućeno,module,Magento_Catalog
Disabled,Onemogućeno,module,Magento_Catalog
Attribute Set already exists.,Atribut set već postoji.,module,Magento_Catalog
We couldn't copy file %1. Please delete media with non-existing images and try again.,We couldn't copy file %1. Please delete media with non-existing images and pokušajte ponovo.,module,Magento_Catalog
The image content is invalid. Verify the content and try again.,Slika je neispravna. Proverite sadržaj i pokušajte ponovo.,module,Magento_Catalog
The product can't be saved.,Proizvod ne može biti sačuvan.,module,Magento_Catalog
The new media gallery entry failed to save.,Nova galerija medije nije mogla biti sačuvana.,module,Magento_Catalog
No image with the provided ID was found. Verify the ID and try again.,Slika sa unetim IDem nije pronađena. Proverite ID pa pokušajte ponovo.,module,Magento_Catalog
The product doesn't exist. Verify and try again.,Proizvod ne postoji. Proverite pa pokušajte ponovo.,module,Magento_Catalog
The image doesn't exist. Verify and try again.,Slika ne postoji. Proverite pa pokušajte ponovo.,module,Magento_Catalog
The image doesn't exist.,Proizvod ne postoji.,module,Magento_Catalog
The image type for the file is invalid. Enter the correct image type and try again.,Tip slike nije validan za ovakav fajl. Unesite ispravan tip slike pa pokušajte ponovo.,module,Magento_Catalog
"The ""%1"" file couldn't be moved.","Fajl ""%1"" ne može da se pomeri.",module,Magento_Catalog
Can't get information about the picture: %1,Nemoguće dobiti Inforamcije o ovoj fotografijei: %1,module,Magento_Catalog
The option type to get group instance is incorrect.,Tip opcije za dobijanje instance grupe je netačan.,module,Magento_Catalog
Select type options required values rows.,Odaberite tip opcije neophodan za red vrednosti.,module,Magento_Catalog
The ProductSku is empty. Set the ProductSku and try again.,ProductSku je prazan. Unesite ProductSku pa pokušajte ponovo.,module,Magento_Catalog
The custom option couldn't be removed.,Prilagođena opcija ne može da se ukloni.,module,Magento_Catalog
Please specify date required option(s).,Molimo navedite opciju(e) datum je neophodan.,module,Magento_Catalog
Please specify time required option(s).,Molimo navedite opciju(e) vreme je neophodno.,module,Magento_Catalog
The product's required option(s) weren't entered. Make sure the options are entered and try again.,Obavezne opcije proizvoda nisu unete. Uverite se da su opcije upisane i pokušajte ponovo.,module,Magento_Catalog
The option instance type in options group is incorrect.,Instanca tipa proizvoda u grupi proizvoda je neispravna.,module,Magento_Catalog
The product instance type in options group is incorrect.,Instanca tipa proizvoda u grupi proizvoda je neispravna.,module,Magento_Catalog
The configuration item option instance in options group is incorrect.,Konfiguracija instance artikla u grupi opcija nije korektna.,module,Magento_Catalog
The configuration item instance in options group is incorrect.,Konfiguracija instance artikla u grupi opcija nije korektna.,module,Magento_Catalog
The BuyRequest instance in options group is incorrect.,Instanca KupiZahtev u grupi opcija nije korektna.,module,Magento_Catalog
The product's required option(s) weren't entered. Make sure the options are entered and try again.,Obavezne opcije proizvoda nisu unete. Uverite se da su opcije upisane i pokušajte ponovo.,module,Magento_Catalog
%1 doesn't extends \Magento\Catalog\Model\Product\Option\Type\DefaultType,%1 doesn't extends \Magento\Katalog\Model\Proizvod\Opcija\Tip\DefaultType,module,Magento_Catalog
The file options format is invalid. Use a correct format and try again.,Neispravan format file opcija. Koristite ispravan format i pokušajte ponovo.,module,Magento_Catalog
Full file path is expected.,Puna putanja fajla je očekivana.,module,Magento_Catalog
The file '%1' for '%2' has an invalid extension.,Datoteka '%1' za '%2' ima neispravnu ekstenziju.,module,Magento_Catalog
The maximum allowed image size for '%1' is %2x%3 px.,Maksimalna dozvoljena veličina slike za '%1' je %2x%3 px.,module,Magento_Catalog
The file '%1' you uploaded is larger than the %2 megabytes allowed by our server.,Datoteka '%1' koju ste poslali je veća od %2MB dozvoljeno za ovaj server.,module,Magento_Catalog
"The file ""%1"" is empty. Select another file and try again.","Fajl ""%1"" je prazan. Odaberite drugi fajl i pokušajte ponovo.",module,Magento_Catalog
The file '%1' is invalid. Please choose another one,Datoteka „%1” je nevažeća. Odaberite drugu,module,Magento_Catalog
File '%1' is not an image.,Datoteka '%1' is not an image.,module,Magento_Catalog
"The validation failed. Make sure the required options are entered and the file is uploaded, then try again.","Validacija nije uspela. Uverite se da su obavezne opcije upisane i da je fajl okačen, pa pokušajte ponovo.",module,Magento_Catalog
The file was too big and couldn't be uploaded. Use a file smaller than %1 MBs and try to upload again.,Fajl je bio prevelik i nije mogao biti okačen. Koristite program da biste smanjili fajl na %1 MBs i pokušajte ponovo.,module,Magento_Catalog
The required option wasn't entered. Enter the option and try again.,Obavezna opcija nije upisana. Unesite opciju i pokušajte ponovo.,module,Magento_Catalog
The file is empty. Select another file and try again.,Fajl je prazan. Odaberite drugi fajl i pokušajte ponovo.,module,Magento_Catalog
Some of the selected item options are not currently available.,Neke izabrane opcije stavke nisu trenutno dostupne.,module,Magento_Catalog
The text is too long. Shorten the text and try again.,Tekst je predugačak. Skratite tekst i pokušajte ponovo.,module,Magento_Catalog
Invalid attribute %fieldName = %fieldValue.,Nevažeći atribut %fieldName = %fieldValue.,module,Magento_Catalog
"Requested store is not found. Row ID: SKU = %SKU, Store ID: %storeId.","Zahtevana radnja nije pronađena. Red ID: Šifra = %SKU, prodavnica ID: %storeId.",module,Magento_Catalog
"Invalid attribute Cost = %cost. Row ID: SKU = %SKU, Store ID: %storeId.","Nevažeći atribut troška = %cost. Red ID: Šifra = %SKU, prodavnica ID: %storeId.",module,Magento_Catalog
Could not save Prices.,Nije bilo moguće sačuvati cene.,module,Magento_Catalog
Could not delete Prices,Nije bilo moguće izbrisati cene,module,Magento_Catalog
The attribute can't be saved.,Atribut ne može biti snimljen.,module,Magento_Catalog
Could not save Tier Prices,Nije bilo moguće sačuvati sloj cena,module,Magento_Catalog
Could not replace Tier Prices,Nije bilo moguće zameniti sloj cena,module,Magento_Catalog
Could not delete Tier Prices,Nije bilo moguće obrisati sloj cena,module,Magento_Catalog
"Invalid attribute SKU = %SKU. Row ID: SKU = %SKU, Website ID: %websiteId, Customer Group: %customerGroup, Quantity: %qty.","Nevažeći atribut Šifra = %SKU. Red ID: Šifra = %SKU, Web lokacija ID: % websiteId, grupa kupaca: %customerGroup, količina: %qty.",module,Magento_Catalog
"Invalid attribute Price = %price. Row ID: SKU = %SKU, Website ID: %websiteId, Customer Group: %customerGroup, Quantity: %qty.","Nevažeći atribut cena = %price. Red ID: Šifra = %SKU, Web lokacija ID: %websiteId, grupa kupaca: %customerGroup, količina: %qty.",module,Magento_Catalog
"Invalid attribute Price Type = %priceType. Row ID: SKU = %SKU, Website ID: %websiteId, Customer Group: %customerGroup, Quantity: %qty.","Nevažeći atribut tip cena = %priceType. Red ID: Šifra = %SKU, Web lokacija ID: %websiteId, grupa kupaca: %customerGroup, količina: %qty.",module,Magento_Catalog
"Invalid attribute Quantity = %qty. Row ID: SKU = %SKU, Website ID: %websiteId, Customer Group: %customerGroup, Quantity: %qty.","Nevažeći atribut količina = %qty. Red ID: Šifra = %SKU, Web lokacija ID: % websiteId, grupa kupaca: %customerGroup, količina: %qty.",module,Magento_Catalog
"Invalid attribute Website ID = %websiteId. Row ID: SKU = %SKU, Website ID: %websiteId, Customer Group: %customerGroup, Quantity: %qty.","Nevažeći atribut Web lokacija ID: %websiteId. Red ID: Šifra = %SKU, Web lokacija ID: %websiteId, grupa kupaca: %customerGroup, količina: %qty.",module,Magento_Catalog
"We found a duplicate website, tier price, customer group and quantity: Customer Group = %customerGroup, Website ID = %websiteId, Quantity = %qty. Row ID: SKU = %SKU, Website ID: %websiteId, Customer Group: %customerGroup, Quantity: %qty.","Pronašli smo duplikat web lokacije, sloja cena, korisničke grupe i količine: Korisnička grupa = %customerGroup, Web lokacija ID = %websiteId, Količina = %qty. Row ID: Šifra = %SKU, Weblokacija ID: %websiteId, Groupa kupaca: %customerGroup, Količina: %qty.",module,Magento_Catalog
"No such entity with Customer Group = %customerGroup. Row ID: SKU = %SKU, Website ID: %websiteId, Customer Group: %customerGroup, Quantity: %qty.","Ne postoji entitet sa grupom korisnika = %customerGroup. Row ID: Šifra= %SKU, Web lokacija ID: %websiteId, Grupa korisnika: %customerGroup, Količina: %qty.",module,Magento_Catalog
Tier price is unavailable for this product.,Cena s popustom za određenu grupu nije omogućena za ovaj proizvod.,module,Magento_Catalog
"Product hasn't group price with such data: customerGroupId = '%1', website = %2, qty = %3","Proizvod hasn't group price with such data: customerGroupId = '%1', website = %2, qty = %3",module,Magento_Catalog
The tier_price data is invalid. Verify the data and try again.,Tier_price podaci nisu ispravni. Proverite podatke i pokušajte ponovo.,module,Magento_Catalog
The group price couldn't be saved.,Grupna cena ne može biti sačuvana.,module,Magento_Catalog
The data was invalid. Verify the data and try again.,Podatak nije ispravan. Proverite podatak i pokušajte ponovo.,module,Magento_Catalog
Values in the %1 attributes are invalid. Verify the values and try again.,Vrednosti u %1 atributima nisu ispravne. Proverite vrednosti i pokušajte ponovo.,module,Magento_Catalog
The file upload failed. Try to upload again.,Neuspešno uploudovanje fajla. Pokušajte ponovo.,module,Magento_Catalog
The product has required options. Enter the options and try again.,Proizvod ima neke obavezne opcije. Popunite te opcije i pokušajte ponovo.,module,Magento_Catalog
%1 doesn't extends \Magento\Catalog\Model\Product\Type\AbstractType,%1 doesn't extends \Magento\Katalog\Model\Proizvod\Tip\AbstractType,module,Magento_Catalog
%1 doesn't extends \Magento\Catalog\Model\Product\Type\Price,%1 doesn't extends \Magento\Katalog\Model\Proizvod\Tip\Cena,module,Magento_Catalog
Not Visible Individually,Nije vidljivo individualno,module,Magento_Catalog
Search,Pretraga,module,Magento_Catalog
"Catalog, Search","Katalog, pretraga",module,Magento_Catalog
Something went wrong while removing products from the websites.,Došlo je do greške prilikom uklanjanja proizvoda sa web lokacija.,module,Magento_Catalog
Something went wrong while adding products to websites.,Došlo je do greške pri dodavanju proizvoda na web lokacije.,module,Magento_Catalog
"The group with the ""%1"" ID doesn't exist. Verify the ID and try again.","Grupa sa ID ""%1"" ne postoji. Proverite ID i pokušajte ponovo.",module,Magento_Catalog
The attribute group can't be deleted because it contains system attributes.,Atribut grupe ne može biti obrisan zato što sadrži sistemske atribute.,module,Magento_Catalog
The collection provider isn't registered.,Pružalac kolekcije nije registrovan.,module,Magento_Catalog
"The ""%1"" link type is unknown. Verify the type and try again.","""%1"" tip linka je nepoznat. Verifikujte tip i pokušajte ponovo.",module,Magento_Catalog
"The ""%1"" link type wasn't found. Verify the type and try again.","""%1"" tip linka nije pronađen. Verifikujte tip i pokušajte ponovo.",module,Magento_Catalog
The linked products data is invalid. Verify the data and try again.,Podaci povezanih proizvoda su neispravni. Verifikujte podatke i pokušajte ponovo.,module,Magento_Catalog
Product with SKU '%1' is not linked to product with SKU '%2',Proizvod sa šifrom „%1” nije povezan sa proizvodom sa šifrom „%2”,module,Magento_Catalog
Product %1 doesn't have linked %2 as %3,Proizvod %1 doesn't have linked %2 as %3,module,Magento_Catalog
The product that was requested doesn't exist. Verify the product and try again.,Traženi proizvod ne postoji. Proverite proizvod i pokušajte kasnije.,module,Magento_Catalog
"The Product with the ""%1"" SKU doesn't exist.","Proizvod sa ""%1"" SKU ne postoji.",module,Magento_Catalog
Invalid product data: %1,Nevažeći podatak proizvoda: %1,module,Magento_Catalog
"The ""%1"" product couldn't be removed.","""%1"" proizvod ne može biti uklonjen.",module,Magento_Catalog
Database connection error,Greška u povezivanju sa bazom podataka,module,Magento_Catalog
Database deadlock found when trying to get lock,Greška pri zaključavanju baze prilikom pokušaja zaključavanja,module,Magento_Catalog
Database lock wait timeout exceeded,Prekoračeno vreme u čekanju na zaključavanju baze,module,Magento_Catalog
There are not websites for assign to product,Ne postoje Web lokacije za dodeljivanje proizvoda,module,Magento_Catalog
"Could not assign product ""%1"" to websites ""%2""",Nije mogao da dodeliti proizvod „%1” web lokaciji „%2”,module,Magento_Catalog
"Could not save product ""%1"" with websites %2",Nije moguće sačuvati proizvod „%1” sa web lokacije %2,module,Magento_Catalog
We cannot determine the field name.,Ne možemo da utvrdimo naziv polja.,module,Magento_Catalog
Attribute '%1' is locked. %2,Atribut '%1' is locked. %2,module,Magento_Catalog
Do not change the scope. %1,Ne menjajte opseg. %1,module,Magento_Catalog
Processor %1 doesn't implement BaseSelectProcessorInterface,%1 procesor ne implementira BaseSelectProcessorInterface,module,Magento_Catalog
A product type is not defined for the indexer.,Tip proizvoda nije definisan za indeksiranje.,module,Magento_Catalog
"Price indexer ""%1"" must implement %2 or %3","Indexer cene ""%1"" mora implementirati %2 ili %3",module,Magento_Catalog
Product with SKU %1 is not linked to product with SKU %2,Proizvod sa šifrom „%1” nije povezan sa proizvodom sa šifrom „%2”,module,Magento_Catalog
Multiple Select,Izbor više stavki,module,Magento_Catalog
Dropdown,Padajuća lista,module,Magento_Catalog
As low as,Sniženje,module,Magento_Catalog
Could not get extension attributes,Nije bilo moguće dobiti atribute oznaka tipa datoteke,module,Magento_Catalog
Message,Poruka,module,Magento_Catalog
message,poruka,module,Magento_Catalog
"The product that was requested doesn't exist. Verify the product and try again. Row ID: SKU = %SKU, Store ID: %storeId, Price From: %priceFrom, Price To: %priceTo.","Traženi proizvod ne postoji. Proverite proizvod i pokušajte ponovo. Row ID: SKU = %SKU, Store ID: %storeId, Price From: %priceFrom, Price To: %priceTo.",module,Magento_Catalog
"Invalid attribute Price = %price. Row ID: SKU = %SKU, Store ID: %storeId, Price From: %priceFrom, Price To: %priceTo.","Nevažeći atribut cena = %price. Red ID: Šifra = %SKU, prodavnica ID: %storeId, cena od: %priceFrom, cena do: %priceTo.",module,Magento_Catalog
"Requested store is not found. Row ID: SKU = %SKU, Store ID: %storeId, Price From: %priceFrom, Price To: %priceTo.","Tražena prodavnica ne postoji. Red ID: Šifra = %SKU, prodavnica ID: %storeId, cena od: %priceFrom, cena do: %priceTo.",module,Magento_Catalog
"Invalid attribute %label = %priceTo. Row ID: SKU = %SKU, Store ID: %storeId, Price From: %priceFrom, Price To: %priceTo.","Nevažeći atribut %label = %priceTo. Red ID: Šifra = %SKU, prodavnica ID: %storeId, cena od: %priceFrom, cena do: %priceTo.",module,Magento_Catalog
Lock wait timeout,Isteklo vremensko ograničenja čekanja,module,Magento_Catalog
Select...,Izabrati...,module,Magento_Catalog
Images,Slike,module,Magento_Catalog
Edit,Izmeni,module,Magento_Catalog
Category with ID: %s doesn't exist,Kategorija sa ID: %s ne postoji,module,Magento_Catalog
Product Name or SKU,Naziv proizvoda ili SKU,module,Magento_Catalog
Start typing to find products,Počnite da kucate da biste pronašli proizvod,module,Magento_Catalog
Product with ID: %s doesn't exist,Proizvod sa ID: %s ne postoji,module,Magento_Catalog
Advanced Pricing,Više opcija za određivanje cena,module,Magento_Catalog
Customer Group Price,Grupe cena za kupca,module,Magento_Catalog
Customer Group,Grupa kupaca,module,Magento_Catalog
Special Price From,Posebne cene od,module,Magento_Catalog
To,Do,module,Magento_Catalog
Done,Gotovo,module,Magento_Catalog
Product Alerts,Alarm proizvoda,module,Magento_Catalog
Alert Stock,Alert Zalihe,module,Magento_Catalog
Alert Price,Alert Cena,module,Magento_Catalog
Add Selected,Dodaj odabrane,module,Magento_Catalog
Select Attribute,Izaberite atribut,module,Magento_Catalog
Create New Attribute,Napraviti novi atribut,module,Magento_Catalog
Customizable Options,Prilagodljive opcije,module,Magento_Catalog
Custom options let customers choose the product variations they want.,Prilagođavanje opcija omogućava korisniku da izabere različite vrednosti koje on želi.,module,Magento_Catalog
Add Option,Dodati opciju,module,Magento_Catalog
New Option,Nova opcija,module,Magento_Catalog
Select Product,Izabrati proizvod,module,Magento_Catalog
Option Title,Naziv opcije,module,Magento_Catalog
Add Value,Dodati vrednost,module,Magento_Catalog
Title,Naslov,module,Magento_Catalog
Option Type,Tip opcije,module,Magento_Catalog
Required,Obavezno,module,Magento_Catalog
Price Type,Vrstu cena,module,Magento_Catalog
Max Characters,Maximalno znakova,module,Magento_Catalog
Compatible File Extensions,Kompatibilni tipovi datoteka,module,Magento_Catalog
Maximum Image Size,Maksimalna veličina slike,module,Magento_Catalog
Please leave blank if it is not an image.,Molimo ostaviti prazno ako to nije kao slika.,module,Magento_Catalog
Processor %1 doesn't implement WysiwygConfigDataProcessorInterface. It will be skipped,Procesor %1 ne implementira WysiwygConfigDataProcessorInterface. Biće preskočen,module,Magento_Catalog
This item has weight,Ovaj artikal ima težinu,module,Magento_Catalog
This item has no weight,Ovaj artikal nema težinu,module,Magento_Catalog
Set Product as New From,Postavi proizvod kao novo iz,module,Magento_Catalog
"Related Products, Up-Sells, and Cross-Sells","Srodni proizvodi, Up-prodaja i Cross-prodaja",module,Magento_Catalog
Related products are shown to customers in addition to the item the customer is looking at.,Srodni proizvodi su prikazani kupcima pored stavke koju kupac gleda.,module,Magento_Catalog
Add Related Products,Dodaj srodne proizvode,module,Magento_Catalog
An up-sell item is offered to the customer as a pricier or higher-quality alternative to the product the customer is looking at.,Up-prodaja artikal je ponuđen artikal kupcu kao zamena bolja cena ili bolji kvalitet proizvoda od onog koji kupac gleda.,module,Magento_Catalog
Add Up-Sell Products,Dodaj Up-prodaju proizvoda,module,Magento_Catalog
Up-Sell Products,Up-prodaja proizvoda,module,Magento_Catalog
"These ""impulse-buy"" products appear next to the shopping cart as cross-sells to the items already in the shopping cart.","Ova ""impulsivna-prodaja"" proizvoda se pojavljuje pored korpe kupca kao ukrštena prodaja sa artiklima koji su već u korpi kupca.",module,Magento_Catalog
Add Cross-Sell Products,Dodak ukrštenu-prodaju proizvoda,module,Magento_Catalog
Cross-Sell Products,Ukrštena-prodaja proizvoda,module,Magento_Catalog
Add Selected Products,Dodati izabrane proizvode,module,Magento_Catalog
Remove,Ukloni,module,Magento_Catalog
Thumbnail,Sličice,module,Magento_Catalog
Actions,Radnje,module,Magento_Catalog
Schedule Update From,Ažuriranje rasporeda iz,module,Magento_Catalog
Product in Websites,Proizvod u Web lokaciji,module,Magento_Catalog
"If your Magento installation has multiple websites, you can edit the scope to use the product on specific sites.","Ako vaša Magento instalacija ima više Web lokacija, možete urediti opseg da koristite proizvod na određenim web lokacijama.",module,Magento_Catalog
name,naziv,module,Magento_Catalog
Copy Data from,Kopiranje podataka iz,module,Magento_Catalog
"If there are no custom parent categories, please use the default parent category. You can reassign the category at any time in <a href=""%1"" target=""_blank"">Products &gt; Categories</a>.","Ako ne postoje prilagođene nadređene kategorije, molimo koristite podrazumevane nadređene kategorije. Možete je u bilo kom trenutku ponovo dodeliti u <a href=""%1"" target=""_blank"">Proizvodi &gt; Kategorije</a>.",module,Magento_Catalog
This operation can take a long time,Ova operacija može potrajati dugo vremena,module,Magento_Catalog
Collapse All,Skupi sve,module,Magento_Catalog
Expand All,Razvij sve,module,Magento_Catalog
Use Default Value,Koristite podrazumevane vrednosti,module,Magento_Catalog
"Manage Titles (Size, Color, etc.)","Upravljanje naslovima (Veličina, boja, itd.)",module,Magento_Catalog
Manage Options (Values of Your Attribute),Upravljanje opcijama (vrednosti vaših atributa),module,Magento_Catalog
Is Default,Je podrazumevano,module,Magento_Catalog
Sort Option,Opciju sortiranja,module,Magento_Catalog
The value of Admin must be unique.,Vrednost atributa Admin mora biti jedinstven.,module,Magento_Catalog
Groups,Grupe,module,Magento_Catalog
Double click on a group to rename it.,Dvaput kliknite na grupu da biste je preimenovali.,module,Magento_Catalog
Unassigned Attributes,Nedodeljeni atribute,module,Magento_Catalog
Please enter a new group name.,Unesite ime nove grupe.,module,Magento_Catalog
"Sorry, we're unable to complete this request.","Sorry, we're nije moguće complete this request.",module,Magento_Catalog
You can't remove attributes from this attribute set.,Ne možete remove attributes from this attribute set.,module,Magento_Catalog
This group contains system attributes. Please move system attributes to another group and try again.,Ova grupa sadrži sistemske atribute. Molimo pomerite sistemske atribute u drugu grupu i pokušajte ponovo.,module,Magento_Catalog
Please select a node.,Molimo odaberite nod.,module,Magento_Catalog
"An attribute group named ""/name/"" already exists.",Jedan atribut grupa pod nazivom „/ ime /” već postoji.,module,Magento_Catalog
Custom Options,Prilagodljive opcije,module,Magento_Catalog
This is a required option.,Ovo polje je neophodno.,module,Magento_Catalog
The field isn't complete.,Polje nije kompletno.,module,Magento_Catalog
Compatible file extensions to upload,Kompatibilna ekstenzija fajla za aploud,module,Magento_Catalog
Maximum image width,Maksimalna širina slike,module,Magento_Catalog
Maximum image height,Maksimalna visina slike,module,Magento_Catalog
Maximum number of characters:,Maksimalan broj karaktera:,module,Magento_Catalog
start typing to search template,počnite da kucate da biste pronašli šablon,module,Magento_Catalog
Product online,Online proizvod,module,Magento_Catalog
Product offline,Offline proizvod,module,Magento_Catalog
Product online status,Online status proizvoda,module,Magento_Catalog
Manage Stock,Magento magacin,module,Magento_Catalog
Qty,Kol,module,Magento_Catalog
Out-of-Stock Threshold,Nema na zalihama Threshold,module,Magento_Catalog
Minimum Qty Allowed in Shopping Cart,Minimalna količina dozvoljena u korpi,module,Magento_Catalog
Maximum Qty Allowed in Shopping Cart,Maksimalna količina dozvoljena u korpi,module,Magento_Catalog
Qty Uses Decimals,Količina koristi decimale,module,Magento_Catalog
Backorders,Poslednje porudžbine,module,Magento_Catalog
Notify for Quantity Below,Obavesti za količinu ispod,module,Magento_Catalog
Enable Qty Increments,Omogući povećanje količine,module,Magento_Catalog
Qty Increments,Povećanje količine,module,Magento_Catalog
Stock Availability,Dostupnost zaliha,module,Magento_Catalog
In Stock,Na stanju,module,Magento_Catalog
Out of Stock,Nema na lageru,module,Magento_Catalog
Add Product To Websites,Dodaj proizvod na web sajt,module,Magento_Catalog
Remove Product From Websites,Ukloni proizvod sa web sajta,module,Magento_Catalog
"To hide an item in catalog or search results, set the status to ""Disabled"".","Da sakrijete proizvod iz kataloga ili pretrage, podesite status ""Onemogućeno"".",module,Magento_Catalog
We can't save custom-defined options for bundles with dynamic pricing.,Mi ne možemo da sačuvamo korisnički prilagođene opcije za pakete sa dinamičkim cenama.,module,Magento_Catalog
Delete Custom Option,Obriši prilagođene opcije,module,Magento_Catalog
Sort Custom Options,Sortiraj prilagođene opcije,module,Magento_Catalog
Input Type,Vrsta unosa,module,Magento_Catalog
%1 <span>x</span> %2 <span>px.</span>,%1<span>y</span>%2<span>px.</span>,module,Magento_Catalog
Sort Custom Option,Prilagođena opcija sortiranja,module,Magento_Catalog
Item Price,Cena proizvoda,module,Magento_Catalog
Action,Akcija,module,Magento_Catalog
and above,i iznad,module,Magento_Catalog
Delete Tier,Obriši nivo,module,Magento_Catalog
Product In Websites,Proizvodi na vebsajtu,module,Magento_Catalog
(Copy data from: %1),(Kopiranje podataka iz: %1),module,Magento_Catalog
Browse to find or drag image here,Pretražite da pronađete i ubacite sliku ovde,module,Magento_Catalog
Delete image,Obriši sliku,module,Magento_Catalog
Hidden,Skriveno,module,Magento_Catalog
Alt Text,Alternativni tekst,module,Magento_Catalog
Role,Uloga,module,Magento_Catalog
Image Size,Veličina Slike,module,Magento_Catalog
Image Resolution,Rezolucija Slike,module,Magento_Catalog
Hide from Product Page,Sakriti od proizvodne stranice,module,Magento_Catalog
Allow Multiple Boxes for Shipping,Dopustiti pakovanje u više kutija radi isporuke,module,Magento_Catalog
start typing to search attribute,počnite da kucate za pretragu atributa,module,Magento_Catalog
Basic Settings,Osnovna podešavanja,module,Magento_Catalog
Advanced Settings,Napredna podešavanja,module,Magento_Catalog
Changes have been made to this section that have not been saved.,Promene koje su napravljene u ovoj sekciji nisu sačuvane.,module,Magento_Catalog
This tab contains invalid data. Please resolve this before saving.,Ova kartica sadrži nevažeće podatke. Molim vas rešite ovo pre snimanja.,module,Magento_Catalog
Mass Actions,Masovne radnje,module,Magento_Catalog
Select All,Izaberi sve,module,Magento_Catalog
Unselect All,Poništi izabrane,module,Magento_Catalog
Select Visible,Izaberi vidljive,module,Magento_Catalog
Unselect Visible,Poništi izabrane vidljive,module,Magento_Catalog
None,Ništa,module,Magento_Catalog
Special Price,Posebna cena,module,Magento_Catalog
Regular Price,Redovna cena,module,Magento_Catalog
Buy %1 for:,Kupiti %1 za:,module,Magento_Catalog
"Buy %1 for %2 each and <strong class=""benefit"">save<span class=""percent tier-%3"">&nbsp;%4</span>%</strong>","Kupiti %1 za %2 svaki i <strong class=""benefit"">sačuvati<span class=""percent tier-%3"">&nbsp;%4</span>%</strong>",module,Magento_Catalog
Buy %1 for %2 each,Kupiti %1 za %2 svaki,module,Magento_Catalog
"You added product %1 to the <a href=""%2"">comparison list</a>.","Dodali ste proizvod %1 u <a href=""%2"">listu poređenja</a>.",module,Magento_Catalog
Shop By,Kupiti po,module,Magento_Catalog
Shopping Options,Opcije kupovine,module,Magento_Catalog
Compare Products,Poređenje proizvoda,module,Magento_Catalog
Print This Page,Štampaj ovu stranu,module,Magento_Catalog
Remove Product,Ukloni proizvod,module,Magento_Catalog
Add to Cart,Dodaj u korpu,module,Magento_Catalog
In stock,Na stanju,module,Magento_Catalog
Out of stock,Nema na lageru,module,Magento_Catalog
Add to Wish List,Dodaj u listu želja,module,Magento_Catalog
You have no items to compare.,Nemate artikle za poređenje.,module,Magento_Catalog
Remove This Item,Ukloni ovu stavku,module,Magento_Catalog
Compare,Poredi,module,Magento_Catalog
Clear All,Očisti sve,module,Magento_Catalog
Prev,Prethodno,module,Magento_Catalog
Next,Sledeće,module,Magento_Catalog
We can't find products matching the selection.,Ne možemo pronaći proizvode koji zadovoljavaju traženo.,module,Magento_Catalog
Learn More,Saznajte više,module,Magento_Catalog
Add to Compare,Dodaj za upoređivanje,module,Magento_Catalog
We found other products you might like!,Pronašli smo ove proizvode koje možda više volite!,module,Magento_Catalog
More Choices:,Više izbora:,module,Magento_Catalog
Check items to add to the cart or,Proveriti artikle za dodavanje u korpu ili,module,Magento_Catalog
select all,izaberi sve,module,Magento_Catalog
Items %1-%2 of %3,Stavke %1-%2 od %3,module,Magento_Catalog
%1 Item,%1 stavka,module,Magento_Catalog
%1 Items,%1 stavke,module,Magento_Catalog
Show,Prikaži,module,Magento_Catalog
per page,po stranici,module,Magento_Catalog
Sort By,Poređaj po,module,Magento_Catalog
Set Ascending Direction,Postavi rastući smer,module,Magento_Catalog
Set Descending Direction,Postavi opadajući smer,module,Magento_Catalog
View as,Pregledi kao,module,Magento_Catalog
More Information,Više informacija,module,Magento_Catalog
Maximum %1 characters,Maksimalno %1 karaktera,module,Magento_Catalog
* Required Fields,* Obavezna polja,module,Magento_Catalog
Availability,Dostupnost,module,Magento_Catalog
Terms and Conditions,Uslovi Korišćenja,module,Magento_CheckoutAgreements
Add New Condition,Dodaj Novi Uslov,module,Magento_CheckoutAgreements
Save Condition,Sačuvaj Uslov,module,Magento_CheckoutAgreements
Delete Condition,Obriši Uslov,module,Magento_CheckoutAgreements
Edit Terms and Conditions,Izmeni Uslove Korišćenja,module,Magento_CheckoutAgreements
New Terms and Conditions,Novi Uslovi Korišćenja,module,Magento_CheckoutAgreements
Terms and Conditions Information,Informacije o Uslovima Korišćenja,module,Magento_CheckoutAgreements
Condition Name,Naziv Uslova,module,Magento_CheckoutAgreements
Enabled,Omogućeno,module,Magento_CheckoutAgreements
Disabled,Onemogućeno,module,Magento_CheckoutAgreements
Show Content as,Prikaži Sadržaj kao,module,Magento_CheckoutAgreements
Text,Tekst,module,Magento_CheckoutAgreements
Applied,Primenjeno,module,Magento_CheckoutAgreements
Store View,Prikaz prodavnice,module,Magento_CheckoutAgreements
Checkbox Text,Tekst u polju za Potvrdu,module,Magento_CheckoutAgreements
Content,Sadržaj,module,Magento_CheckoutAgreements
Content Height (css),Visina Sadržaja (css),module,Magento_CheckoutAgreements
Content Height,Visina Sadržaja,module,Magento_CheckoutAgreements
Condition,Stanje,module,Magento_CheckoutAgreements
Sales,Prodaja,module,Magento_CheckoutAgreements
Checkout Conditions,Uslovi Plaćanja,module,Magento_CheckoutAgreements
Checkout Terms and Conditions,Uslovi Plaćanja i Korišćenja,module,Magento_CheckoutAgreements
This condition no longer exists.,Ovaj uslov više ne postoji.,module,Magento_CheckoutAgreements
You deleted the condition.,Obrisali ste uslov.,module,Magento_CheckoutAgreements
Something went wrong  while deleting this condition.,Došlo je do greške prilikom brisanja ovog uslova.,module,Magento_CheckoutAgreements
Edit Condition,Izmeni Uslov,module,Magento_CheckoutAgreements
New Condition,Novi Uslov,module,Magento_CheckoutAgreements
You saved the condition.,Sačuvali ste uslov.,module,Magento_CheckoutAgreements
Something went wrong while saving this condition.,Došlo je do greške prilikom čuvanja ovog uslova.,module,Magento_CheckoutAgreements
Automatically,Automatski,module,Magento_CheckoutAgreements
Manually,Ručno,module,Magento_CheckoutAgreements
"The order wasn't placed. First, agree to the terms and conditions, then try placing your order again.","Porudžbina nije dovršena. Prvo se složite sa uslovima, a zatim dovršite svoju porudžbinu.",module,Magento_CheckoutAgreements
"The ""%1"" checkout agreement couldn't be saved.","""%1"" ugovor o naplati nije mogao da bude sačuvan.",module,Magento_CheckoutAgreements
"The ""%1"" checkout agreement couldn't be removed.","""%1"" ugovor o naplati nije mogao da bude uklonjen.",module,Magento_CheckoutAgreements
"A checkout agreement with the ""%1"" specified ID wasn't found. Verify the ID and try again.","Ugovor o plaćanju sa ""%1"" ID-em nije pronađen. Proveri ID i pokušaj ponovo.",module,Magento_CheckoutAgreements
Shopping Cart,Korpa,module,Magento_Checkout
City,Grad,module,Magento_Checkout
Country,Država,module,Magento_Checkout
State/Province,Država,module,Magento_Checkout
Zip/Postal Code,Poštanski broj,module,Magento_Checkout
My Cart (1 item),Korpa (1 proizvod),module,Magento_Checkout
My Cart (%1 items),Korpa (%1 proizvoda),module,Magento_Checkout
My Cart,Korpa,module,Magento_Checkout
For delivery questions.,Za pitanja o isporuci.,module,Magento_Checkout
Customer is already registered,Kupac je već registrovan,module,Magento_Checkout
Your session has expired,Vaša sesija je istekla,module,Magento_Checkout
A letter with further instructions will be sent to your email.,Pismo sa daljnjim instrukcijama će Vam biti poslato na mejl.,module,Magento_Checkout
You added %1 to your shopping cart.,Uspešno ste dodali %1 u vašu korpu.,module,Magento_Checkout
We can't add this item to your shopping cart right now.,Trenutno ovaj proizvod nije moguće dodati u vašu korpu.,module,Magento_Checkout
Out of stock,Nema na lageru,module,Magento_Checkout
Please select at least one product to add to cart,Izaberite najmanje jedan proizvod koji ćete dodati u korpu,module,Magento_Checkout
The quote item isn't found. Verify the item and try again.,Navedeni proizvod nije pronađen. Proverite proizvod i pokušajte ponovo.,module,Magento_Checkout
We cannot configure the product.,Ne možemo konfigurisati proizvod.,module,Magento_Checkout
"You used coupon code ""%1"".","Iskoristili ste kod kupona ""%1"".",module,Magento_Checkout
"The coupon code ""%1"" is not valid.",Kupon kod „%1” nije važeći.,module,Magento_Checkout
You canceled the coupon code.,Otkazali ste kupon.,module,Magento_Checkout
We cannot apply the coupon code.,Ne možemo primeniti kupon.,module,Magento_Checkout
We can't remove the item.,Ne možemo ukloniti stavku.,module,Magento_Checkout
%1 was updated in your shopping cart.,%1 je ažuriran u vašoj korpi.,module,Magento_Checkout
We can't update the item right now.,Trenutno ne možemo ažurirati stavku.,module,Magento_Checkout
Something went wrong while saving the page. Please refresh the page and try again.,Došlo je do greške prilikom spremanja stranice. Molimo osvežite stranicu i pokušajte ponovo.,module,Magento_Checkout
We can't update the shopping cart.,Ne možemo da ažuriramo korpu.,module,Magento_Checkout
One-page checkout is turned off.,Plaćanje na stranici je isključeno.,module,Magento_Checkout
Guest checkout is disabled.,Nije omogućeno plaćanje gostu.,module,Magento_Checkout
Checkout,Plaćanje,module,Magento_Checkout
Page not found.,Stranica nije pronađena.,module,Magento_Checkout
"The order wasn't placed. First, agree to the terms and conditions, then try placing your order again.","Porudžbina nije dovršena. Prvo se složite sa uslovima, a zatim dovršite svoju porudžbinu.",module,Magento_Checkout
Something went wrong while processing your order. Please try again later.,Došlo je do greške tokom procesiranja vaše porudžbine. Molimo pokušajte ponovo kasnije.,module,Magento_Checkout
An unspecified error occurred. Please contact us for assistance.,Primećena je nedefinisana greška. Molimo kontaktirajte nas za pomoć.,module,Magento_Checkout
%1 doesn't extend \Magento\Checkout\CustomerData\ItemInterface,%1 ne produžava \Magento\Checkout\CustomerData\ItemInterface,module,Magento_Checkout
Payment Method,Način plaćanja,module,Magento_Checkout
Payment Page,Stranica za Plaćanje,module,Magento_Checkout
Incorrect CAPTCHA,Neispravna CAPTCHA,module,Magento_Checkout
The product wasn't found. Verify the product and try again.,Proizvod nije pronađen. Proverite proizvod i pokušajte ponovo.,module,Magento_Checkout
We found an invalid request for adding product to quote.,Pronašli smo neispravan zahtev za dodavanje proizvoda.,module,Magento_Checkout
The product does not exist.,Proizvod ne postoji.,module,Magento_Checkout
We don't have some of the products you want.,Nemamo neke od traženih proizvoda.,module,Magento_Checkout
We don't have as many of some products as you want.,Nemamo onoliko proizvoda koliko želite.,module,Magento_Checkout
Quantity was recalculated from %1 to %2,Količine su ponovo izračunate iz %1 u %2,module,Magento_Checkout
We adjusted product quantities to fit the required increments.,Količine proizvoda smo prilagodili da odgovaraju povećanim zahtevima.,module,Magento_Checkout
This quote item does not exist.,Navedeni proizvod ne postoji.,module,Magento_Checkout
Display number of items in cart,Prikazani broj proizvoda u korpi,module,Magento_Checkout
Display item quantities,Prikaži količine proizvoda,module,Magento_Checkout
An error occurred on the server. Please try to place the order again.,Došlo je do greške na serveru. Pokušajte da ponovo pošaljete porudžbinu.,module,Magento_Checkout
A server error stopped your order from being placed. Please try to place your order again.,Greška na serveru je zaustavila porudžbinu. Pokušajte da postavite vaše ponude ponovo.,module,Magento_Checkout
The shipping information was unable to be saved. Verify the input data and try again.,Podaci o otpremi nisu uspeli da se sačuvaju. Proverite ulazne podatke i pokušajte ponovo.,module,Magento_Checkout
"Carrier with such method not found: %1, %2","Nosač sa tom metodom nije pronađen: %1, %2",module,Magento_Checkout
The shipping method is missing. Select the shipping method and try again.,Nedostaje način dostave. Odaberite način dostave i pokušajte ponovo.,module,Magento_Checkout
The shipping address is missing. Set the address and try again.,Nedostaje adresa za dostavu. Upišite adresu i pokušajte ponovo.,module,Magento_Checkout
The shipping method can't be set for an empty cart. Add an item to cart and try again.,Način dostave se ne može podesiti kada je korpa prazna. Dodajte proizvod u korpu i pokušajte ponovo.,module,Magento_Checkout
item,stavka,module,Magento_Checkout
items,stavke,module,Magento_Checkout
Totals calculation is not applicable to empty cart,Ne može se izračunati ukupan iznos za praznu korpu,module,Magento_Checkout
Invalid data,Neispravni podaci,module,Magento_Checkout
The customer address is not valid.,Korisnička adresa nije ispravna.,module,Magento_Checkout
Invalid shipping method,Neispravan način dostave,module,Magento_Checkout
There are more than one shipping addresses.,Postoji više od jedne adrese za dostavu.,module,Magento_Checkout
"Sorry, guest checkout is not available.","Žao nam je, kupovina kao gostu nije moguća.",module,Magento_Checkout
"You must confirm your account. Please check your email for the confirmation link or <a href=""%1"">click here</a> for a new link.","Morate potvrditi svoj nalog. Molimo proverite svoju elektronsku poštu za link za potvrdu ili <a href=""%1"">kliknite ovde</a> za novi link.",module,Magento_Checkout
Load customer quote error,Greška prilikom učitavanja ponude korisnika,module,Magento_Checkout
Invalid method: %1,Neispravna metoda: %1,module,Magento_Checkout
Error!,Greška!,module,Magento_Checkout
Error,Greška,module,Magento_Checkout
DB exception,DB izuzetak,module,Magento_Checkout
Message,Poruka,module,Magento_Checkout
Print receipt,Štampa priznanice,module,Magento_Checkout
Apply Discount Code,Primeni kod za popust,module,Magento_Checkout
Enter discount code,Unesi kod za popust,module,Magento_Checkout
Apply Discount,Primeni popust,module,Magento_Checkout
Cancel Coupon,Otkaži kupon,module,Magento_Checkout
Shopping Cart Items,Artikli u kolicima za kupovinu,module,Magento_Checkout
Item,Artikal,module,Magento_Checkout
Price,Cena,module,Magento_Checkout
Qty,Kol,module,Magento_Checkout
Subtotal,Međuzbir,module,Magento_Checkout
Continue Shopping,Nastavite kupovinu,module,Magento_Checkout
Clear Shopping Cart,Isprazni korpu,module,Magento_Checkout
Update Shopping Cart,Ažuriranje korpe sa artiklima,module,Magento_Checkout
Update Cart,Ažuriraj korpu,module,Magento_Checkout
See price before order confirmation.,Proveri cenu pre potvrde naruđbine.,module,Magento_Checkout
What's this?,Što je ovo?,module,Magento_Checkout
Edit item parameters,Uređivanje parametara artikala,module,Magento_Checkout
Edit,Izmeni,module,Magento_Checkout
Remove item,Ukloni stavku,module,Magento_Checkout
You have no items in your shopping cart.,Nemate artikle u korpi.,module,Magento_Checkout
"Click <a href=""%1"">here</a> to continue shopping.","Kliknite <a href=""%1"">ovde</a> da nastavite kupovinu.",module,Magento_Checkout
Estimate Tax,Procenjene takse,module,Magento_Checkout
Estimate Shipping and Tax,Procenjena dostava i takse,module,Magento_Checkout
Excl. Tax,Bez poreza,module,Magento_Checkout
"You added %1 to your <a href=""%2"">shopping cart</a>.","Dodali ste %1 u vašu <a href=""%2"">korpu</a>.",module,Magento_Checkout
Loading...,Učitavanje...,module,Magento_Checkout
Order #,Porudžbina #,module,Magento_Checkout
Proceed to Checkout,Nastavi ka plaćanju,module,Magento_Checkout
Product Name,Naziv proizvoda,module,Magento_Checkout
Incl. Tax,Iznos sa PDV,module,Magento_Checkout
Your order number is: %1.,Broj Vaše porudžbine je: %1.,module,Magento_Checkout
Your order # is: <span>%1</span>.,Vaša porudžbina # je: <span>%1</span>.,module,Magento_Checkout
We'll email you an order confirmation with details and tracking info.,"Poslaćemo vam potvrdu porudžbine na mejl, sa detaljima i informacijama za praćenje pošiljke.",module,Magento_Checkout
"""identifiers"" of CMS blocks should be specified","""identifikatori"" CMS blokova treba da budu navedeni",module,Magento_CmsGraphQl
"The CMS block with the ""%1"" ID doesn't exist.","CMS blok sa ""%1"" ID ne postoji.",module,Magento_CmsGraphQl
Static Blocks,Statički Blokovi,module,Magento_Cms
Add New Block,Dodaj Novi Blok,module,Magento_Cms
Back,Nazad,module,Magento_Cms
Are you sure you want to do this?,Jeste li sigurni da želite da uradite ovo?,module,Magento_Cms
Delete Block,Izbriši Blok,module,Magento_Cms
Save,Sačuvaj,module,Magento_Cms
Save & Duplicate,Sačuvaj & dupliraj,module,Magento_Cms
Save & Close,Sačuvaj i zatvori,module,Magento_Cms
Title,Naslov,module,Magento_Cms
Identifier,Identifikator,module,Magento_Cms
Disabled,Onemogućeno,module,Magento_Cms
Enabled,Omogućeno,module,Magento_Cms
Manage Pages,Upravljaj Stranicama,module,Magento_Cms
Add New Page,Dodaj Novu Stranicu,module,Magento_Cms
Delete Page,Izbriši Stranicu,module,Magento_Cms
URL Key,URL Ključ,module,Magento_Cms
Layout,Raspored,module,Magento_Cms
Store View,Prikaz prodavnice,module,Magento_Cms
Created,Kreiran,module,Magento_Cms
Modified,Izmenjeno,module,Magento_Cms
Action,Akcija,module,Magento_Cms
Preview,Pregled,module,Magento_Cms
Media Storage,Skladište Media sadržaja,module,Magento_Cms
Cancel,Odustani,module,Magento_Cms
Delete Folder,Izbrišite fasciklu,module,Magento_Cms
Delete Selected,Izbriši odabrano,module,Magento_Cms
Create Folder,Kreiraj direktorijum,module,Magento_Cms
Add Selected,Dodaj odabrane,module,Magento_Cms
New Folder Name:,Novi Naziv Foldera:,module,Magento_Cms
Are you sure you want to delete this folder?,Da li ste sigurni da želite da izbrišete ovaj folder?,module,Magento_Cms
Are you sure you want to delete this file?,Da li ste sigurni da želite da obrišete ovu datoteku?,module,Magento_Cms
Images (%1),Slike (%1),module,Magento_Cms
Home,Početna,module,Magento_Cms
Go to Home Page,Idi na početnu stranicu,module,Magento_Cms
You deleted the block.,Obrisali ste blok.,module,Magento_Cms
We can't find a block to delete.,Ne možemo pronaći blok za brisanje.,module,Magento_Cms
This block no longer exists.,Ovaj blok više ne postoji.,module,Magento_Cms
Edit Block,Izmeni Blok,module,Magento_Cms
New Block,Novi Blok,module,Magento_Cms
Blocks,Blokovi,module,Magento_Cms
Please correct the data sent.,Ispravite poslate podatke.,module,Magento_Cms
A total of %1 record(s) have been deleted.,Ukupno %1 zapis(a) je uklonjeno.,module,Magento_Cms
You saved the block.,Sačuvali ste blok.,module,Magento_Cms
Something went wrong while saving the block.,Došlo je do greške prilikom čuvanja bloka.,module,Magento_Cms
You duplicated the block.,Duplirali ste blok.,module,Magento_Cms
The page has been deleted.,Stranica je obrisana.,module,Magento_Cms
This page no longer exists.,Ova stranica više ne postoji.,module,Magento_Cms
Edit Page,Izmeni stranicu,module,Magento_Cms
New Page,Nova Stranica,module,Magento_Cms
Pages,Stranice,module,Magento_Cms
Something went wrong while saving the page.,Došlo je do greške prilikom čuvanja stranice.,module,Magento_Cms
A total of %1 record(s) have been disabled.,Ukupno %1 zapis(a) je onemogućen.,module,Magento_Cms
A total of %1 record(s) have been enabled.,Ukupno %1 zapis(a) je omogućen.,module,Magento_Cms
Page Title,Naslov strane,module,Magento_Cms
"To apply changes you should fill in hidden required ""%1"" field","Da biste primenili promene morate popuniti skriveni zahtev ""%1"" polja",module,Magento_Cms
You saved the page.,Sačuvali ste stranicu.,module,Magento_Cms
You duplicated the page.,Duplirali ste stranicu.,module,Magento_Cms
Wrong request.,Pogrešan zahtev.,module,Magento_Cms
Directory %1 is not under storage root path.,Direktorijum %1 nije u magacinu root putanje.,module,Magento_Cms
Make sure that static block content does not reference the block itself.,Uverite se da sadržaj statičnog bloka ne navodi sam blok.,module,Magento_Cms
"The CMS block with the ""%1"" ID doesn't exist.","CMS blok sa ""%1"" ID ne postoji.",module,Magento_Cms
Enabled by Default,Omogućeno po difoltu,module,Magento_Cms
Disabled by Default,Onemogućeno po difoltu,module,Magento_Cms
Disabled Completely,U potpunosti Onemogućeno,module,Magento_Cms
"The CMS page with the ""%1"" ID doesn't exist.","CMS stranica sa ""%1"" ID ne postoji.",module,Magento_Cms
"This identifier is reserved for ""CMS No Route Page"" in configuration.","Ovaj identifikator je rezervisan za ""CMS No Route Page"" u konfiguracijama.",module,Magento_Cms
"This identifier is reserved for ""CMS Home Page"" in configuration.","Ovaj identifikator je rezervisan za ""CMS Home Page"" u konfiguracijama.",module,Magento_Cms
"This identifier is reserved for ""CMS No Cookies Page"" in configuration.","Ovaj identifikator je rezervisan za ""CMS No Cookies Page"" u konfiguracijama.",module,Magento_Cms
Could not save the page: %1,Nije moguće sačuvati stranicu: %1,module,Magento_Cms
Could not delete the page: %1,Nije moguće izbrisati stranicu: %1,module,Magento_Cms
A block identifier with the same properties already exists in the selected store.,Identifikator bloka sa istim podešavanjima već postoji u odabranoj prodavnici.,module,Magento_Cms
The page URL key can't use capital letters or disallowed symbols. Remove the letters and symbols and try again.,U URL ključu stranice se ne mogu koristiti velika slova i nedozvoljeni karakteri. Uklonite slova i simbole i pokušajte ponovo.,module,Magento_Cms
The page URL key can't use only numbers. Add letters or words and try again.,U URL ključu ne možete koristiti samo brojeve. Dodajte slova ili reči i pokušajte ponovo.,module,Magento_Cms
We found a directory with the same name. Please try another folder name.,Našli smo direktorijum sa istim nazivom. Molimo pokušajte koristiti neko drugo ime.,module,Magento_Cms
We cannot create a new directory.,Ne možemo kreirati novi direktorijum.,module,Magento_Cms
We cannot delete directory %1.,Ne možemo izbrisati direktorijum %1.,module,Magento_Cms
File validation failed.,Neuspešna validacija fajla.,module,Magento_Cms
We can't upload the file right now.,Ne možemo otpremiti fajl trenutno.,module,Magento_Cms
Privacy and Cookie Policy,Polisa o Privatnosti i Kolačićima,module,Magento_Cms
NoSuchEntityException,Izuzetak nepostojećeg entiteta,module,Magento_Cms
Error message,Poruka greške,module,Magento_Cms
LocalizedException,Lokalizovani izuzetak,module,Magento_Cms
Error,Greška,module,Magento_Cms
Could not create a directory.,Nismo mogli kreirati direktorijum.,module,Magento_Cms
Edit,Izmeni,module,Magento_Cms
Delete,Obrisati,module,Magento_Cms
Delete %1,Obriši %1,module,Magento_Cms
Are you sure you want to delete a %1 record?,Da li ste sigurni da želite da obrišete %1 zapis?,module,Magento_Cms
All Store Views,Svi pregledi prodavnica,module,Magento_Cms
View,Pregled,module,Magento_Cms
No files found,Datoteke nisu pronađene,module,Magento_Cms
Upload Images,Ubaci Slike,module,Magento_Cms
Collapse All,Skupi sve,module,Magento_Cms
Expand All,Razvij sve,module,Magento_Cms
"Customer with id ""%customer_id"" does not exist.","Kupac sa ID ""%customer_id"" ne postoji.",module,Magento_CompareListGraphQl
The account is locked.,Nalog je zaključan.,module,Magento_CompareListGraphQl
This account isn't confirmed. Verify and try again.,Ovaj nalog nije potvrđen. Proverite i pokušajte ponovo.,module,Magento_CompareListGraphQl
Default Config,Podrazumevana konfiguracija,module,Magento_Config
Save Config,Sačuvaj Konfiguraciju,module,Magento_Config
[STORE VIEW],[PRIKAZ PRODAVNICE],module,Magento_Config
Use system value,Koristi sistemsku vrednost,module,Magento_Config
Use Default,Koristi podrazumevano,module,Magento_Config
Use Website,Koristi Websajt,module,Magento_Config
Add,Dodaj,module,Magento_Config
Delete File,Izbriši datoteku,module,Magento_Config
Search String,Niz za pretragu,module,Magento_Config
Design Theme,Dizajniraj Temu,module,Magento_Config
Add \Exception,Dodaj \Izuzetak,module,Magento_Config
-- No Theme --,-- Nema Teme --,module,Magento_Config
Enable,Omogući,module,Magento_Config
Disable,Onemogući,module,Magento_Config
Configuration,Konfiguracija,module,Magento_Config
"The class for ""%1"" type wasn't declared. Enter the class and try again.","Klasa za ""%1"" tip nije upisana. Unesite klasu i pokušajte ponovo.",module,Magento_Config
%1 should implement %2,%1 treba da implementira %2,module,Magento_Config
"The value you set has already been locked. To change the value, use the --%1 option.","Vrednost koju ste podesili je već zaključana. Da biste promenili vrednost, podesite --%1 opciju.",module,Magento_Config
System,Sistem,module,Magento_Config
You saved the configuration.,Sačuvali ste konfiguraciju.,module,Magento_Config
Something went wrong while saving this configuration:,Došlo je do greške prilikom čuvanja ove konfiguracije:,module,Magento_Config
Page not found.,Stranica nije pronađena.,module,Magento_Config
Please specify the admin custom URL.,Molimo definišite administratorski prilagođen URL.,module,Magento_Config
Invalid %1. %2,Nevažeći %1. %2,module,Magento_Config
Value must be a URL or one of placeholders: %1,Vrednost mora biti URL ili jedan od placeholders: %1,module,Magento_Config
"Specify a URL or path that starts with placeholder(s): %1, and ends with ""/"".","Navedeni URL ili putanja počinju sa placeholder(s): %1, a završavaju sa ""/"".",module,Magento_Config
%1 An empty value is allowed as well.,%1 Prazna vrednost je takođe dozvoljena.,module,Magento_Config
Specify a fully qualified URL.,Navedite potpuno kvalifikovani URL.,module,Magento_Config
"Selected allowed currency ""%1"" is not available in installed currencies.","Odaberite dozvoljenu valutu ""%1"" nije dostupan u instaliranim valutama.",module,Magento_Config
"Default display currency ""%1"" is not available in allowed currencies.","Podrazumevana prikazana valuta ""%1"" nije dostupna u dozvoljenim valutama.",module,Magento_Config
We can't save the Cron expression.,Nemožemo dačuvati Cron izraz.,module,Magento_Config
"Sorry, the default display currency you selected is not available in allowed currencies.","Izvinjavamo se, podrazumevana prikazana valuta koju ste odabrali nije dostupna u dozvoljenim valutama.",module,Magento_Config
"The ""%1"" email address is incorrect. Verify the email address and try again.","""%1"" mejl adresa nije ispravna. Proverite mejl adresu i pokušajte ponovo.",module,Magento_Config
"The sender name ""%1"" is not valid. Please use only visible characters and spaces.","Ime pošiljaoca ""%1"" nije validno. Molimo koristite samo vidljive karaktere i mesta.",module,Magento_Config
Maximum sender name length is 255. Please correct your settings.,Maksimalna dužina naziva pošiljaoca je 255. Molimo korigujte svoja podešavanja.,module,Magento_Config
The base directory to upload file is not specified.,Osnovni direktorijum za ažuriranje fajlova nije definisan.,module,Magento_Config
The specified image adapter cannot be used because of: %1,Navedeni adapter za sliku se ne može koristiti zato: %1,module,Magento_Config
Default scope,Podrazumevani opseg,module,Magento_Config
Base currency,Osnovna valuta,module,Magento_Config
Display default currency,Prikaži podrazumevanu valutu,module,Magento_Config
website(%1) scope,web sajt(%1) opseg,module,Magento_Config
store(%1) scope,prodavnica(%1) opseg,module,Magento_Config
"Currency ""%1"" is used as %2 in %3.","Valuta ""%1"" je korišćena kao %2 u %3.",module,Magento_Config
The time zone is incorrect. Verify the time zone and try again.,Vremenska zona nije ispravna. Proverite vremensku zonu i pokušajte ponovo.,module,Magento_Config
"The ""%1"" file doesn't exist.","""%1"" fajl ne postoji.",module,Magento_Config
"The ""%1"" path doesn't exist. Verify and try again.","""%1"" putanja ne postoji. Proverite i pokušajte ponovo.",module,Magento_Config
Always (during development),Uvek (tokom development),module,Magento_Config
Only Once (version upgrade),Samo Jednom (ažuriranje verzije),module,Magento_Config
Never (production),Nikada (proizvodnja),module,Magento_Config
Separate Email,Odvojeni Mejl,module,Magento_Config
%1 (Default),%1 (Podrazumevano),module,Magento_Config
title,naslov,module,Magento_Config
No,Ne,module,Magento_Config
Optional,Opciono,module,Magento_Config
Required,Obavezno,module,Magento_Config
Website,Web sajt,module,Magento_Config
Store,Prodavnica,module,Magento_Config
Store View,Prikaz prodavnice,module,Magento_Config
Yes (302 Found),Da (302 Pronađeno),module,Magento_Config
Yes (301 Moved Permanently),Da (301 Trajno Pomeren),module,Magento_Config
Yes,Da,module,Magento_Config
Specified,Definisan,module,Magento_Config
Visible section not found.,Visible section nije pronađeno.,module,Magento_Config
Config form fieldset clone model required to be able to clone fields,"Da biste mogli da klonirate polja, morate definisati klonski model",module,Magento_Config
"%1: Instance of %2 is expected, got %3 instead","%1: Instanca od %2 je očekivana, ubacite %3 umesto",module,Magento_Config
"'The XML in file ""%1"" is invalid:' . ""\n%2\nVerify the XML and try again.""","'XML u datoteci ""%1"" je neispravan:' . ""\n%2\nVerify the XML and try again.""",module,Magento_Config
'There is no defined type ' .,'Nema definisanog tipa ' .,module,Magento_Config
'Object is not instance of ' .,'Objekar nije instanca od ' .,module,Magento_Config
There was an error save new configuration value.,Došlo je do greške pri snimanju novih konfiguracionih vrednosti.,module,Magento_Config
Filesystem is not writable.,Filesystem nije upisiv.,module,Magento_Config
Some error,Neka greška,module,Magento_Config
Some message,Neka poruka,module,Magento_Config
You cannot run this command because the Magento application is not installed.,You ne može run this command because the Magento application is not installed.,module,Magento_Config
This command is unavailable right now.,Ova komanda nije omogućena sada.,module,Magento_Config
"The ""test/test/test"" path does not exists","""test/test/test"" putanja ne postoji",module,Magento_Config
error message,poruka o grešci,module,Magento_Config
some prefix,neki prefiks,module,Magento_Config
element label,oznaka elementa,module,Magento_Config
Action,Akcija,module,Magento_Config
Add after,Dodaj nakon,module,Magento_Config
Delete,Obrisati,module,Magento_Config
Current Configuration Scope:,Trenutni Opseg Konfiguracije:,module,Magento_Config
Stores,Prodavnice,module,Magento_Config
"Product with assigned super attributes should not have specified ""%1"" value","Proizvod sa dodeljenim super atributima nikada ne treba da ima definisani ""%1"" vrednost",module,Magento_ConfigurableImportExport
"""model"" value should be specified","Vrednost ""modela"" treba biti određena",module,Magento_ConfigurableProductGraphQl
"Required parameter ""cart_id"" is missing","Obavezni parametar ""cart_id"" nedostaje",module,Magento_ConfigurableProductGraphQl
"Add configurable attributes to the current Attribute Set (""%1"")","Dodaj konfigurišuće atribute trenutnom Atribut Setu (""%1"")",module,Magento_ConfigurableProduct
Add configurable attributes to the new Attribute Set based on current,Dodaj konfigurisane proizvode u novi Atribut Set na osnovu trenutnog,module,Magento_ConfigurableProduct
New attribute set name,Naziv novog atribut seta,module,Magento_ConfigurableProduct
Add configurable attributes to the existing Attribute Set,Dodaj konfigurisane atribute trenutnom Atribut Setu,module,Magento_ConfigurableProduct
Choose existing Attribute Set,Odaberite postojeći Atribut Set,module,Magento_ConfigurableProduct
Save,Sačuvaj,module,Magento_ConfigurableProduct
Save & New,Sačuvaj i novo,module,Magento_ConfigurableProduct
Save & Duplicate,Sačuvaj & dupliraj,module,Magento_ConfigurableProduct
Save & Close,Sačuvaj i zatvori,module,Magento_ConfigurableProduct
Configurations,Konfiguracije,module,Magento_ConfigurableProduct
Attribute Values,Vrednosti Atributa,module,Magento_ConfigurableProduct
Bulk Images &amp; Price,Grupa Slika &amp; Cena,module,Magento_ConfigurableProduct
Create New Attribute,Napraviti novi atribut,module,Magento_ConfigurableProduct
Select Attributes,Izaberite Atribut,module,Magento_ConfigurableProduct
Summary,Rezime,module,Magento_ConfigurableProduct
Choose an Option...,Odaberite Opciju...,module,Magento_ConfigurableProduct
This attribute is used in configurable products.,Atribut se koristi u konfigurisanim proizvodima.,module,Magento_ConfigurableProduct
The product is already attached.,Proizvod je već prikačen.,module,Magento_ConfigurableProduct
The parent product doesn't have configurable product options.,Roditeljski proizvod nema konfigurišuće opcije.,module,Magento_ConfigurableProduct
"The child product doesn't have the ""%1"" attribute value. Verify the value and try again.","Dete proizvod nema ""%1"" vrednost atributa. Proveri vrednost i pokušaj ponovo.",module,Magento_ConfigurableProduct
"The product with the ""%1"" SKU isn't a configurable product.","Proizvod sa ""%1"" SKU nije konfigurisani proizvod.",module,Magento_ConfigurableProduct
The option that was requested doesn't exist. Verify the entity and try again.,Tražena opcija ne postoji. Proverite entitet i pokušajte ponovo.,module,Magento_ConfigurableProduct
"The ""%1"" entity that was requested doesn't exist. Verify the entity and try again.",Traženi entitet ne postoji. Proverite entitet i pokušajte ponovo.,module,Magento_ConfigurableProduct
"The variations from the ""%1"" product can't be deleted.","Varijacija ""%1"" proizvoda ne može biti obrisana.",module,Magento_ConfigurableProduct
"The option with ""%1"" ID can't be deleted.","Opciju sa ""%1"" ID nije moguće obrisati.",module,Magento_ConfigurableProduct
"Option with id ""%1"" not found","Opcija sa id ""%1"" nije pronađena",module,Magento_ConfigurableProduct
An error occurred while saving the option. Please try to save again.,Došlo je do greške prilikom čuvanja ove opcije. Molimo pokušajte ponovo da sačuvate.,module,Magento_ConfigurableProduct
"This is implemented for the ""%1"" configurable product only.","Ovo je implementirano samo iz ""%1"" konfigurisanog proizvoda.",module,Magento_ConfigurableProduct
Option attribute ID is not specified.,ID opcionog atributa nije definisan.,module,Magento_ConfigurableProduct
Option label is not specified.,Opciona oznaka nije definisana.,module,Magento_ConfigurableProduct
Option values are not specified.,Opcione vrednosti nisu definisane.,module,Magento_ConfigurableProduct
Value index is not specified for an option.,Indeksirane vrednosti nisu definisani za ovu opciju.,module,Magento_ConfigurableProduct
"Product with id ""%1"" does not contain required attribute ""%2"".","Proizvod sa id ""%1"" ne sadrži traženi atribut ""%2"".",module,Magento_ConfigurableProduct
"Products ""%1"" and ""%2"" have the same set of attribute values.","Proizvodi ""%1"" i ""%2"" imaju iste vrednosti atributa.",module,Magento_ConfigurableProduct
You can't add the item to shopping cart.,Ne možete add the item to shopping cart.,module,Magento_ConfigurableProduct
You need to choose options for your item.,Potrebno je da odaberete opcije za vaš stavku.,module,Magento_ConfigurableProduct
Some product variations fields are not valid.,Neke varijacije polja proizvoda nisu validni.,module,Magento_ConfigurableProduct
Contribution must have attributes specified. Enter attributes and try again.,Atributi za uplatu moraju biti definisani. Unesite atribute i pokušajte ponovo.,module,Magento_ConfigurableProduct
Type %1 is not an instance of %2,Tip %1 nije instanca %2,module,Magento_ConfigurableProduct
Choose Affected Attribute Set,Odaberite Pogođeni Atribut Set,module,Magento_ConfigurableProduct
Add configurable attributes to the current Attribute Set,Dodaj konfigurišuće atribute trenutnom Atribut Setu,module,Magento_ConfigurableProduct
Confirm,Potvrdi,module,Magento_ConfigurableProduct
New Attribute Set Name,Naziv Novog Seta Atributa,module,Magento_ConfigurableProduct
Select Associated Product,Odaberi pridruženi Proizvod,module,Magento_ConfigurableProduct
Done,Gotovo,module,Magento_ConfigurableProduct
Choose a new product to delete and replace the current product configuration.,Odaberite novi proizvod da obrišete i zamenite trenutnu konfiguraciju proizvoda.,module,Magento_ConfigurableProduct
"For better results, add attributes and attribute values to your products.","Za bolje rezultate, dodaj atribute i vrednosti atributa svojim proizvodima.",module,Magento_ConfigurableProduct
Configurable products allow customers to choose options (Ex: shirt color). You need to create a simple product for each configuration (Ex: a product for each color).,Konfigurisani proizvodi omogućavaju korisnicima da odaberu opcije (Npr: boju majice). Morate kreirati simple proizvod za svaku konfiguraciju (Npr: proizvod za svaku boju).,module,Magento_ConfigurableProduct
"Configurations cannot be created for a standard product with downloadable files. To create configurations, first remove all downloadable files.","Konfiguracije ne mogu biti kreirane za standardne proizvode sa datotekama koje se mogu preuzimati. Da biste kreirali konfiguracije, prvo uklonite sve datoteke koje se mogu preuzimati.",module,Magento_ConfigurableProduct
Add Products Manually,Ručno Dodaj Proizvode,module,Magento_ConfigurableProduct
Create Configurations,Kreiraj Konfiguracije,module,Magento_ConfigurableProduct
Current Variations,Trenutne Varijacije,module,Magento_ConfigurableProduct
Image,Slika,module,Magento_ConfigurableProduct
Name,Ime,module,Magento_ConfigurableProduct
SKU,Šifra,module,Magento_ConfigurableProduct
Price,Cena,module,Magento_ConfigurableProduct
Quantity,Količina,module,Magento_ConfigurableProduct
Weight,Težina,module,Magento_ConfigurableProduct
Attributes,Atributi,module,Magento_ConfigurableProduct
Actions,Radnje,module,Magento_ConfigurableProduct
"Custom options with price type ""percent"" is not available for configurable product.","Prilagođene opcije sa cenom ""percent"" tipa nisu dozvoljene u konfigurisanim proizvodima.",module,Magento_ConfigurableProduct
This group contains attributes used in configurable products. Please move these attributes to another group and try again.,Ova grupa sadrži atribute koji se koriste u konfigurisanim proizvodima. Molimo premestite te atribute u drugu grupu i pokušajte ponovo.,module,Magento_ConfigurableProduct
This attribute is used in configurable products. You cannot remove it from the attribute set.,Ovaj atribut se koristi u konfigurisanim proizvodima. Ne možete ga ukloniti iz ovog atribut seta.,module,Magento_ConfigurableProduct
Associated Products,Pridruženi Proizvodi,module,Magento_ConfigurableProduct
Step 2: Attribute Values,Korak 2: Vrednosti Atributa,module,Magento_ConfigurableProduct
Select values from each attribute to include in this product. Each unique combination of values creates a unique product SKU.,Odaberite vrednosti iz svakog atributa za ovaj proizvod. Svaka jedinstvena kombinacija vrednosti kreira jedinstveni SKU proizvoda.,module,Magento_ConfigurableProduct
Sort Variations,Sortiranje Varijacija,module,Magento_ConfigurableProduct
Options,Opcije,module,Magento_ConfigurableProduct
Select All,Izaberi sve,module,Magento_ConfigurableProduct
Deselect All,Opozovi sve izbore,module,Magento_ConfigurableProduct
Remove Attribute,Ukloni Atribut,module,Magento_ConfigurableProduct
Save Option,Sačuvaj Opciju,module,Magento_ConfigurableProduct
Remove Option,Ukloni Opciju,module,Magento_ConfigurableProduct
Create New Value,Kreiraj Novu Vrednost,module,Magento_ConfigurableProduct
"Step 3: Bulk Images, Price and Quantity","Step 3: Skup Slika, Cena i Količine",module,Magento_ConfigurableProduct
Based on your selections %1 new products will be created. Use this step to customize images and price for your new products.,Na osnovu Vaših odabira %1 novi proizvod će biti kreiran. Koristite ovaj korak da biste prilagodili slike i cene za Vaše nove proizvode.,module,Magento_ConfigurableProduct
Images,Slike,module,Magento_ConfigurableProduct
Apply single set of images to all SKUs,Primeni isti set slika za svaki SKU,module,Magento_ConfigurableProduct
Apply unique images by attribute to each SKU,Primeni jedinstvene slike prema atributu za svaki SKU,module,Magento_ConfigurableProduct
Skip image uploading at this time,Preskoči ubacivanje slike ovog puta,module,Magento_ConfigurableProduct
Browse Files...,Pregled datoteka...,module,Magento_ConfigurableProduct
Browse to find or drag image here,Pretražite da pronađete i ubacite sliku ovde,module,Magento_ConfigurableProduct
Remove image,Uklonite sliku,module,Magento_ConfigurableProduct
Hidden,Skriveno,module,Magento_ConfigurableProduct
Alt Text,Alternativni tekst,module,Magento_ConfigurableProduct
Role,Uloga,module,Magento_ConfigurableProduct
Image Size,Veličina Slike,module,Magento_ConfigurableProduct
Image Resolution,Rezolucija Slike,module,Magento_ConfigurableProduct
Hide from Product Page,Sakriti od proizvodne stranice,module,Magento_ConfigurableProduct
Select attribute,Izaberite atribut,module,Magento_ConfigurableProduct
Select,Izaberite,module,Magento_ConfigurableProduct
Apply single price to all SKUs,Primeni istu cenu na svaki SKU,module,Magento_ConfigurableProduct
Apply unique prices by attribute to each SKU,Primeni različite cene prema atributu za svaki SKU,module,Magento_ConfigurableProduct
Skip price at this time,Sada preskoči cenu,module,Magento_ConfigurableProduct
Apply single quantity to each SKUs,Primeni istu količinu za svaki SKU,module,Magento_ConfigurableProduct
Apply unique quantity by attribute to each SKU,Primeni različite količine prema atributu za svaki SKU,module,Magento_ConfigurableProduct
Skip quantity at this time,Sada preskoči količinu,module,Magento_ConfigurableProduct
Step 1: Select Attributes,1. Korak: Odaberi Atribute,module,Magento_ConfigurableProduct
Selected Attributes:,Izabrani Atributi:,module,Magento_ConfigurableProduct
Step 4: Summary,4. Korak: Kratak Pregled,module,Magento_ConfigurableProduct
"Configurable products allow customers to choose options (Ex: shirt color).
            You need to create a simple product for each configuration (Ex: a product for each color).","Konfigurisani proizvodi omogućavaju korisnicima da odaberu opcije (Npr: boju majice). 
            Morate kreirati simple proizvod za svaku konfiguraciju (Npr: proizvod za svaku boju).",module,Magento_ConfigurableProduct
Edit Configurations,Izmeni Konfiguracije,module,Magento_ConfigurableProduct
Upload Image,Ubaci Sliku,module,Magento_ConfigurableProduct
Upload image,Ubaci sliku,module,Magento_ConfigurableProduct
No Image,Nema slike,module,Magento_ConfigurableProduct
Choose a different Product,Odaberite drugi proizvod,module,Magento_ConfigurableProduct
Remove Product,Ukloni proizvod,module,Magento_ConfigurableProduct
Create Product Configurations,Kreiraj Konfiguracije Proizvoda,module,Magento_ConfigurableProduct
Cancel,Odustani,module,Magento_ConfigurableProduct
As low as,Sniženje,module,Magento_ConfigurableProduct
Regular Price,Redovna cena,module,Magento_ConfigurableProduct
Excl. Tax,Bez poreza,module,Magento_ConfigurableProduct
Buy %1 for %2 each and,Kupi %1 za %2 svaki i,module,Magento_ConfigurableProduct
save,sačuvaj,module,Magento_ConfigurableProduct
The email address is invalid. Verify the email address and try again.,Mejl adresa je neispravna. Proverite mejl adresu i pokušajte ponovo.,module,Magento_ContactGraphQl
An error occurred while processing your form. Please try again later.,Došlo je do greške prilikom procesiranja forme. Molimo pokušajte ponovo kasnije.,module,Magento_ContactGraphQl
Page not found.,Stranica nije pronađena.,module,Magento_Contact
Thanks for contacting us with your comments and questions. We'll respond to you very soon.,"Hvala što ste nas kontaktirali ostavljajući komentar ili pitanje, Uskoro ćemo Vam odgovoriti.",module,Magento_Contact
An error occurred while processing your form. Please try again later.,Došlo je do greške prilikom procesiranja forme. Molimo pokušajte ponovo kasnije.,module,Magento_Contact
Enter the Name and try again.,Unesite Ime i pokušajte ponovo.,module,Magento_Contact
Enter the comment and try again.,Upišite komentar i pokušajte ponovo.,module,Magento_Contact
The email address is invalid. Verify the email address and try again.,Mejl adresa je neispravna. Proverite mejl adresu i pokušajte ponovo.,module,Magento_Contact
* Required Fields,* Obavezna polja,module,Magento_Contact
Write Us,Pišite Nam,module,Magento_Contact
Jot us a note and we’ll get back to you as quickly as possible.,Ostavite nam poruku i javićemo vam se što je pre moguće.,module,Magento_Contact
Name,Ime,module,Magento_Contact
Email,E-pošta,module,Magento_Contact
Phone Number,Broj telefona,module,Magento_Contact
What’s on your mind?,Šta Vam je na umu?,module,Magento_Contact
Submit,Pošalji,module,Magento_Contact
Invalid domain name: %1,Neispravan naziv domena: %1,module,Magento_Cookie
Invalid cookie lifetime: %1,Neispravno vreme trajanja kolačića: %1,module,Magento_Cookie
Invalid cookie path,Neispravna putanja kolačića,module,Magento_Cookie
We use cookies to make your experience better.,Mi koristimo kolačiće kako bi vaše iskustvo bilo bolje.,module,Magento_Cookie
"To comply with the new e-Privacy directive, we need to ask for your consent to set the cookies.","Da bi smo uskladili novu direktivu o e-privatnosti, moramo zatražiti vašu saglasnost da podesite kolačiće.",module,Magento_Cookie
"<a href=""%1"">Learn more</a>.","<a href=""%1"">Naučiti više</a>.",module,Magento_Cookie
Allow Cookies,Dopusti kolačiće,module,Magento_Cookie
Daily,Dnevno,module,Magento_Cron
Weekly,Sedmično,module,Magento_Cron
Monthly,Mesečno,module,Magento_Cron
Invalid cron expression: %1,Neispravan cron expression: %1,module,Magento_Cron
"Invalid cron expression, expecting 'match/modulus': %1","Neispravan cron expression, expecting 'match/modulus': %1",module,Magento_Cron
"Invalid cron expression, expecting numeric modulus: %1","Neispravna kron ekspresija, očekivani brojčani moduli: %1",module,Magento_Cron
"Invalid cron expression, expecting 'from-to' structure: %1","Neispravan cron expression, expecting 'from-to' structure: %1",module,Magento_Cron
Some error,Neka greška,module,Magento_Cron
Save Currency Rates,Sačuvaj Valute,module,Magento_CurrencySymbol
Options,Opcije,module,Magento_CurrencySymbol
Reset,Resetovati,module,Magento_CurrencySymbol
Import,Uvesti,module,Magento_CurrencySymbol
Manage Currency Rates,Upravljanje Stopama Valute,module,Magento_CurrencySymbol
Import Service,Uvezi Servise,module,Magento_CurrencySymbol
Save Currency Symbols,Sačuvaj Simbole Valute,module,Magento_CurrencySymbol
Currency Symbols,Simboli Valute,module,Magento_CurrencySymbol
Use Standard,Koristi Standard,module,Magento_CurrencySymbol
The Import Service is incorrect. Verify the service and try again.,Servis za Uvoz nije ispravan. Proveri servis i pokušaj ponovo.,module,Magento_CurrencySymbol
The import model can't be initialized. Verify the model and try again.,Model uvoza ne može biti inicijalizovan. Proverite model i pokušajte ponovo.,module,Magento_CurrencySymbol
"Click ""Save"" to apply the rates we found.","Kliknite ""Save"" da biste primenili stope koje smo pronašli.",module,Magento_CurrencySymbol
Currency Rates,Stope Valuta,module,Magento_CurrencySymbol
"Please correct the input data for ""%1 => %2"" rate.","Molimo korigujte unete podatke iz ""%1 => %2"" stope.",module,Magento_CurrencySymbol
All valid rates have been saved.,Sve validne stope su sačuvane.,module,Magento_CurrencySymbol
System,Sistem,module,Magento_CurrencySymbol
You applied the custom currency symbols.,Primenili ste prilagođene simbole valute.,module,Magento_CurrencySymbol
You must first configure currency options before being able to see currency rates.,"Prvo morate konfigurisati opcije valuta, pre nego što možete videti stope valuta.",module,Magento_CurrencySymbol
Old rate:,Stara stopa:,module,Magento_CurrencySymbol
Unlimited,Neograničeno,module,Magento_CustomerDownloadableGraphQl
Customer Address %1 is set as default billing address and can not be deleted,Kupac Adresa %1 is set as default billing address and can not be deleted,module,Magento_CustomerGraphQl
Customer Address %1 is set as default shipping address and can not be deleted,Kupac Adresa %1 is set as default shipping address and can not be deleted,module,Magento_CustomerGraphQl
"Could not find a address with ID ""%address_id""","Nije moguće pronaći adresu sa ID ""%address_id""",module,Magento_CustomerGraphQl
"Current customer does not have permission to address with ID ""%address_id""","Trenutni kupac nema dozvolu za adresu sa ID ""%address_id""",module,Magento_CustomerGraphQl
"Customer with id ""%customer_id"" does not exist.","Kupac sa ID ""%customer_id"" ne postoji.",module,Magento_CustomerGraphQl
The account is locked.,Nalog je zaključan.,module,Magento_CustomerGraphQl
This account isn't confirmed. Verify and try again.,Ovaj nalog nije potvrđen. Proverite i pokušajte ponovo.,module,Magento_CustomerGraphQl
A customer with the same email address already exists in an associated website.,Korisnik sa istom adresom već postoji na pridruženom web sajtu.,module,Magento_CustomerGraphQl
"Provide the current ""password"" to change ""email"".","Navedite trenutnu ""lozinku"" za promenu ""emaila"".",module,Magento_CustomerGraphQl
"""%1"" is not a valid email address.","""%1"" nije validna mejl adresa.",module,Magento_CustomerGraphQl
"Specify the ""currentPassword"" value.","Navedite vrednost ""currentPassword"".",module,Magento_CustomerGraphQl
"Specify the ""newPassword"" value.","Navedite vrednost ""newPassword"".",module,Magento_CustomerGraphQl
This confirmation key is invalid or has expired.,Ključ za potvrdu je neispravan ili je istekao.,module,Magento_CustomerGraphQl
There was an error confirming the account,Došlo je do greške prilikom potvrđivanja Profila,module,Magento_CustomerGraphQl
"""input"" value should be specified","Vrednost ""input"" treba da bude navedena",module,Magento_CustomerGraphQl
"""model"" value should be specified","Vrednost ""modela"" treba biti određena",module,Magento_CustomerGraphQl
"Specify the ""email"" value.","Navedite vrednost ""email"".",module,Magento_CustomerGraphQl
"Specify the ""password"" value.","Navedite vrednost ""password"".",module,Magento_CustomerGraphQl
Please specify a website.,Navedite Web lokaciju.,module,Magento_CustomerImportExport
An email wasn't specified. Enter the email and try again.,Nije naveden Email. Unesite Email i pokušajte ponovo.,module,Magento_CustomerImportExport
We found an invalid value in a website column.,Pronašli smo nevažeću vrednost u koloni Web sajta.,module,Magento_CustomerImportExport
Please enter a valid email.,Unesite ispravan Email.,module,Magento_CustomerImportExport
"Please make sure attribute ""%s"" is not empty.","Proverite da atribut ""%s"" nije prazan.",module,Magento_CustomerImportExport
Customer address id column is not specified,Nije navedena ID adrese klijenta,module,Magento_CustomerImportExport
Please enter a valid region.,Molimo unesite važeću regiju.,module,Magento_CustomerImportExport
"We found another row with this email, website and address ID combination.","Pronašli smo još jedan red sa kominacijom evog Emaila, Web sajta i ID adrese.",module,Magento_CustomerImportExport
This email is found more than once in the import file.,Ova Email adresa je pronađena više puta u datoteci za uvoz.,module,Magento_CustomerImportExport
Orphan rows that will be skipped due default row errors,Nasleđeni redovi će biti preskočeni zbog podrazumevanih greški redova,module,Magento_CustomerImportExport
Invalid value in Store column (store does not exists?),Nevažeća vrednost u koloni Prodavnica (prodavnica ne postoji?),module,Magento_CustomerImportExport
Please enter a password with a valid length.,Molimo unesite lozinku sa validnom dužinom.,module,Magento_CustomerImportExport
Sign Out,Odjavi se,module,Magento_Customer
Sign In,Prijava,module,Magento_Customer
You are subscribed to our newsletter.,Prijavljeni ste na naš newsletter.,module,Magento_Customer
You aren't subscribed to our newsletter.,Niste prijavljeni na naš newsletter.,module,Magento_Customer
You have not set a default shipping address.,Niste podesili Vašu adresu za dostavu.,module,Magento_Customer
You have not set a default billing address.,Niste podesili adresu za naplatu.,module,Magento_Customer
Address Book,Adresar,module,Magento_Customer
Edit Address,Izmeni adresu,module,Magento_Customer
Add New Address,Dodajte novu adresu,module,Magento_Customer
Customer not logged in,Kupac nije prijavljen,module,Magento_Customer
Create Order,Kreiranje narudžbine,module,Magento_Customer
Save Customer,Sačuvaj Kupca,module,Magento_Customer
Delete Customer,Obriši Kupca,module,Magento_Customer
Reset Password,Resetovanje Lozinke,module,Magento_Customer
Are you sure you want to revoke the customer's tokens?,Da li ste sigurni želite da revoke the customer's tokens?,module,Magento_Customer
Force Sign-In,Prinudno Registrovanje,module,Magento_Customer
New Customer,Novi kupac,module,Magento_Customer
Save and Continue Edit,Sačuvaj i nastavi uređivanje,module,Magento_Customer
Cancel,Odustani,module,Magento_Customer
Delete,Obrisati,module,Magento_Customer
Save,Sačuvaj,module,Magento_Customer
Back,Nazad,module,Magento_Customer
Please select,Izaberite,module,Magento_Customer
Reset,Resetovati,module,Magento_Customer
Product,Proizvod,module,Magento_Customer
SKU,Šifra,module,Magento_Customer
Quantity,Količina,module,Magento_Customer
Price,Cena,module,Magento_Customer
Total,Ukupno,module,Magento_Customer
Action,Akcija,module,Magento_Customer
Configure,Podesi,module,Magento_Customer
Shopping Cart from %1,Korpa od %1,module,Magento_Customer
Newsletter,Bilten,module,Magento_Customer
Newsletter Information,Informacije o Biltenu,module,Magento_Customer
Subscribed to Newsletter,Prijavljeni na Bilten,module,Magento_Customer
Last Date Subscribed,Poslednje Prijave na Datum,module,Magento_Customer
Last Date Unsubscribed,Poslednje Odjave na Datum,module,Magento_Customer
No Newsletter Found,Nije Pronađen Bilten,module,Magento_Customer
Start date,Početni datum,module,Magento_Customer
End Date,Krajnji datum,module,Magento_Customer
Receive Date,Datum Prijema,module,Magento_Customer
Subject,Predmet,module,Magento_Customer
Store View,Prikaz prodavnice,module,Magento_Customer
Sent,Poslato,module,Magento_Customer
Not Sent,Nije Poslato,module,Magento_Customer
Sending,Slanje,module,Magento_Customer
Paused,Pauzirano,module,Magento_Customer
View,Pregled,module,Magento_Customer
Unknown,Nepoznato,module,Magento_Customer
Order #,Porudžbina #,module,Magento_Customer
Purchased,Naručeno,module,Magento_Customer
Bill-to Name,Račun na Ime,module,Magento_Customer
Ship-to Name,Dostava na Ime,module,Magento_Customer
Order Total,Ukupan iznos,module,Magento_Customer
Purchase Point,Kupovina,module,Magento_Customer
Customer View,Lista korisnika,module,Magento_Customer
Qty,Kol,module,Magento_Customer
Confirmed,Potvrđeno,module,Magento_Customer
Confirmation Required,Potrebna je potvrda,module,Magento_Customer
Confirmation Not Required,Potvrda Nije Obavezna,module,Magento_Customer
Indeterminate,Neodlučan,module,Magento_Customer
The customer does not have default billing address.,Kupac nema podrazumevanu adresu za naplatu.,module,Magento_Customer
Offline,Van mreže,module,Magento_Customer
Online,Na vezi,module,Magento_Customer
Never,Nikada,module,Magento_Customer
Unlocked,Otključano,module,Magento_Customer
Locked,Zaključano,module,Magento_Customer
Deleted Stores,Obrisane Prodavnice,module,Magento_Customer
Add Locale,Dodajte Lokal,module,Magento_Customer
Add Date,Dodajte Datum,module,Magento_Customer
Days in Wish List,Dana u Listi Želja,module,Magento_Customer
Unlock,Otključaj,module,Magento_Customer
No,Ne,module,Magento_Customer
Yes,Da,module,Magento_Customer
Delete File,Izbriši datoteku,module,Magento_Customer
Download,Preuzimanje,module,Magento_Customer
Delete Image,Izbriši sliku,module,Magento_Customer
View Full Size,Pogledaj u Punoj Veličini,module,Magento_Customer
Website,Web sajt,module,Magento_Customer
Subscribed,Pretplaćen,module,Magento_Customer
All countries,Sve zemlje,module,Magento_Customer
Customer Groups,Grupe kupaca,module,Magento_Customer
Add New Customer Group,Dodaj Novu Grupu Kupaca,module,Magento_Customer
Save Customer Group,Sačuvaj Grupu Kupaca,module,Magento_Customer
Delete Customer Group,Izbriši Grupu Kupaca,module,Magento_Customer
New Customer Group,Nova Grupa Kupaca,module,Magento_Customer
"Edit Customer Group ""%1""","Izmeni Grupu Korisnika ""%1""",module,Magento_Customer
Group Information,Informacije o Grupi,module,Magento_Customer
Group Name,Naziv Grupe,module,Magento_Customer
Maximum length must be less then %1 characters.,Maksimalna dužina mora biti manja od %1 karaktera.,module,Magento_Customer
Tax Class,Klasa Poreza,module,Magento_Customer
The customer is now assigned to Customer Group %s.,Kupac je sada dodeljen Grupi Kupaca %s.,module,Magento_Customer
Would you like to change the Customer Group for this order?,Da li biste želeli da promenite Grupu Kupaca za ovu porudžbinu?,module,Magento_Customer
The VAT ID is valid.,PDV ID je važieči.,module,Magento_Customer
The VAT ID entered (%s) is not a valid VAT ID.,Uneti PDV ID (%s) nije važeći.,module,Magento_Customer
The VAT ID is valid. The current Customer Group will be used.,VAT ID je validan. Trenutna Grupa Korisnika će biti korišćena.,module,Magento_Customer
The VAT ID is valid but no Customer Group is assigned for it.,VAT ID je validan ali mu nijedna Grupa Korisnika nije dodeljena.,module,Magento_Customer
"Based on the VAT ID, the customer belongs to the Customer Group %s.","Na osnovu VAT ID, kupac pripada %s Grupi Kupaca.",module,Magento_Customer
Something went wrong while validating the VAT ID.,Došlo je do greške prilikom potvrđivanja PDV-a.,module,Magento_Customer
The customer would belong to Customer Group %s.,Kupac bi trebao da pripada Grupi Kupaca %s.,module,Magento_Customer
There was an error detecting Customer Group.,Došlo je do greške prilikom detektovanja Grupe Kupaca.,module,Magento_Customer
Validate VAT Number,Potvrdi PDV,module,Magento_Customer
Date of Birth,Datum rođenja,module,Magento_Customer
Done,Gotovo,module,Magento_Customer
Prev,Prethodno,module,Magento_Customer
Next,Sledeće,module,Magento_Customer
Bad request.,Loš zahtev.,module,Magento_Customer
This confirmation key is invalid or has expired.,Ključ za potvrdu je neispravan ili je istekao.,module,Magento_Customer
There was an error confirming the account,Došlo je do greške prilikom potvrđivanja Profila,module,Magento_Customer
Thank you for registering with %1.,Hvala Vam za registrovanje sa %1.,module,Magento_Customer
Please check your email for confirmation key.,Molimo proverite mejl za potvrdni ključ.,module,Magento_Customer
This email does not require confirmation.,Ovaj mejl ne zahteva potvrdu.,module,Magento_Customer
Wrong email.,Pogrešan e-mail.,module,Magento_Customer
Your password reset link has expired.,Link za oporavak vaše lozinke je istekao.,module,Magento_Customer
Invalid Form Key. Please refresh the page.,Nevažeća šifra za formu. Molim osvežite stranicu.,module,Magento_Customer
We can't save the customer.,Ovaj korisnik se ne može sačuvati.,module,Magento_Customer
Please make sure your passwords match.,Proverite da li se vaše lozinke podudaraju.,module,Magento_Customer
"If you are a registered VAT customer, please <a href=""%1"">click here</a> to enter your shipping address for proper VAT calculation.","Ukoliko ste registrovani VAT kupac, molimo <a href=""%1"">kliknite ovde</a> da biste upisali svoju adresu za dostavu, za pravilnu VAT kalkulaciju.",module,Magento_Customer
"If you are a registered VAT customer, please <a href=""%1"">click here</a> to enter your billing address for proper VAT calculation.","Ukoliko ste registrovani VAT kupac, molimo <a href=""%1"">kliknite ovde</a> da biste upisali svoju adresu za naplatu, za pravilnu VAT kalkulaciju.",module,Magento_Customer
You saved the account information.,Sačuvali ste korisničke podatke.,module,Magento_Customer
The account sign-in was incorrect or your account is disabled temporarily. Please wait and try again later.,Ulogovali ste se sa pogrešnom šifrom ili je Vaš nalog privremeno onemogućen. Molimo sačekajte i pokušajte ponovo kasnije.,module,Magento_Customer
Password confirmation doesn't match entered password.,Loyinka se ne poklapa sa prethodno unesenom.,module,Magento_Customer
The password doesn't match this account. Verify the password and try again.,Lozinka se ne poklapa sa korisničkim profilom. Proverite lozinku i pokušajte ponovo.,module,Magento_Customer
The email address is incorrect. Verify the email address and try again.,Email adresa nije ispravna. Proverite email adresu i pokušajte ponovo.,module,Magento_Customer
We're unable to send the password reset email.,Nismo u mogućnosti poslati email za ponovno postavljanje lozinke.,module,Magento_Customer
Please enter your email.,Molimo unesite Vaš email.,module,Magento_Customer
If there is an account associated with %1 you will receive an email with a link to reset your password.,Ako postoji nalog povezan sa %1 vi ćete primiti e-mail sa Linkom da poništite lozinku.,module,Magento_Customer
An unspecified error occurred. Please contact us for assistance.,Primećena je nedefinisana greška. Molimo kontaktirajte nas za pomoć.,module,Magento_Customer
A login and a password are required.,Email i lozinka su obavezni.,module,Magento_Customer
New Password and Confirm New Password values didn't match.,Vrednosti nove Lozinke i Potvrda Nove Lozinke se ne poklapaju.,module,Magento_Customer
Please enter a new password.,Molimo upišite novu lozinku.,module,Magento_Customer
You updated your password.,Ažurirali ste lozinku.,module,Magento_Customer
Something went wrong while saving the new password.,Došlo je do greške prilikom snimanja nove Lozinke.,module,Magento_Customer
You deleted the address.,Obrisali ste adresu.,module,Magento_Customer
We can't delete the address right now.,Ne možete obrisati adresu.,module,Magento_Customer
You saved the address.,Sačuvali ste adresu.,module,Magento_Customer
We can't save the address.,Ne možemo sačuvati adresu.,module,Magento_Customer
There is no address id in setting default billing address.,Ne postoji id adrese u podešavanjima podrazumevane adrese za naplatu.,module,Magento_Customer
Default billing address has been changed.,Podrazumevana adresu za naplatu je promenjena.,module,Magento_Customer
We can't change default billing address right now.,Ne možemo promeniti podrazumevanu adresu naplate sada.,module,Magento_Customer
There is no address id in setting default shipping address.,Ne postoji id adrese u podešavanjima podrazumevane adrese za naplatu.,module,Magento_Customer
Default shipping address has been changed.,Podrazumevana adresa za dostavu je izmenjena.,module,Magento_Customer
We can't change default shipping address right now.,Ne možemo promeniti podrazumevanu adresu dostave sada.,module,Magento_Customer
A total of %1 record(s) have been deleted.,Ukupno %1 zapis(a) je uklonjeno.,module,Magento_Customer
There is no such address entity to delete.,Ne postoji takav entitet adrese koji bi mogao biti obrisan.,module,Magento_Customer
We can't mass delete the addresses right now.,Ne možemo masovno obrisati adrese sada.,module,Magento_Customer
Customer address has been updated.,Adresa kupca je ažurirana.,module,Magento_Customer
New customer address has been added.,Nova adresa kupca je dodata.,module,Magento_Customer
There is no customer with such id.,Ne postoji kupac sa tim id-jem.,module,Magento_Customer
We can't change customer address right now.,Ne možemo promeniti adresu kupca sada.,module,Magento_Customer
Page not found.,Stranica nije pronađena.,module,Magento_Customer
The customer ID isn't defined.,ID kupca nije definisan.,module,Magento_Customer
The quote items are incorrect. Verify the quote items and try again.,Navedeni proizvod nije ispravan. Proverite proizvode i pokušajte ponovo.,module,Magento_Customer
You have revoked the customer's tokens.,Opovrgli ste tokene kupca.,module,Magento_Customer
Something went wrong while saving file.,Došlo je do greške prilikom čuvanja fajla.,module,Magento_Customer
You deleted the customer group.,Obrisali ste grupu kupaca.,module,Magento_Customer
The customer group no longer exists.,Grupa kupaca više ne postoji.,module,Magento_Customer
Customers,Kupci,module,Magento_Customer
New Group,Nova grupa,module,Magento_Customer
New Customer Groups,Nova Grupa Kupaca,module,Magento_Customer
Edit Group,Uredi grupu,module,Magento_Customer
Edit Customer Groups,Uredi Grupe Kupaca,module,Magento_Customer
You saved the customer group.,Sačuvali ste grupu kupaca.,module,Magento_Customer
Please select customer(s).,Molimo odaberite kupca(e).,module,Magento_Customer
Customer could not be deleted.,Kupac ne može biti obrisan.,module,Magento_Customer
You deleted the customer.,Obrisali ste kupca.,module,Magento_Customer
Something went wrong while editing the customer.,Došlo je do greške prilikom promene kupca.,module,Magento_Customer
Manage Customers,Upravljanje Kupcima,module,Magento_Customer
Please correct the data sent.,Ispravite poslate podatke.,module,Magento_Customer
A total of %1 record(s) were updated.,Ukupno %1 zapis(a) je ažurirano.,module,Magento_Customer
A total of %1 record(s) were deleted.,Ukupno %1 zapis(a) je obrisano.,module,Magento_Customer
The customer will receive an email with a link to reset password.,Kupac će dobiti mejl sa linkom za resetovanje šifre.,module,Magento_Customer
Something went wrong while resetting customer password.,Došlo je do greške prilikom resetovanja lozinke kupca.,module,Magento_Customer
You saved the customer.,Sačuvali ste kupca.,module,Magento_Customer
Something went wrong while saving the customer.,Došlo je do greške prilikom čuvanja kupca.,module,Magento_Customer
Customer has been unlocked successfully.,Kupac je uspešno otključan.,module,Magento_Customer
Online Customers,Online Kupci,module,Magento_Customer
Customers Now Online,Korisnici Sada Na Mreži,module,Magento_Customer
Please define Wish List item ID.,Molimo definišite ID stavke u Listi Želja.,module,Magento_Customer
Please load Wish List item.,Molimo učitajte stavku u Listi Želja.,module,Magento_Customer
Login successful.,Uspešno ste se prijavili.,module,Magento_Customer
Invalid login or password.,Neispravno prijavljivanje ili šifra.,module,Magento_Customer
"The ""%1"" section source isn't supported.","""%1"" izvor sekcije nije podržan.",module,Magento_Customer
%1 doesn't extend \Magento\Customer\CustomerData\SectionSourceInterface,%1 doesn't extend \Magento\Kupac\CustomerData\SectionSourceInterface,module,Magento_Customer
Confirmation isn't needed.,Potvrda nije neophodna.,module,Magento_Customer
The account is already active.,Ovaj nalog je već aktivan.,module,Magento_Customer
The confirmation token is invalid. Verify the token and try again.,Potvrdni token je neispravan. Proveri token i pokušaj ponovo.,module,Magento_Customer
"Invalid value of ""%value"" provided for the %fieldName field. Possible values: %template1 or %template2.","Neispravna vrednost ""%value"" za polje %fieldName. Moguće vrednosti: %template1 ili %template2.",module,Magento_Customer
"""%fieldName"" is required. Enter and try again.","""%imePolja"" je obavezno. Unesite i probajte ponovo.",module,Magento_Customer
Please enter a password with at most %1 characters.,Molimo unesite Lozinku sa najviše %1 karaktera.,module,Magento_Customer
The password needs at least %1 characters. Create a new password and try again.,Za Lozinku je potrebno najmanje %1 karaktera. Kreirajte novu Lozinku i pokušajte ponovo.,module,Magento_Customer
The password can't begin or end with a space. Verify the password and try again.,Lozinka ne može započeti niti se završiti praznim mestom. Proverite Lozinku i pokušajte ponovo.,module,Magento_Customer
"Minimum of different classes of characters in password is %1. Classes of characters: Lower Case, Upper Case, Digits, Special Characters.","Minimalno %1 različitih tipova karaktera u lozinki. Klase karaktera: mala slova, velika slova, brojevi, posebni karakteri.",module,Magento_Customer
The password can't be the same as the email address. Create a new password and try again.,Lozinka ne može biti email adresa. Kreirajte novu Lozinku i pokušajte ponovo.,module,Magento_Customer
This customer already exists in this store.,Registrovani kupac već postoji.,module,Magento_Customer
A customer with the same email address already exists in an associated website.,Korisnik sa istom adresom već postoji na pridruženom web sajtu.,module,Magento_Customer
The store view is not in the associated website.,Pregled stranice nije pridružen ovom web sajtu.,module,Magento_Customer
"Invalid value of ""%value"" provided for the %fieldName field.","Neispravna vrednost u ""%value"" obezbeđenoj za %fieldName polje.",module,Magento_Customer
The password token is mismatched. Reset and try again.,Token lozinke nije usklađen. Resetujte i pokušajte ponovo.,module,Magento_Customer
The password token is expired. Reset and try again.,Token lozinke je istekao. Resetujte i pokušajte ponovo.,module,Magento_Customer
The transactional account email type is incorrect. Verify and try again.,Vrsta emaila transakcionog računa je netačna. Verifikujte i pokušajte ponovo.,module,Magento_Customer
The account is locked.,Nalog je zaključan.,module,Magento_Customer
This account isn't confirmed. Verify and try again.,Ovaj nalog nije potvrđen. Proverite i pokušajte ponovo.,module,Magento_Customer
"""%1"" is a required value.","""%1"" je obavezna vrednost.",module,Magento_Customer
Global,Globalno,module,Magento_Customer
Per Website,Po Web sajtu,module,Magento_Customer
Billing Address,Adresa za fakturisanje,module,Magento_Customer
Shipping Address,Adresa za isporuku,module,Magento_Customer
-- Please Select --,-- Molim odaberite --,module,Magento_Customer
A valid password reset token is missing. Enter and try again.,Validni token za resetovanje šifre nedostaje. Unesite ga i pokušajte ponovo.,module,Magento_Customer
ALL GROUPS,SVE GRUPE,module,Magento_Customer
"No such entity with %fieldName = %fieldValue, %field2Name = %field2Value","Ne postoji entitet sa %fieldName = %fieldValue, %field2Name = %field2Value",module,Magento_Customer
File can not be saved to the destination folder.,Fajl ne može biti sačuvan u odredišnom folderu.,module,Magento_Customer
Unable to create directory %1.,Nije moguće kreiranje direktorijuma %1.,module,Magento_Customer
Destination folder is not writable or does not exists.,Destinacijski folder nije upisiv ili ne postoji.,module,Magento_Customer
Something went wrong while saving the file.,Došlo je do greške prilikom čuvanja fajla.,module,Magento_Customer
Reset password token expired.,Resetuj password token expired.,module,Magento_Customer
Attribute object is undefined,Objekat atributa nije definisan,module,Magento_Customer
"""%1"" invalid type entered.","""%1"" neispravan tip je unet.",module,Magento_Customer
"""%1"" contains non-alphabetic or non-numeric characters.","""%1"" sadrži vrednosti koje nisu ni slova ni brojevi.",module,Magento_Customer
"""%1"" is an empty string.","""%1"" je prazan niz.",module,Magento_Customer
"""%1"" contains non-numeric characters.","""%1"" sadrži karaktere koji nisu brojevi.",module,Magento_Customer
"""%1"" contains non-alphabetic characters.","""%1"" sadrži karaktere koji nisu slova.",module,Magento_Customer
"""%1"" is not a valid email address.","""%1"" nije validna mejl adresa.",module,Magento_Customer
"""%1"" is not a valid hostname.","""%1"" nije validno hostname.",module,Magento_Customer
"""%1"" uses too many characters.","""%1"" koristi previše karaktera.",module,Magento_Customer
"'%value%' looks like an IP address, which is not an acceptable format.","'%value%' izgleda kao IP adresa, što nije prihvatljiv format.",module,Magento_Customer
'%value%' looks like a DNS hostname but contains a dash in an invalid position.,'%value%' izgleda kao DNS hostname ali sadrži crticu na pogrešnom mestu.,module,Magento_Customer
'%value%' looks like a DNS hostname but we cannot match it against the hostname schema for TLD '%tld%'.,'%value%' izgleda kao DNS hostname ali ne možemo ga uporediti sa hostname šemom za TLD '%tld%'.,module,Magento_Customer
'%value%' looks like a DNS hostname but cannot extract TLD part.,'%value%' izgleda kao DNS hostname ali ne može izdvojiti TLD deo.,module,Magento_Customer
'%value%' does not look like a valid local network name.,'%value%' ne izgleda kao validan naziv lokalne mreže.,module,Magento_Customer
"'%value%' looks like a local network name, which is not an acceptable format.","'%value%' izgleda kao naziv lokalne mreže, što nije prihvatljiv format.",module,Magento_Customer
"'%value%' appears to be a DNS hostname, but the given punycode notation cannot be decoded.","'%value%' izgleda kao DNS hostname, ali se data punycode notacija ne može dekodirati.",module,Magento_Customer
"""%1"" is not a valid URL.","""%1"" nije važeći URL.",module,Magento_Customer
"""%1"" is not a valid date.","""%1"" nije važeći datum.",module,Magento_Customer
"""%1"" does not fit the entered date format.","""%1"" ne odgovara unetom formatu datuma.",module,Magento_Customer
Please enter a valid date between %1 and %2 at %3.,Molimo unesite validan datum izmedu %1 i %2 u %3.,module,Magento_Customer
Please enter a valid date equal to or greater than %1 at %2.,Molimo unesite validan datum jednak ili veći od %1 u %2.,module,Magento_Customer
Please enter a valid date less than or equal to %1 at %2.,Molimo unesite validan datum manji ili jednak od %1 u %2.,module,Magento_Customer
"""%1"" is not a valid file extension.","""%1"" nije validna ekstenzija za fajl.",module,Magento_Customer
"""%1"" is not a valid file.","""%1"" nije validan fajl.",module,Magento_Customer
"""%1"" exceeds the allowed file size.","""%1"" prelazi dozvoljenu veličinu fajla.",module,Magento_Customer
"""%1"" is not a valid image format.","""%1"" nije validan format slike.",module,Magento_Customer
"""%1"" width exceeds allowed value of %2 px.","""%1"" širina prelazi dozvoljenu vrednost od %2 px.",module,Magento_Customer
"""%1"" height exceeds allowed value of %2 px.","""%1"" visina prelazi dozvoljenu vrednost od %2 px.",module,Magento_Customer
"""%1"" length must be equal or greater than %2 characters.","""%1"" dužina mora biti veća ili jednaka od %2 karaktera.",module,Magento_Customer
"""%1"" length must be equal or less than %2 characters.","""%1"" dužina mora biti manja ili jednaka od %2 karaktera.",module,Magento_Customer
label,oznaka,module,Magento_Customer
The customer email is missing. Enter and try again.,Mejl korisnika nedostaje. Unesite ga i pokušajte ponovo.,module,Magento_Customer
A customer website ID wasn't specified. The ID must be specified to use the website scope.,ID korisničkog veb sajta nije definisan. ID mora biti definisan i korišće u opsegu.,module,Magento_Customer
Customer Group,Grupa kupaca,module,Magento_Customer
"You can't delete group ""%1"".","Ne možete obrisati grupu ""%1"".",module,Magento_Customer
Customer Group already exists.,Grupa Kupaca već postoji.,module,Magento_Customer
Cannot delete group.,Ne možete obrisati grupu.,module,Magento_Customer
Something went wrong.,Nešto krenulo naopako.,module,Magento_Customer
Error during VAT Number verification.,Došlo je do greške prilikom potvrde PIB-a.,module,Magento_Customer
PHP SOAP extension is required.,PHP SOAP ekstenzija je obavezna.,module,Magento_Customer
VAT Number is valid.,PIB broj je validan.,module,Magento_Customer
Please enter a valid VAT number.,Molimo unesite ispravan PIB.,module,Magento_Customer
Your VAT ID was successfully validated.,Vaš PIB je uspešno validiran.,module,Magento_Customer
You will be charged tax.,Biće vam naplaćen porez.,module,Magento_Customer
You will not be charged tax.,Neće vam biti naplaćen porez.,module,Magento_Customer
The VAT ID entered (%1) is not a valid VAT ID.,Uneseni PIB (%1) nije validan.,module,Magento_Customer
Your Tax ID cannot be validated.,Vaš poreski ID ne može biti validiran.,module,Magento_Customer
"If you believe this is an error, please contact us at %1","Ako verujete da je došlo do greške, molimo kontaktirajte nas na %1",module,Magento_Customer
No such entity with %fieldName = %fieldValue,Ne postoji entitet sa %fieldName = %fieldValue,module,Magento_Customer
Male,Muški,module,Magento_Customer
Female,Ženski,module,Magento_Customer
Not Specified,Nije Definisan,module,Magento_Customer
"If you are a registered VAT customer, please click <a href=""%1"">here</a> to enter your billing address for proper VAT calculation.","Ukoliko ste registrovani VAT kupac, molimo kliknite <a href=""%1"">ovde</a> da biste upisali svoju adresu za naplatu, za pravilnu VAT kalkulaciju.",module,Magento_Customer
"If you are a registered VAT customer, please click <a href=""%1"">here</a> to enter your shipping address for proper VAT calculation.","Ukoliko ste registrovani PDV kupac, molimo kliknite <a href=""%1"">ovde</a> da biste upisali svoju adresu za dostavu, za pravilnu PDV kalkulaciju.",module,Magento_Customer
NoSuchEntityException,Izuzetak nepostojećeg entiteta,module,Magento_Customer
Exception message,Poruka o izuzeću,module,Magento_Customer
Validator Exception,Izuzetak Provere Valjanosti,module,Magento_Customer
Localized Exception,Lokalizovani Izuzetak,module,Magento_Customer
some error,neka greška,module,Magento_Customer
Street,Ulica,module,Magento_Customer
NOT LOGGED IN,NISTE ULOGOVANI,module,Magento_Customer
Please enter the state/province.,Molimo upišite državu/pokrajinu.,module,Magento_Customer
region is a required field.,region je obavezno polje.,module,Magento_Customer
"""regionId"" is required. Enter and try again.","""regionId"" je obavezan. Upišite i pokušajte ponovo.",module,Magento_Customer
Something went wrong,Nešto nije u redu,module,Magento_Customer
Label,Oznaka,module,Magento_Customer
Select...,Izabrati...,module,Magento_Customer
Edit,Izmeni,module,Magento_Customer
Delete %1,Obriši %1,module,Magento_Customer
Are you sure you want to delete a %1 record?,Da li ste sigurni da želite da obrišete %1 zapis?,module,Magento_Customer
Set as default billing,Podesi kao podrazumavanu naplatu,module,Magento_Customer
Set address as default billing,Podesi adresu kao za podrazumevanu naplatu,module,Magento_Customer
Are you sure you want to set the address as default billing address?,Da li ste sigurni da želite da podesite ovu adresu kao podrazumevanu adresu za naplatu?,module,Magento_Customer
Set as default shipping,Podesi kao podrazumevanu dostavu,module,Magento_Customer
Set address as default shipping,Podesi adresu kao podrazumevanu za dostavu,module,Magento_Customer
Are you sure you want to set the address as default shipping address?,Da li ste sigurni da želite da podesite adresu kao podrazumevanu adresu za dostavu?,module,Magento_Customer
Delete address,Obriši adresu,module,Magento_Customer
Are you sure you want to delete the address?,Da li ste sigurni da želite da obrišete adresu?,module,Magento_Customer
Visitor,Posetilac,module,Magento_Customer
Customer,Kupac,module,Magento_Customer
No item specified.,Nema označenih stavki.,module,Magento_Customer
Are you sure you want to remove this item?,Jeste li sigurni da želite da uklonite ovaj artikal?,module,Magento_Customer
Personal Information,Lične informacije,module,Magento_Customer
Last Logged In:,Poslednja Prijava:,module,Magento_Customer
Last Logged In (%1):,Poslednja Prijava (%1):,module,Magento_Customer
Account Lock:,Nalog Zaključan:,module,Magento_Customer
Confirmed email:,Potvrđeni mejl:,module,Magento_Customer
Account Created:,Nalog je Kreiran:,module,Magento_Customer
Account Created on (%1):,Nalog je Kreiran (%1):,module,Magento_Customer
Account Created in:,Nalog je Kreiran:,module,Magento_Customer
Customer Group:,Grupa kupaca:,module,Magento_Customer
Default Billing Address,Podrazumevana Adresa za Naplatu,module,Magento_Customer
Sales Statistics,Statistika Prodaje,module,Magento_Customer
Web Site,Web lokacija,module,Magento_Customer
Store,Prodavnica,module,Magento_Customer
Lifetime Sales,Totalna rasprodaja,module,Magento_Customer
Average Sale,Prosečna Prodaja,module,Magento_Customer
All Store Views,Svi pregledi prodavnica,module,Magento_Customer
Change,Promena,module,Magento_Customer
Manage Addresses,Upravljajte adresama,module,Magento_Customer
Default Shipping Address,Podrazumevana Adresa Dostave,module,Magento_Customer
Account Information,Informacije o korisničkom nalogu,module,Magento_Customer
Contact Information,Kontakt podaci,module,Magento_Customer
Change Password,Promeni lozinku,module,Magento_Customer
Newsletters,Bilten,module,Magento_Customer
"You are subscribed to ""General Subscription"".","Prijavljeni ste na ""Opšte Pretplate"".",module,Magento_Customer
or,ili,module,Magento_Customer
My Account,Moj nalog,module,Magento_Customer
Default Addresses,Podrazumevane adrese,module,Magento_Customer
Change Billing Address,Promeni Adresu za Naplatu,module,Magento_Customer
You have no default billing address in your address book.,Nemate podrazumevanu adresu za naplatu u svom adresaru.,module,Magento_Customer
Change Shipping Address,Promeni Adresu Dostave,module,Magento_Customer
You have no default shipping address in your address book.,Nemate podrazumevanu adresu dostave u svom adresaru.,module,Magento_Customer
* Required Fields,* Obavezna polja,module,Magento_Customer
Address,Adresa,module,Magento_Customer
Street Address %1,Ulica %1,module,Magento_Customer
City,Grad,module,Magento_Customer
It's a default billing address.,To je podrazumevana adresa za naplatu.,module,Magento_Customer
Use as my default billing address,Koristi kao moju podrazumevanu adresu za naplatu,module,Magento_Customer
It's a default shipping address.,To je podrazumevana adresa za dostavu.,module,Magento_Customer
Use as my default shipping address,Koristi moju podrazumevanu adresu dostave,module,Magento_Customer
Save Address,Sačuvaj adresu,module,Magento_Customer
Go back,Nazad,module,Magento_Customer
Additional Address Entries,Dodatni Unosi Adresa,module,Magento_Customer
Additional addresses,Dodatne adrese,module,Magento_Customer
First Name,Ime,module,Magento_Customer
Last Name,Prezime,module,Magento_Customer
Street Address,Adresa,module,Magento_Customer
Country,Država,module,Magento_Customer
State,Država,module,Magento_Customer
Zip/Postal Code,Poštanski broj,module,Magento_Customer
Phone,Telefon,module,Magento_Customer
Actions,Radnje,module,Magento_Customer
You have no other address entries in your address book.,Nemate više unosa u svom adresaru.,module,Magento_Customer
Please enter your email below and we will send you the confirmation link.,Molimo unesite email i poslaćemo vam link za potvrdu.,module,Magento_Customer
Email,E-pošta,module,Magento_Customer
Send confirmation link,Pošalji potvrdni link,module,Magento_Customer
Back to Sign In,Natrag na Prijavu,module,Magento_Customer
Change Email,Promeni Mejl,module,Magento_Customer
Change Email and Password,Promeni Mejl i Šifru,module,Magento_Customer
Current Password,Trenutna lozinka,module,Magento_Customer
New Password,Nova lozinka,module,Magento_Customer
Password Strength,Jačina Šifre,module,Magento_Customer
No Password,Nema Šifre,module,Magento_Customer
Confirm New Password,Potvrdi Novu Šifru,module,Magento_Customer
Please enter your email address below to receive a password reset link.,Molimo unesite email adresu ispod da biste dobili link za resetovanje lozinke.,module,Magento_Customer
Reset My Password,Resetovanje Lozinke,module,Magento_Customer
Registered Customers,Registrovani Kupci,module,Magento_Customer
"If you have an account, sign in with your email address.","Ako imate Profil, prijavite se sa emailom.",module,Magento_Customer
Password,Lozinka,module,Magento_Customer
Forgot Your Password?,Zaboravili ste lozinku?,module,Magento_Customer
Subscription option,Opcije pretplate,module,Magento_Customer
General Subscription,Opšte Postavke,module,Magento_Customer
Sign Up for Newsletter,Prijavi se za Newsletter,module,Magento_Customer
Address Information,Informacija o Adresi,module,Magento_Customer
"Please select a region, state or province.",Molimo odaberite mesto.,module,Magento_Customer
Sign-in Information,Informacije o Prijavi,module,Magento_Customer
Confirm Password,Potvrda lozinke,module,Magento_Customer
Create an Account,Kreiraj Nalog,module,Magento_Customer
Set a New Password,Postavi novu lozinku,module,Magento_Customer
You have signed out and will go to our homepage in 5 seconds.,Odjavili ste se i bićete preusmereni na početnu stranicu za 5 sekundi.,module,Magento_Customer
"This account is not confirmed. <a href=""%1"">Click here</a> to resend confirmation email.","Profil nije potvrđen. <a href=""%1"">Kliknite ovde</a> da bismo Vam poslali potvrdni email.",module,Magento_Customer
"You must confirm your account. Please check your email for the confirmation link or <a href=""%1"">click here</a> for a new link.","Morate potvrditi svoj nalog. Molimo proverite svoju elektronsku poštu za link za potvrdu ili <a href=""%1"">kliknite ovde</a> za novi link.",module,Magento_Customer
"There is already an account with this email address. If you are sure that it is your email address, <a href=""%1"">click here</a> to get your password and access your account.","Već postoji Profil sa ovom email adresom. Ako ste sigurni da je ovo Vaša adresa, <a href=""%1"">kliknite ovde</a> da biste dobili lozinku i pristup svom Profilu.",module,Magento_Customer
New Customers,Novi kupac,module,Magento_Customer
"Creating an account has many benefits: check out faster, keep more than one address, track orders and more.","Kreiranje Profila ima mnogo prednosti: brzu proveru, lak pristup prethodnim porudžbinama, mogućnost kreiranja spiska adresa i podešavanja.",module,Magento_Customer
Company,Kompanija,module,Magento_Customer
Fax,Faks,module,Magento_Customer
Name,Ime,module,Magento_Customer
Phone Number,Broj telefona,module,Magento_Customer
Import failed: %1,Uvoz nije uspeo: %1,module,Magento_Deploy
"The class for ""%1"" type wasn't declared. Enter the class and try again.","Klasa za ""%1"" tip nije upisana. Unesite klasu i pokušajte ponovo.",module,Magento_Deploy
%1 does not implement %2,%1 nije uvežen %2,module,Magento_Deploy
File app/etc/%1 can't be read. Please check if it exists and has read permissions.,File app/etc/%1 ne može biti pročitan. Molimo proverite da li postoji i da li ima dozvole za čitanje.,module,Magento_Deploy
There are no sensitive configurations to fill,Ne postoje osetljive konfiguracije koje treba ispuniti,module,Magento_Deploy
The value can't be empty. Enter the value and try again.,Vrednost ne može biti prazna. Molimo unesite vrednost i pokušajte ponovo.,module,Magento_Deploy
A configuration with this path does not exist or is not sensitive,Konfiguracija sa ovom putanjom ne postoji ili nije senzitivna,module,Magento_Deploy
"The mode can't be switched to ""%1"".","Režim ne može biti promenjen na ""%1"".",module,Magento_Deploy
Wrong logger interface specified.,Navedeni su pogrešni podaci za pristup.,module,Magento_Deploy
The hash isn't saved.,Haš nije sačuvan.,module,Magento_Deploy
"The parameter ""importer_class"" is missing. Set the ""importer_class"" and try again.","Nedostaje parametar ""importer_class"". Podesite ""importer_class"" i pokušajte ponovo.",module,Magento_Deploy
"The configuration file has changed. Run the ""app:config:import"" or the ""setup:upgrade"" command to synchronize the configuration.","Konfiguraciona datoteka se promenila. Za sinhronizaciju konfiguracije pokrenite komandu: ""app:config:import"" ili ""setup:upgrade"".",module,Magento_Deploy
Wrong type specified: '%1',Navedeni tip je pogrešan: '%1',module,Magento_Deploy
Wrong queue type specified.,Navedena pogrešna vrsta reda.,module,Magento_Deploy
Wrong deploy strategy type: %1,Pogrešan tip razvoja strategije: %1,module,Magento_Deploy
Some error,Neka greška,module,Magento_Deploy
some message,neka poruka,module,Magento_Deploy
Exception,Izuzetak,module,Magento_Deploy
Format for IDE '%1' is not supported,Format za IDE '%1' nije podržan,module,Magento_Developer
Client side compilation doesn't work in production mode,Klijentova kompilacija ne radi u produkcionom režimu,module,Magento_Developer
Client side less compilation,Less Kompilacija na strani klijenta,module,Magento_Developer
Server side less compilation,Server manje kompilacije,module,Magento_Developer
Magento was installed with a table prefix. Please re-install without prefix.,Magento je instaliran sa prefiksom table. Molimo instalirajte ga ponovo bez prefiksa.,module,Magento_Developer
Select this to allow DHL to optimize shipping charges by splitting the order if it exceeds %1 %2.,Odaberi ovo da dozvoliš DHL-u da optimizuje deljenje troškova dostave ako porudžbina prelazi %1 %2.,module,Magento_Dhl
Wrong Content Type,Pogrešan Tip Sadržaja,module,Magento_Dhl
Pounds,Funte,module,Magento_Dhl
Kilograms,Kilogrami,module,Magento_Dhl
Inches,Inče,module,Magento_Dhl
Centimeters,Centrimetri,module,Magento_Dhl
inch,inč,module,Magento_Dhl
Height,Visina,module,Magento_Dhl
Depth,Dubina,module,Magento_Dhl
Width,Širina,module,Magento_Dhl
Regular,Standardno,module,Magento_Dhl
Specific,Određeno,module,Magento_Dhl
Easy shop,Laka kupovina,module,Magento_Dhl
Express easy,Izrazi lako,module,Magento_Dhl
Break bulk express,Ekspresna dostava,module,Magento_Dhl
Medical express,Ekspresno medicinska,module,Magento_Dhl
Express worldwide,Ekspres širom sveta,module,Magento_Dhl
Express 9:00,Expres 9:00,module,Magento_Dhl
Express 10:30,Expres 10:30,module,Magento_Dhl
Domestic economy select,Domaća ekonomska odabrana,module,Magento_Dhl
Economy select,Ekonomska odabrana,module,Magento_Dhl
Domestic express 9:00,Domaća brza 9:00,module,Magento_Dhl
Domestic express,Domaća brza,module,Magento_Dhl
Others,Ostalo,module,Magento_Dhl
Same day,Istog dana,module,Magento_Dhl
Express 12:00,Expres 12:00,module,Magento_Dhl
Express envelope,Brza pošiljka,module,Magento_Dhl
Domestic express 12:00,Domaća brza 12:00,module,Magento_Dhl
Jetline,Avionska,module,Magento_Dhl
Freight worldwide,Teretna vozila širom sveta,module,Magento_Dhl
Jumbo box,Velika kutija,module,Magento_Dhl
DHL service is not available at %s date,DHL servis nije dostupan %s datuma,module,Magento_Dhl
The response is in wrong format.,Odgovor je u pogrešnom formatu.,module,Magento_Dhl
Zero shipping charge for '%1',Nula naknada za isporuku '%1',module,Magento_Dhl
Cannot identify measure unit for %1,Ne možemo identifikovati mernu jedinicu za %1,module,Magento_Dhl
Cannot identify weight unit for %1,Ne možemo identifikovati jedinicu za težinu za %1,module,Magento_Dhl
There is no items in this order,Nema stavki u ovoj porudžbini,module,Magento_Dhl
Please specify origin country.,Molimo definišite zemlju porekla.,module,Magento_Dhl
Documents,Dokumenta,module,Magento_Dhl
Non Documents,Bez Dokumenata,module,Magento_Dhl
"Height, width and length should be equal or greater than %1","Visina, širina i dužina treba da budu veće ili jednake od %1",module,Magento_Dhl
Unable to retrieve shipping label,Nije moguće preuzeti etiketu za otpremu,module,Magento_Dhl
Unable to retrieve tracking,Nije moguće preuzeti za praćenje,module,Magento_Dhl
Response is in the wrong format,Odgovor je u pogrešnom formatu,module,Magento_Dhl
Error #%1 : %2,Greška #%1 : %2,module,Magento_Dhl
No packages for request,Nema pakovanja za zahtev,module,Magento_Dhl
Non documents,Bez dokumenata,module,Magento_Dhl
None,Ništa,module,Magento_Dhl
The security validation of the XML document has failed.,Sigurnosna validacija za XML dokument nije uspeo.,module,Magento_Dhl
Requested store is not found,Tražena prodavnica nije pronađena,module,Magento_DirectoryGraphQl
There was an error save new configuration value.,Došlo je do greške pri snimanju novih konfiguracionih vrednosti.,module,Magento_Directory
--Please Select--,--- Molimo odaberite ---,module,Magento_Directory
lbs,funte,module,Magento_Directory
kgs,kg,module,Magento_Directory
The country isn't available.,Država nije dostupna.,module,Magento_Directory
"Undefined rate from ""%1-%2"".","Nedefinisana stopa od ""%1-%2"".",module,Magento_Directory
Please correct the target currency.,Molimo ispravite ciljanu valutu.,module,Magento_Directory
label,oznaka,module,Magento_Directory
We can't retrieve a rate from %1 for %2.,Ne možemo vratiti stopu iz %1 za %2.,module,Magento_Directory
No API Key was specified or an invalid API Key was specified.,API Ključ nije definisan ili je pogrešan API Ključ definisan.,module,Magento_Directory
Currency rates can't be retrieved.,Stope valute ne mogu biti vraćene.,module,Magento_Directory
The account this API request is coming from is inactive.,Nalog sa kojeg dolazi ovaj API zahtev je neaktivan.,module,Magento_Directory
"The ""%1"" is not allowed as base currency for your subscription plan.","""%1"" nije dozvoljen kao osnovna valuta u planu pretplate.",module,Magento_Directory
An invalid base currency has been entered.,Upisana je nevažeća osnovna valuta.,module,Magento_Directory
FATAL ERROR:,FATALNA GREŠKA:,module,Magento_Directory
The import model can't be initialized. Verify the model and try again.,Model uvoza ne može biti inicijalizovan. Proverite model i pokušajte ponovo.,module,Magento_Directory
Please specify the correct Import Service.,Molimo definišite ispravan Servis Uvoza.,module,Magento_Directory
WARNING:,UPOZORENJE:,module,Magento_Directory
Please correct the country code: %1.,Molimo ispravite kod države: %1.,module,Magento_Directory
Country and Format Type combination should be unique,Kombinacija Tipa Države i Formata treba da bude jedinstvena,module,Magento_Directory
Please correct the rates received,Molimo korigujte primljene stope,module,Magento_Directory
"Please select a region, state or province.",Molimo odaberite mesto.,module,Magento_Directory
Currency,Valuta,module,Magento_Directory
Your current currency is: %1.,Vaša trenutna valuta je: %1.,module,Magento_Directory
Continue,Nastavi,module,Magento_Directory
"""model"" value should be specified","Vrednost ""modela"" treba biti određena",module,Magento_DownloadableGraphQl
File directory '%1' is not readable.,Datoteka directory '%1' is not readable.,module,Magento_DownloadableImportExport
File directory '%1' is not writable.,Datoteka directory '%1' is not writable.,module,Magento_DownloadableImportExport
Error,Greška,module,Magento_DownloadableImportExport
Downloadable Information,Informacije za Preuzimanje,module,Magento_Downloadable
Add New Link,Dodaj Novi Link,module,Magento_Downloadable
Upload Files,Otpremi Datoteke,module,Magento_Downloadable
All Files,Sve datoteke,module,Magento_Downloadable
Unlimited,Neograničeno,module,Magento_Downloadable
Something went wrong while getting the requested content.,Došlo je do greške prilikom dobijanja traženog sadržaja.,module,Magento_Downloadable
My Downloadable Products,Moji Preuzimljivi Proizvodi,module,Magento_Downloadable
We can't find the link you requested.,Ne možemo pronaći traženi link.,module,Magento_Downloadable
"Please sign in to download your product or purchase <a href=""%1"">%2</a>.","Prijavite se kako bi preuzeli ili poručili proizvod <a href=""%1"">%2</a>.",module,Magento_Downloadable
Please sign in to download your product.,Prijavite se da bi preuzeli Vaš proizvod.,module,Magento_Downloadable
The link has expired.,Link je istekao.,module,Magento_Downloadable
The link is not available.,Link nije dostupan.,module,Magento_Downloadable
"Sorry, there was an error getting requested content. Please contact the store owner.","Izvinite, Pojavila se greška prilikom preuzimanja željenog sadržaja. Molim kontakrirajte vlasnika prodavnice.",module,Magento_Downloadable
Please set resource file and link type.,Podesite izvornu datoteku i tip veze.,module,Magento_Downloadable
Invalid download link type.,Nevažeća vrsta veze za preuzimanje.,module,Magento_Downloadable
Something went wrong while saving the file(s).,Došlo je do greške prilikom čuvanja fajlova.,module,Magento_Downloadable
Provided content must be valid base64 encoded data.,Navedeni sadržaj mora biti validan base64 kodirani podatak.,module,Magento_Downloadable
Provided file name contains forbidden characters.,Ime datoteke sadrži karaktere koji nisu dozvoljeni.,module,Magento_Downloadable
Link file not provided,Nije unešen link datoteke,module,Magento_Downloadable
Link price must have numeric positive value.,Link cene mora imati pozitivnu numeričku vrednost.,module,Magento_Downloadable
Number of downloads must be a positive integer.,Broj preuzimanja mora biti pozitivan ceo broj.,module,Magento_Downloadable
Sort order must be a positive integer.,Redosled sortiranja mora biti pozitivan ceo broj.,module,Magento_Downloadable
Link URL must have valid format.,Link URL mora imati validan format.,module,Magento_Downloadable
Provided file content must be valid base64 encoded data.,Navedeni sadržaj datoteke mora biti validan base64 kodirani podatak.,module,Magento_Downloadable
Sample URL must have valid format.,Primer URL-a mora imati validan format.,module,Magento_Downloadable
Order id cannot be null,Id Porudbine ne može biti nula,module,Magento_Downloadable
Order item id cannot be null,Id Poručenog artikla ne može biti nula,module,Magento_Downloadable
The product needs to be the downloadable type. Verify the product and try again.,Proizvod treba biti za preuzimanje. Proverite proizvod i pokušajte ponovo.,module,Magento_Downloadable
The link information is invalid. Verify the link and try again.,Neispravni podaci linka. Proverite link i pokušajte ponovo.,module,Magento_Downloadable
The link title is empty. Enter the link title and try again.,Naslov veze je prazan. Unesite naslov veze i pokušajte ponovo.,module,Magento_Downloadable
No downloadable link with the provided ID was found. Verify the ID and try again.,Uneti ID ne sadrži link za preuzimanje. Proverite ID i pokušajte ponovo.,module,Magento_Downloadable
The downloadable link isn't related to the product. Verify the link and try again.,Link za preuzimanje nije povezan sa proizvodom. Proverite link i pokušajte ponovo.,module,Magento_Downloadable
"The link with ""%1"" ID can't be deleted.",Link koji sadrži %1 ID ne može biti obrisan.,module,Magento_Downloadable
The link type is invalid. Verify and try again.,Tip veze je nevažeći. Proverite i pokušajte ponovo.,module,Magento_Downloadable
Please specify product link(s).,Navedite linkove do proizvoda.,module,Magento_Downloadable
Sample file not provided,Nije unešen primer datoteke,module,Magento_Downloadable
The sample information is invalid. Verify the information and try again.,Podaci primera nisu važeći. Proverite podatke i pokušajte ponovo.,module,Magento_Downloadable
The sample title is empty. Enter the title and try again.,Naslov veze je prazan. Unesite naslov veze i pokušajte ponovo.,module,Magento_Downloadable
No downloadable sample with the provided ID was found. Verify the ID and try again.,"Nije pronađen uzorak sa datom identifikacijom, Proverite ID i pokušajte ponovo.",module,Magento_Downloadable
The downloadable sample isn't related to the product. Verify the link and try again.,Uzorak za preuzimanje nije povezan sa proizvodom. Proverite link i pokušajte ponovo.,module,Magento_Downloadable
"The sample with ""%1"" ID can't be deleted.","Uzorak sa ID ""%1"" nije moguće obrisati.",module,Magento_Downloadable
The sample type is invalid. Verify the sample type and try again.,Tip uzorka je neispravan. Proverite tip uzorka i pokušajte ponovo.,module,Magento_Downloadable
Yes,Da,module,Magento_Downloadable
No,Ne,module,Magento_Downloadable
Use config,Koristi konfiguraciju,module,Magento_Downloadable
Upload File,Pošalji datoteku,module,Magento_Downloadable
attachment,prilog,module,Magento_Downloadable
inline,u redu,module,Magento_Downloadable
Pending,Na čekanju,module,Magento_Downloadable
Invoiced,Faktura,module,Magento_Downloadable
To enable the option set the weight to no,Da omogućite ovu opciju podesite težinu na ne,module,Magento_Downloadable
Is this downloadable Product?,Da li je ovo preuzimljivi Proizvod?,module,Magento_Downloadable
Links,Linkovi,module,Magento_Downloadable
Title,Naslov,module,Magento_Downloadable
Links can be purchased separately,Linkovi se zasebno mogu kupiti,module,Magento_Downloadable
Add Link,Dodaj Link,module,Magento_Downloadable
Price,Cena,module,Magento_Downloadable
File,Datoteka,module,Magento_Downloadable
Sample,Primerak,module,Magento_Downloadable
Shareable,Deljivo,module,Magento_Downloadable
Max. Downloads,Max. Preuzetih,module,Magento_Downloadable
Samples,Uzorci,module,Magento_Downloadable
Use Default Value,Koristite podrazumevane vrednosti,module,Magento_Downloadable
sample,uzorak,module,Magento_Downloadable
Is this a downloadable Product?,Da li je ovo preuzimljivi Proizvod?,module,Magento_Downloadable
Add links to your product files here.,Dodajte linkove do fajlova svojih proizvoda ovde.,module,Magento_Downloadable
[STORE VIEW],[PRIKAZ PRODAVNICE],module,Magento_Downloadable
Sort Order,Redosled porudžbina,module,Magento_Downloadable
Attach File or Enter Link,Prikači Fajl ili Unesi Link,module,Magento_Downloadable
Sort Variations,Sortiranje Varijacija,module,Magento_Downloadable
Browse Files...,Pregled datoteka...,module,Magento_Downloadable
Delete,Obrisati,module,Magento_Downloadable
Add product preview files here.,Dodaj pregled fajla ovde.,module,Magento_Downloadable
SKU,Šifra,module,Magento_Downloadable
Select all,Izaberi sve,module,Magento_Downloadable
Unselect all,Poništi sve,module,Magento_Downloadable
Availability,Dostupnost,module,Magento_Downloadable
In stock,Na stanju,module,Magento_Downloadable
Out of stock,Nema na lageru,module,Magento_Downloadable
"Go to <a href=""%1"">My Downloadable Products</a>","Idi na <a href=""%1"">Moji Preuzimljivi Proizvodi</a>",module,Magento_Downloadable
Downloadable Products,Preuzimljivi Proizvodi,module,Magento_Downloadable
Order #,Porudžbina #,module,Magento_Downloadable
Date,Datum,module,Magento_Downloadable
Remaining Downloads,Preostala Preuzimanja,module,Magento_Downloadable
View Order,Pregledaj porudžbinu,module,Magento_Downloadable
Start Download,Započni Preuzimanje,module,Magento_Downloadable
You have not purchased any downloadable products yet.,Niste kupili ni jedan preuzimljivi proizvod do sada.,module,Magento_Downloadable
Back,Nazad,module,Magento_Downloadable
download,preuzimanje,module,Magento_Downloadable
Gift Message,Poklon poruka,module,Magento_Downloadable
From:,Od:,module,Magento_Downloadable
To:,Za:,module,Magento_Downloadable
Message:,Poruka:,module,Magento_Downloadable
Product Name,Naziv proizvoda,module,Magento_Downloadable
Qty,Kol,module,Magento_Downloadable
Subtotal,Međuzbir,module,Magento_Downloadable
Discount Amount,Iznos popusta,module,Magento_Downloadable
Row Total,Red ukupno,module,Magento_Downloadable
Qty Invoiced,Fakturisana kol.,module,Magento_Downloadable
Ordered,Porućeno,module,Magento_Downloadable
Shipped,Isporučeno,module,Magento_Downloadable
Canceled,Otkazano,module,Magento_Downloadable
Refunded,Povraćen novac,module,Magento_Downloadable
"""Entity type should be specified","""Tip entiteta treba da bude naveden",module,Magento_EavGraphQl
"""Attribute code should be specified","""Kod atributa treba da bude naveden",module,Magento_EavGraphQl
Attribute code %1 of entity type %2 not configured to have a type.,Atribut code %1 of entity type %2 not configured to have a type.,module,Magento_EavGraphQl
Invalid entity_type specified: %1,Navedeni entity_type nije važeći: %1,module,Magento_EavGraphQl
Missing %1 for the input %2.,Nedostaje %1 for the input %2.,module,Magento_EavGraphQl
Cannot resolve EAV type,Ne može resolve EAV type,module,Magento_EavGraphQl
Attribute Properties,Postavke atributa,module,Magento_Eav
Default Label,Podrazumevana Oznaka,module,Magento_Eav
Default label,Podrazumevana oznaka,module,Magento_Eav
Attribute Code,Kod atributa,module,Magento_Eav
This is used internally. Make sure you don't use spaces or more than %1 symbols.,Koristi se interno. Ne koristite razmak ili više od %1 simbola.,module,Magento_Eav
Catalog Input Type for Store Owner,Tip unosa kataloga za Vlasnika Prodavnice,module,Magento_Eav
Values Required,Obavezne Vrednosti,module,Magento_Eav
Default Value,Podrazumevane vrednosti,module,Magento_Eav
Unique Value,Jedinstvena vrednost,module,Magento_Eav
Unique Value (not shared with other products),Jedinstvena vrednost (ne deli se sa drugim proizvodima),module,Magento_Eav
Not shared with other products.,Ne deli se sa drugim proizvodima.,module,Magento_Eav
Input Validation for Store Owner,Ulazna validnost za vlasnika radnje,module,Magento_Eav
Required,Obavezno,module,Magento_Eav
Yes,Da,module,Magento_Eav
No,Ne,module,Magento_Eav
System,Sistem,module,Magento_Eav
None,Ništa,module,Magento_Eav
Decimal Number,Decimalni Broj,module,Magento_Eav
Integer Number,Celi Brojevi,module,Magento_Eav
Email,E-pošta,module,Magento_Eav
Letters,Slova,module,Magento_Eav
"Letters (a-z, A-Z) or Numbers (0-9)","Slova (a-z, A-Z) ili Brojevi (0-9)",module,Magento_Eav
Text Editor input type requires WYSIWYG to be enabled in Stores > Configuration > Content Management.,Tip unosa u Text Editor zahteva da WYSIWYG bude omogućen u Stores > Configuration > Content Management.,module,Magento_Eav
"Input type ""%value%"" not found in the input types list.","Tip unosa ""%value%"" nije pronađen u listi tipova unosa.",module,Magento_Eav
Attribute object is undefined,Objekat atributa nije definisan,module,Magento_Eav
Entity object is undefined,Entitet objekta nije definisan,module,Magento_Eav
"""%1"" invalid type entered.","""%1"" neispravan tip je unet.",module,Magento_Eav
"""%1"" contains non-alphabetic or non-numeric characters.","""%1"" sadrži vrednosti koje nisu ni slova ni brojevi.",module,Magento_Eav
"""%1"" is an empty string.","""%1"" je prazan niz.",module,Magento_Eav
"""%1"" contains non-numeric characters.","""%1"" sadrži karaktere koji nisu brojevi.",module,Magento_Eav
"""%1"" contains non-alphabetic characters.","""%1"" sadrži karaktere koji nisu slova.",module,Magento_Eav
"""%1"" is not a valid email address.","""%1"" nije validna mejl adresa.",module,Magento_Eav
"""%1"" is not a valid hostname.","""%1"" nije validno hostname.",module,Magento_Eav
"""%1"" uses too many characters.","""%1"" koristi previše karaktera.",module,Magento_Eav
"'%value%' looks like an IP address, which is not an acceptable format.","'%value%' izgleda kao IP adresa, što nije prihvatljiv format.",module,Magento_Eav
'%value%' looks like a DNS hostname but contains a dash in an invalid position.,'%value%' izgleda kao DNS hostname ali sadrži crticu na pogrešnom mestu.,module,Magento_Eav
'%value%' looks like a DNS hostname but we cannot match it against the hostname schema for TLD '%tld%'.,'%value%' izgleda kao DNS hostname ali ne možemo ga uporediti sa hostname šemom za TLD '%tld%'.,module,Magento_Eav
'%value%' looks like a DNS hostname but cannot extract TLD part.,'%value%' izgleda kao DNS hostname ali ne može izdvojiti TLD deo.,module,Magento_Eav
'%value%' does not look like a valid local network name.,'%value%' ne izgleda kao validan naziv lokalne mreže.,module,Magento_Eav
"'%value%' looks like a local network name, which is not an acceptable format.","'%value%' izgleda kao naziv lokalne mreže, što nije prihvatljiv format.",module,Magento_Eav
"'%value%' appears to be a DNS hostname, but the given punycode notation cannot be decoded.","'%value%' izgleda kao DNS hostname, ali se data punycode notacija ne može dekodirati.",module,Magento_Eav
"""%1"" is not a valid URL.","""%1"" nije važeći URL.",module,Magento_Eav
"""%1"" is not a valid date.","""%1"" nije važeći datum.",module,Magento_Eav
"""%1"" does not fit the entered date format.","""%1"" ne odgovara unetom formatu datuma.",module,Magento_Eav
"""%1"" is a required value.","""%1"" je obavezna vrednost.",module,Magento_Eav
Please enter a valid date between %1 and %2 at %3.,Molimo unesite validan datum izmedu %1 i %2 u %3.,module,Magento_Eav
Please enter a valid date equal to or greater than %1 at %2.,Molimo unesite validan datum jednak ili veći od %1 u %2.,module,Magento_Eav
Please enter a valid date less than or equal to %1 at %2.,Molimo unesite validan datum manji ili jednak od %1 u %2.,module,Magento_Eav
"""%1"" is not a valid file extension.","""%1"" nije validna ekstenzija za fajl.",module,Magento_Eav
"""%1"" is not a valid file.","""%1"" nije validan fajl.",module,Magento_Eav
"""%1"" exceeds the allowed file size.","""%1"" prelazi dozvoljenu veličinu fajla.",module,Magento_Eav
"""%1"" is not a valid image format","""%1"" nije validan format slike",module,Magento_Eav
"""%1"" width exceeds allowed value of %2 px.","""%1"" širina prelazi dozvoljenu vrednost od %2 px.",module,Magento_Eav
"""%1"" height exceeds allowed value of %2 px.","""%1"" visina prelazi dozvoljenu vrednost od %2 px.",module,Magento_Eav
"""%1"" cannot contain more than %2 lines.","""%1"" ne može sadržati više od %2 linija.",module,Magento_Eav
Attribute %1 does not contain option with Id %2,Atribut %1 does not contain option with Id %2,module,Magento_Eav
"""%1"" length must be equal or greater than %2 characters.","""%1"" dužina mora biti veća ili jednaka od %2 karaktera.",module,Magento_Eav
"""%1"" length must be equal or less than %2 characters.","""%1"" dužina mora biti manja ili jednaka od %2 karaktera.",module,Magento_Eav
"The group with the ""%1"" ID doesn't exist. Verify the ID and try again.","Grupa sa ID ""%1"" ne postoji. Proverite ID i pokušajte ponovo.",module,Magento_Eav
"The attribute group with id ""%1"" can't be deleted.","Grupa atributa sa ID ""%1"" ne može biti obrisana.",module,Magento_Eav
"The AttributeSet with a ""%1"" ID doesn't exist. Verify the attributeSet and try again.","Set atributa sa ID ""%1"" ne postoji. Proverite set atributa i pokušajte ponovo.",module,Magento_Eav
The attribute set ID is incorrect. Verify the ID and try again.,The attribute set ID is netačan. Verify the ID and pokušajte ponovo.,module,Magento_Eav
"The ""%1"" attribute set wasn't found. Verify and try again.","Set atributa ""%1"" nije pronađen. Proverite i pokušajte ponovo.",module,Magento_Eav
"The ""%1"" attribute wasn't found in the ""%2"" attribute set. Enter the attribute and try again.","Atribut ""%1"" nije pronađen u setu atributa ""%2"". Unesite atribut i pokušajte ponovo.",module,Magento_Eav
The system attribute can't be deleted.,Sistemski atribut se ne može izbrisati.,module,Magento_Eav
The attribute can't be saved.,Atribut ne može biti snimljen.,module,Magento_Eav
"The attribute with a ""%1"" attributeCode doesn't exist. Verify the attribute and try again.",Atribut sa %1 attributeCode ne postoji. Proverite atribut i pokušajte ponovo.,module,Magento_Eav
The attribute can't be deleted.,Atribut se ne može izbrisati.,module,Magento_Eav
"The attribute with a ""%1"" ID doesn't exist. Verify the attribute and try again.",Atribut sa %1 ID brojem ne postoji. Proverite atribut i pokušajte ponovo.,module,Magento_Eav
"The attribute set couldn't be saved due to an error. Verify your information and try again. If the error persists, please try again later.","Skup atributa ne može biti sačuvan zbog greške. Proverite informacije i pokušajte ponovo. Ukoliko i dalje prikazuje grešku, molimo pokušajte kasnije.",module,Magento_Eav
The default attribute set can't be deleted.,Podrazumevani skup atributa se ne može izbrisati.,module,Magento_Eav
"The attribute set couldn't be deleted due to an error. Try again — if the error persists, please try again later.","Skup atributa ne može biti izbrisan zbog greške. Pokušajte ponovo - ukoliko ponovo prikazuje greške, molimo pokušajte kasnije.",module,Magento_Eav
Invalid entity_type specified: %1,Navedeni entity_type nije važeći: %1,module,Magento_Eav
Entity is not initialized,Entitet nije inicijalizovan,module,Magento_Eav
This parameter is unknown. Verify and try again.,Ovaj parametar nije poznat. Proverite parametar i pokušajte ponovo.,module,Magento_Eav
Unique constraint violation found,Pronađeno je jedinstveno kršenje ograničenja,module,Magento_Eav
The default decimal value is invalid. Verify the value and try again.,Podrazumevana decimalna vrednost nije ispravna. Proverite vrednost i pokušajte ponovo.,module,Magento_Eav
The default date is invalid. Verify the date and try again.,Podrazumevani datum nije ispravan. Proveri datum i pokušaj ponovo.,module,Magento_Eav
The entity supplied is invalid. Verify the entity and try again.,Obezbeđeni entitet nije ispravan. Proverite entitet i pokušajte ponovo.,module,Magento_Eav
"The ""%1"" backend model is invalid. Verify the backend model and try again.","""%1"" backend model je neispravan. Proverite backend model i pokušajte ponovo.",module,Magento_Eav
"Source model ""%1"" not found for attribute ""%2""","Izvorni model ""%1"" nije pronađen za atribut ""%2""",module,Magento_Eav
"The ""%1"" attribute value is empty. Set the attribute and try again.","""%1"" vrednost atributa je prazna. Postavite atribut i pokušajte ponovo.",module,Magento_Eav
"The value of the ""%1"" attribute isn't unique. Set a unique value and try again.","Vrednost ""%1"" svojstva nije jedinstvena. Podesite jedinstvenu vrednost i pokušajte ponovo.",module,Magento_Eav
Invalid date,Nevažeći datum,module,Magento_Eav
"The ""%1"" attribute can't be saved.","""%1"" atribut ne može biti sačuvan.",module,Magento_Eav
The attribute code is empty. Enter the code and try again.,Kod atributa je prazan. Unesite kod i pokušajte ponovo.,module,Magento_Eav
"The options for ""%1"" attribute can't be loaded.","Opcije za ""%1"" atribut ne mogu biti učitane.",module,Magento_Eav
"The ""%1"" attribute doesn't include an option with ""%2"" ID.","""%1"" atribut ne uključuje opciju sa ID ""%2"".",module,Magento_Eav
"The ""%1"" attribute doesn't work with options.","""%1"" atribut ne radi sa ovim opcijama.",module,Magento_Eav
"The entity attribute with the ""%1"" ID isn't found. Reset the attribute and try again.","Entitet atributa sa ""%1"" ID nije pronađen. Resetujte atribut i pokušajte ponovo.",module,Magento_Eav
The attribute set name is empty. Enter the name and try again.,Naziv seta atributa je prazan. Unesite naziv i pokušajte ponovo.,module,Magento_Eav
"A ""%1"" attribute set name already exists. Create a new name and try again.","""%1"" naziv seta atributa već postoji. Kreirajte novo ime i pokušajte ponovo.",module,Magento_Eav
No options found.,Opcije nisu pronađene.,module,Magento_Eav
label,oznaka,module,Magento_Eav
"The object wasn't added because it's invalid. To continue, enter a valid object and try again.","Objekat nije dodat zato što nije ispravan. Da nastavite, unesite validni objekat i nastavite dalje.",module,Magento_Eav
Invalid attribute identifier for filter (%1),Nevažeći identifikator atributa za filter (%1),module,Magento_Eav
"The ""%1"" attribute requested is invalid. Verify the attribute and try again.","""%1"" traženi atribut je nevažeći. Proveri atribut i pokušaj ponovo.",module,Magento_Eav
Joint field or attribute expression with this alias is already declared,Izraz zajedničkog polja ili atributa sa ovim pseudonimom je već deklarisan,module,Magento_Eav
"Invalid alias, already exists in joint attributes","Nevažeći alijas, već postoji u zajedničkim atributima",module,Magento_Eav
The foreign key is invalid. Verify the foreign key and try again.,Strani ključ je nevažeći. Proveri strani ključ i pokušaj ponovo.,module,Magento_Eav
The entity type is invalid. Verify the entity type and try again.,Tip entiteta je neispravan. Proverite tip entiteta i pokušajte ponovo.,module,Magento_Eav
The attribute type is invalid. Verify the attribute type and try again.,Tip atributa nije ispravan. Proverite tip i atributa i pokušajte ponovo.,module,Magento_Eav
A joined field with this alias is already declared.,Zajedničko polje sa ovim alijasom je već deklarisano.,module,Magento_Eav
Invalid joint fields,Nevažeća zajednička polja,module,Magento_Eav
"A joint field with a ""%1"" alias is already declared.","Zajedničko polje sa ""%1"" alijasom je već deklarisano.",module,Magento_Eav
A header row is missing for an attribute. Verify the header row and try again.,Nedostaje zaglavlje za ovaj atribut. Proveri zaglavlje i pokušaj ponovo.,module,Magento_Eav
"The ""%1"" attribute name is invalid. Reset the name and try again.","""%1"" nevažeći naziv atributa. Resetujte naziv i pokušajte ponovo.",module,Magento_Eav
Invalid character encountered in increment ID: %1,Nevažeći znak se nalazi u povećanju ID: %1,module,Magento_Eav
The current module pathname is undefined.,Trenutni pathname modul nije definisan.,module,Magento_Eav
The current module EAV entity is undefined.,Trenutni EAV entitet modul nije definisan.,module,Magento_Eav
The form code is not defined.,Kod forme nije definisan.,module,Magento_Eav
The entity instance is not defined.,Instanca entiteta nije definisana.,module,Magento_Eav
The form type is invalid. Reset the type and try again.,Tip forme je nevažeći. Resetujte tip i pokušajte ponovo.,module,Magento_Eav
The EAV attribute is invalid. Verify the attribute and try again.,EAV atribut je nevažeći. Proveri atribut i pokušaj ponovo.,module,Magento_Eav
Attribute with the same code,Atribut sa istim kodom,module,Magento_Eav
The default option isn't defined. Set the option and try again.,Podrazumevana opcija nije definisana. Podesite opciju i pokušajte ponovo.,module,Magento_Eav
The storefront label is not defined.,Oznaka prodavnice nije definisana.,module,Magento_Eav
"Attribute group with same code already exist. Please rename ""%1"" group","Grupa atributa sa istim kodom već postoji. Molimo promenite ime ""%1"" grupi",module,Magento_Eav
Form Element with the same attribute,Element Forme sa istim atributom,module,Magento_Eav
Form Fieldset with the same code,Polje Forme sa istim kodom,module,Magento_Eav
Form Type with the same code,Tip Forme sa istim kodom,module,Magento_Eav
"The value of attribute ""%1"" is invalid.","Vrednost atributa ""%1"" je nevažeći.",module,Magento_Eav
The entity ID is incorrect. Verify the ID and try again.,ID entiteta je nevažeći. Proveri ID i pokušajte ponovo.,module,Magento_Eav
The attribute group ID is incorrect. Verify the ID and try again.,ID grupe atribute je nevažeći. Proverite ID i pokušajte ponovo.,module,Magento_Eav
"Attribute with ID: ""%1"" does not exist","Atibut sa ID: ""%1"" ne postoji",module,Magento_Eav
AttributeSet does not exist.,Ne postoji AttributeSet.,module,Magento_Eav
hello,zdravo,module,Magento_Eav
Some internal exception message.,Neka poruka o internom odstupanju.,module,Magento_Eav
The value of attribute not valid,Vrednost atributa je nevažeći,module,Magento_Eav
The search failed because of a search engine misconfiguration.,Pretraga nije uspela zbog pogrešne konfiguracije pretraživača.,module,Magento_Elasticsearch8
"There is no such data mapper ""%1"" for interface %2",Ne postoji takavo preslikavanje podataka %1 za interfejs %2,module,Magento_Elasticsearch
"Data mapper ""%1"" must implement interface %2",Data mapper %1 mora implementirati interfejs %2,module,Magento_Elasticsearch
The search failed because of a search engine misconfiguration.,Pretraga nije uspela zbog pogrešne konfiguracije pretraživača.,module,Magento_Elasticsearch
Could not ping search engine: %1,Nije moguće pingovanje pretraživača: %1,module,Magento_Elasticsearch
Add New Template,Dodajte novi šablon,module,Magento_Email
Transactional Emails,Transaktivni Emailovi,module,Magento_Email
Back,Nazad,module,Magento_Email
Reset,Resetovati,module,Magento_Email
Delete Template,Obriši šablon,module,Magento_Email
Convert to Plain Text,Prebaci u običan tekst,module,Magento_Email
Return Html Version,Vrati verziju Html-a,module,Magento_Email
Preview Template,Pregled šablona,module,Magento_Email
Save Template,Snimi šablon,module,Magento_Email
Load Template,Učitaj šablon,module,Magento_Email
Edit Email Template,Izmeni šablon e-pošte,module,Magento_Email
New Email Template,Novi šablon e-pošte,module,Magento_Email
Default Config,Podrazumevana konfiguracija,module,Magento_Email
Template Information,Informacije o šablonu,module,Magento_Email
Currently Used For,Trenutno korišćen za,module,Magento_Email
Template Name,Naziv šablona,module,Magento_Email
Template Subject,Predmet šablona,module,Magento_Email
Insert Variable...,Ubaci promenljivu...,module,Magento_Email
Template Content,Sadržaj šablona,module,Magento_Email
Template Styles,Stilovi šablona,module,Magento_Email
Preview,Pregled,module,Magento_Email
Unknown,Nepoznato,module,Magento_Email
You deleted the email template.,Obrisali ste šablon e-pošte.,module,Magento_Email
The email template is currently being used.,Trenutno se koristi šablon e-pošte.,module,Magento_Email
We can't delete email template data right now. Please review log and try again.,We can't delete email template data right now. Please review log and pokušajte ponovo.,module,Magento_Email
Edit Template,Izmeni šablon,module,Magento_Email
Edit System Template,Izmeni Sistem Šablona,module,Magento_Email
New Template,Novi šablon,module,Magento_Email
New System Template,Novi Sistemski Šablon,module,Magento_Email
Email Templates,Email šabloni,module,Magento_Email
Email Preview,Pregled Mejla,module,Magento_Email
An error occurred. The email template can not be opened for preview.,Došlo je do greške. Šablon mejla ne može biti otvoren za pregled.,module,Magento_Email
This email template no longer exists.,Ovaj šablon mejla više ne postoji.,module,Magento_Email
You saved the email template.,Sačuvali ste šablon mejla.,module,Magento_Email
The design config needs an area and a store. Verify that both are set and try again.,Konfiguracija dizajna treba površinu i prodavnicu. Proverite da li su oba podešena i pokušajte ponovo.,module,Magento_Email
None,Ništa,module,Magento_Email
Template Variables,Varijacije Šablona,module,Magento_Email
Please enter a template name.,Molimo unesite naziv šablona.,module,Magento_Email
Duplicate Of Template Name,Duplikat naziva predloška,module,Magento_Email
Invalid transactional email code: %1,Nevažeći kod za mejl transakcije: %1,module,Magento_Email
"Requested invalid store ""%1""","Tražena nevažeća prodavnica ""%1""",module,Magento_Email
"""file"" parameter must be specified","""file"" parametar mora biti definisan",module,Magento_Email
"""file"" parameter must be specified and must not be empty","""file"" parametar mora biti definisan i ne može biti prazan",module,Magento_Email
Design params must be set before calling this method,Prije pozivanja ove metode moraju se postaviti parametri dizajna,module,Magento_Email
CSS inlining error:,CSS greška u linku:,module,Magento_Email
Error filtering template: %s,Greška filtriranja predloška: %s,module,Magento_Email
"We're sorry, an error has occurred while generating this content.","Žao nam je, došlo je do greške tokom generisanja ovog sadržaja.",module,Magento_Email
Invalid sender data,Nevažeći pošiljalac podataka,module,Magento_Email
Title,Naslov,module,Magento_Email
Template,Šablon,module,Magento_Email
Are you sure you want to strip tags?,Jeste li sigurni da želite da skinete oznake?,module,Magento_Email
Are you sure you want to delete this template?,Jeste li sigurni da želite da obrišete ovaj predložak?,module,Magento_Email
The template did not load. Please review the log for details.,Šablon nije učitan. Molimo proverite izveštaj za detalje.,module,Magento_Email
Change Encryption Key,Promeni Enkripcijski Ključ,module,Magento_EncryptionKey
Encryption Key,Enkripcijski Ključ,module,Magento_EncryptionKey
New Encryption Key,Novi Enkripcijski Ključ,module,Magento_EncryptionKey
The encryption key is used to protect passwords and other sensitive data.,Enkripcijski ključ se koristi da bi zaštitio šifre i druge osetljive podatke.,module,Magento_EncryptionKey
Auto-generate a Key,Automatski generisan ključ,module,Magento_EncryptionKey
No,Ne,module,Magento_EncryptionKey
Yes,Da,module,Magento_EncryptionKey
The generated key will be displayed after changing.,Generisani ključ će biti prikazan nakon menjanja.,module,Magento_EncryptionKey
New Key,Novi Ključ,module,Magento_EncryptionKey
Deployment configuration file is not writable.,Datoteka za konfiguraciju razmeštanja nije upisiva.,module,Magento_EncryptionKey
Europe First Priority,Evropa Prvi Prioritet,module,Magento_Fedex
1 Day Freight,1 Dan Teretni Promet,module,Magento_Fedex
2 Day Freight,2 Dan Teretni Promet,module,Magento_Fedex
2 Day,2 Dana,module,Magento_Fedex
2 Day AM,2 Dan AM,module,Magento_Fedex
3 Day Freight,3 Dan Teretni Promet,module,Magento_Fedex
Express Saver,Ekspres Štediša,module,Magento_Fedex
Ground,Zemlja,module,Magento_Fedex
First Overnight,Prva Noć,module,Magento_Fedex
Home Delivery,Kućna Dostava,module,Magento_Fedex
International First,International Prvi,module,Magento_Fedex
Freight,Prevoz,module,Magento_Fedex
National Freight,Nacionalni Prevoz,module,Magento_Fedex
Regular Pickup,Standardno preuzimanje,module,Magento_Fedex
Request Courier,Zahtev za kurirskom službom,module,Magento_Fedex
Business Service Center,Centar za poslovne usluge,module,Magento_Fedex
Station,Stanica,module,Magento_Fedex
Your Packaging,Vaša Ambalaža,module,Magento_Fedex
Not Required,Nije Zahtevano,module,Magento_Fedex
Adult,Odrasli,module,Magento_Fedex
Direct,Direktno,module,Magento_Fedex
Indirect,Indirektno,module,Magento_Fedex
Pounds,Funte,module,Magento_Fedex
Kilograms,Kilogrami,module,Magento_Fedex
Invalid response from carrier,Nevažeći odgovor od operatera,module,Magento_Fedex
No available tracking items,Nema dostupnih stavki za praćenje,module,Magento_Fedex
Empty response,Prazan odgovor,module,Magento_Fedex
None,Ništa,module,Magento_Fedex
Gift messages can't be used for an empty cart. Add an item and try again.,Poklon poruke ne mogu biti korišćene u praznoj korpi. Dodajte artikal i pokušajte ponovo.,module,Magento_GiftMessage
Gift messages can't be used for virtual products.,Poklon poruke se ne mogu koristiti za virtuelne proizvode.,module,Magento_GiftMessage
The gift message isn't available.,Poklon poruka nije dostupna.,module,Magento_GiftMessage
The gift message couldn't be added to Cart.,Poklon poruka ne može biti dodata u Korpu.,module,Magento_GiftMessage
No item with the provided ID was found in the Cart. Verify the ID and try again.,Artikal sa obezbeđenim ID nije pronađen u Korpi. Proverite ID i pokušajte ponovo.,module,Magento_GiftMessage
"No product with the ""%1"" itemId exists in the Cart. Verify your information and try again.","Proizvod sa ""%1"" itemId ne postoji u Korpi. Proverite informacije i pokušajte ponovo.",module,Magento_GiftMessage
No item with the provided ID was found in the Order. Verify the ID and try again.,Artikal sa obezbeđenim ID nije pronađen u Porudžbini. Proverite ID i pokušajte ponovo.,module,Magento_GiftMessage
"No item with the provided ID was found in the Order, or a gift message isn't allowed. Verify and try again.",Artikal sa obezbeđenim ID nije pronađen u Porudžbini ili poklon poruka nije dozvoljena. Proverite i pokušajte ponovo.,module,Magento_GiftMessage
"The gift message couldn't be added to the ""%1"" order.","Poklon poruka ne može biti dodata u ""%1"" porudžbinu.",module,Magento_GiftMessage
Either no order exists with this ID or gift message isn't allowed.,Ili ne postoji porudžbina sa ovim ID ili poklon poruka nije dozvoljena.,module,Magento_GiftMessage
No order exists with this ID. Verify your information and try again.,Ne postoji porudžbina sa ovim ID. Proverite informacije i pokušajte ponovo.,module,Magento_GiftMessage
"Gift messages can't be used for an empty order. Create an order, add an item, and try again.","Poklon poruke se ne mogu koristiti za prazne porudžbine. Kreirajte porudžbinu, dodajte artikal i pokušajte ponovo.",module,Magento_GiftMessage
"The gift message couldn't be added to the ""%1"" order item.","Poklon poruka ne može biti dodata u ""%1"" porudžbinu artikla.",module,Magento_GiftMessage
Unknown entity type,Nepoznat tip entiteta,module,Magento_GiftMessage
Test label,Test oznaka,module,Magento_GiftMessage
Use Config Settings,Koristi konfiguraciona podešavanja,module,Magento_GiftMessage
From,Od,module,Magento_GiftMessage
To,Do,module,Magento_GiftMessage
Message,Poruka,module,Magento_GiftMessage
Cancel,Odustani,module,Magento_GiftMessage
Gift Options,Poklon Opcije,module,Magento_GiftMessage
Gift Message,Poklon poruka,module,Magento_GiftMessage
Do you have any gift items in your order?,Da li imate neki poklon proizvod u porudžbini?,module,Magento_GiftMessage
Add Gift Options,Dodaj Poklon Opcije,module,Magento_GiftMessage
Gift Options for the Entire Order,Poklon Opcije za Celu Porudžbinu,module,Magento_GiftMessage
Leave this box blank if you don't want to leave a gift message for the entire order.,Ostavite ovo polje prazno ako ne želite da ostavite poklon poruku za celu porudžbinu.,module,Magento_GiftMessage
Gift Options for Individual Items,Poklon Opcije za Individualne Stavke,module,Magento_GiftMessage
<span>Item %1</span> of %2,<span>Stavka %1</span> of %2,module,Magento_GiftMessage
Add Gift Options for the Entire Order,Dodaj Poklon Opcije za Celu Porudžbinu,module,Magento_GiftMessage
Add Gift Options for Individual Items,Dodaj Poklon Opcije za Individualne Proizvode,module,Magento_GiftMessage
Dynamic,Dinamički,module,Magento_GoogleAdwords
Constant,Konstanta,module,Magento_GoogleAdwords
"Conversion Color value is not valid ""%1"". Please set hexadecimal 6-digit value.","Konverzija vrednosti Boje nije validna ""%1"". Molimo podesite heksadecimalnu 6-cifrenu vrednost.",module,Magento_GoogleAdwords
"Conversion Id value is not valid ""%1"". Conversion Id should be an integer.","Vrednost Id Konverzije nije validna ""%1"". Id Konverzije treba da bude celi broj.",module,Magento_GoogleAdwords
Product View Optimization,Optimizacija Pregleda Proizvoda,module,Magento_GoogleOptimizer
Page View Optimization,Optimizacija Pregleda Stranice,module,Magento_GoogleOptimizer
Data key is missing: %1,Data key is nedostaje: %1,module,Magento_GoogleOptimizer
Google Analytics Content Experiments Code,Google Analytics Sadržaj Experiments Kod,module,Magento_GoogleOptimizer
Experiment Code,Experiment Kod,module,Magento_GoogleOptimizer
Request content type must be application/json,Zahtev content type must be application/json,module,Magento_GraphQl
Entity code %1 does not exist.,Entity code %1 ne postoji.,module,Magento_GraphQl
"""model"" value should be specified","Vrednost ""modela"" treba biti određena",module,Magento_GroupedProductGraphQl
Grouped Products,Grupisani proizvodi,module,Magento_GroupedProduct
Please specify the quantity of product(s).,Izaberite količinu proizvoda.,module,Magento_GroupedProduct
Cannot process the item.,Ne može process the item.,module,Magento_GroupedProduct
Add Products to Group,Dodavaj proizvode u grupu,module,Magento_GroupedProduct
Cancel,Odustani,module,Magento_GroupedProduct
Add Selected Products,Dodati izabrane proizvode,module,Magento_GroupedProduct
Remove,Ukloni,module,Magento_GroupedProduct
Thumbnail,Sličice,module,Magento_GroupedProduct
Name,Ime,module,Magento_GroupedProduct
Attribute Set,Skup atributa,module,Magento_GroupedProduct
SKU,Šifra,module,Magento_GroupedProduct
Price,Cena,module,Magento_GroupedProduct
Default Quantity,Podrazumevana količina,module,Magento_GroupedProduct
Position,Pozicija,module,Magento_GroupedProduct
Actions,Radnje,module,Magento_GroupedProduct
Associated Products,Pridruženi Proizvodi,module,Magento_GroupedProduct
Availability:,Dostupnost:,module,Magento_GroupedProduct
Out of stock,Nema na lageru,module,Magento_GroupedProduct
Product Name,Naziv proizvoda,module,Magento_GroupedProduct
Qty,Kol,module,Magento_GroupedProduct
No options of this product are available.,Ni jedna opcija za ovaj proizvod nije dostupna.,module,Magento_GroupedProduct
There are no grouped products.,Nema grupisanih proizvoda.,module,Magento_GroupedProduct
Default Qty,Podrazumevano Kol,module,Magento_GroupedProduct
Starting at,Počev od,module,Magento_GroupedProduct
Availability,Dostupnost,module,Magento_GroupedProduct
In stock,Na stanju,module,Magento_GroupedProduct
Export,Izvezi,module,Magento_ImportExport
Export Settings,Izvezi Podešavanja,module,Magento_ImportExport
Entity Type,Entity Tip,module,Magento_ImportExport
Export File Format,Izvezi Datoteka Format,module,Magento_ImportExport
From,Od,module,Magento_ImportExport
To,Do,module,Magento_ImportExport
Fixed Price: From,Fixed Cena: From,module,Magento_ImportExport
-- Not Selected --,-- Nije izabrano --,module,Magento_ImportExport
Exclude,Isključi,module,Magento_ImportExport
Attribute Label,Oznaka atributa,module,Magento_ImportExport
Attribute Code,Kod atributa,module,Magento_ImportExport
Unknown attribute filter type,Nepoznat attribute filter type,module,Magento_ImportExport
Download,Preuzimanje,module,Magento_ImportExport
Import,Uvesti,module,Magento_ImportExport
Import Settings,Uvezi Podešavanja,module,Magento_ImportExport
Import Behavior,Uvezi Behavior,module,Magento_ImportExport
Stop on Error,Stop on Greška,module,Magento_ImportExport
Please specify number of errors to halt import process,Molimo navedite number of errors to halt import process,module,Magento_ImportExport
File to Import,Datoteka to Uvezi,module,Magento_ImportExport
Select File to Import,Izaberi Datoteka to Uvezi,module,Magento_ImportExport
File must be saved in UTF-8 encoding for proper import,Datoteka must be saved in UTF-8 encoding for proper import,module,Magento_ImportExport
Images File Directory,Images Datoteka Directory,module,Magento_ImportExport
Download Sample File,Preuzmi Sample Datoteka,module,Magento_ImportExport
What is this?,Šta je ovo?,module,Magento_ImportExport
Please correct the data sent value.,Molimo ispravite the data sent value.,module,Magento_ImportExport
"Sorry, but the data is invalid or the file is not uploaded.","Sorry, but the data is neispravan or the file is not uploaded.",module,Magento_ImportExport
Import/Export,Uvezi/Izvezi,module,Magento_ImportExport
History,Istorija,module,Magento_ImportExport
Import History,Uvezi History,module,Magento_ImportExport
Import history,Uvezi history,module,Magento_ImportExport
Incorrect entity name.,Netačan entity name.,module,Magento_ImportExport
Maximum error count has been reached or system error is occurred!,Maximum error count je reached or system error is occurred!,module,Magento_ImportExport
Download full report,Preuzmi full report,module,Magento_ImportExport
Import successfully done,Uvezi uspešno done,module,Magento_ImportExport
The file was not uploaded.,The file nije uploaded.,module,Magento_ImportExport
"Checked rows: %1, checked entities: %2, invalid rows: %3, total errors: %4","Checked rows: %1, checked entities: %2, neispravan rows: %3, total errors: %4",module,Magento_ImportExport
"Please fix errors and re-upload file or simply press ""Import"" button to skip rows with errors","Molimo ispravite greške i ponovo otpremite datoteku ili jednostavno pritisnite dugme ""Uvoz"" da preskočite redove sa greškama",module,Magento_ImportExport
"File is valid! To start import process press ""Import"" button","Datoteka je ispravna! Za početak uvoza pritisnite dugme ""Uvoz""",module,Magento_ImportExport
"Created: %1, Updated: %2, Deleted: %3","Kreiran: %1, Ažuriran: %2, Obrisan: %3",module,Magento_ImportExport
Please enter a correct entity model.,Molimo unesite a correct entity model.,module,Magento_ImportExport
Please enter a correct entity.,Molimo unesite a correct entity.,module,Magento_ImportExport
Please correct the file format.,Molimo ispravite the file format.,module,Magento_ImportExport
Please provide filter data.,Molimo obezbedite filter data.,module,Magento_ImportExport
Entity is unknown,Entity is nepoznat,module,Magento_ImportExport
"Please correct the value for ""%1"" column.","Molimo ispravite vrednost za kolonu ""%1"".",module,Magento_ImportExport
Please specify the writer.,Molimo navedite the writer.,module,Magento_ImportExport
Error during export process occurred,Greška during export process occurred,module,Magento_ImportExport
Error during export process occurred. Please check logs for detail,Greška during export process occurred. Please check logs for detail,module,Magento_ImportExport
"Begin import of ""%1"" with ""%2"" behavior","Započni uvoz ""%1"" sa ""%2"" ponašanjem",module,Magento_ImportExport
Import data validation is complete.,Uvezi data validation is complete.,module,Magento_ImportExport
The behavior token for %1 is invalid.,The behavior token for %1 is neispravan.,module,Magento_ImportExport
Please enter a correct entity model,Molimo unesite a correct entity model,module,Magento_ImportExport
Adapter must be an instance of \Magento\ImportExport\Model\Import\AbstractSource,Adapter must be an instance of \Magento\ImportExport\Model\Uvezi\AbstractSource,module,Magento_ImportExport
Please specify a source.,Molimo navedite a source.,module,Magento_ImportExport
ImportExport: Import Data validation - Validation strategy not found,ImportExport: Uvezi Data validation - Validation strategy nije pronađeno,module,Magento_ImportExport
Show more,Prikaži more,module,Magento_ImportExport
Following Error(s) has been occurred during importing process:,Following Greška(s) je occurred during importing process:,module,Magento_ImportExport
Cannot get autoincrement value,Ne može get autoincrement value,module,Magento_ImportExport
Error in data structure: %1 values are mixed,Greška in data structure: %1 values are mixed,module,Magento_ImportExport
'Error in CSV: ' .,'Greška in CSV: ' .,module,Magento_ImportExport
-- Please Select --,-- Molim odaberite --,module,Magento_ImportExport
label,oznaka,module,Magento_ImportExport
Add/Update,Dodaj/Ažuriraj,module,Magento_ImportExport
Replace,Zameni,module,Magento_ImportExport
Delete,Obrisati,module,Magento_ImportExport
New product data is added to the existing product data for the existing entries in the database. All fields except sku can be updated.,Novo product data is added to the existing product data for the existing entries in the database. Sve fields except sku can be updated.,module,Magento_ImportExport
Any entities in the import data that already exist in the database are deleted from the database.,Bilo koji entities in the import data that already exist in the database are deleted from the database.,module,Magento_ImportExport
Add/Update Complex Data,Dodaj/Ažuriraj Complex Data,module,Magento_ImportExport
Delete Entities,Obriši Entities,module,Magento_ImportExport
Custom Action,Custom Akcija,module,Magento_ImportExport
Error,Greška,module,Magento_ImportExport
Error message,Poruka greške,module,Magento_ImportExport
Are you sure you wan't to delete a file?,Da li ste sigurni you wan't to delete a file?,module,Magento_ImportExport
Continue,Nastavi,module,Magento_ImportExport
Invalid data,Neispravni podaci,module,Magento_ImportExport
Update by Schedule,Ažuriraj by Raspored,module,Magento_Indexer
Update on Save,Ažuriraj on Sačuvaj,module,Magento_Indexer
Processing,Obrada,module,Magento_Indexer
Never,Nikada,module,Magento_Indexer
Index Management,Upravljanje indeksima,module,Magento_Indexer
Please select indexers.,Molimo izaberite indexers.,module,Magento_Indexer
"One or more <a href=""%1"">indexers are invalid</a>. Make sure your <a href=""%2"" target=""_blank"">Magento cron job</a> is running.","Jedan ili više <a href=""%1"">indeksera su nevažeći</a>. Proverite da li vaš <a href=""%2"" target=""_blank"">Magento cron posao</a> radi.",module,Magento_Indexer
State for the same indexer,Država for the same indexer,module,Magento_Indexer
State for the same view,Država for the same view,module,Magento_Indexer
Field '%1' not found,Field '%1' nije pronađeno,module,Magento_Indexer
Test Phrase,Test fraza,module,Magento_Indexer
Your order number is: %1.,Broj Vaše porudžbine je: %1.,module,Magento_InstantPurchase
Something went wrong while processing your order. Please try again later.,Došlo je do greške tokom procesiranja vaše porudžbine. Molimo pokušajte ponovo kasnije.,module,Magento_InstantPurchase
A payment method isn't defined for instance purchase. Verify and try again.,A payment method isn't defined for instance purchase. Proverite i pokušajte ponovo.,module,Magento_InstantPurchase
Shipping address is not defined for instance purchase.,Dostava address is not defined for instance purchase.,module,Magento_InstantPurchase
Shipping method is not defined for instance purchase.,Dostava method is not defined for instance purchase.,module,Magento_InstantPurchase
Integrations,Integracije,module,Magento_Integration
Add New Integration,Dodaj Novo Integracija,module,Magento_Integration
Save,Sačuvaj,module,Magento_Integration
Save & Activate,Sačuvaj & Activate,module,Magento_Integration
New Integration,Novo Integracija,module,Magento_Integration
Edit Integration '%1',Izmeni Integracija '%1',module,Magento_Integration
Integration Info,Integracija Informacija,module,Magento_Integration
General,Opšte,module,Magento_Integration
Name,Ime,module,Magento_Integration
Email,E-pošta,module,Magento_Integration
Current User Identity Verification,Verifikacija identiteta trenutnog korisnika,module,Magento_Integration
Your Password,Vaša lozinka,module,Magento_Integration
Integration Details,Integracija Detalji,module,Magento_Integration
Basic Settings,Osnovna podešavanja,module,Magento_Integration
Integration Tokens for Extensions,Integracija Tokens for Ekstenzije,module,Magento_Integration
Remove,Ukloni,module,Magento_Integration
View,Pregled,module,Magento_Integration
Edit,Izmeni,module,Magento_Integration
Activate,Aktiviraj,module,Magento_Integration
Reauthorize,Ponovo autorizuj,module,Magento_Integration
Integration not secure,Integracija not secure,module,Magento_Integration
The integration '%1' has been deleted.,The integration '%1' je deleted.,module,Magento_Integration
Integration ID is not specified or is invalid.,Integracija ID is not specified or is neispravan.,module,Magento_Integration
"View ""%1"" Integration","Pregled ""%1"" integracije",module,Magento_Integration
"Edit ""%1"" Integration","Izmena ""%1"" integracije",module,Magento_Integration
Warning! Integrations not using HTTPS are insecure and potentially expose private or personally identifiable information,Upozorenje! Integracije not using HTTPS are insecure and potentially expose private or personally identifiable information,module,Magento_Integration
The integration '%1' has been saved.,The integration '%1' je saved.,module,Magento_Integration
The integration was not saved.,The integration nije saved.,module,Magento_Integration
The integration '%1' has been re-authorized.,The integration '%1' je re-authorized.,module,Magento_Integration
The integration '%1' has been activated.,The integration '%1' je activated.,module,Magento_Integration
Integration '%1' has been sent for re-authorization.,Integracija '%1' je sent for re-authorization.,module,Magento_Integration
Integration '%1' has been sent for activation.,Integracija '%1' je sent for activation.,module,Magento_Integration
"A consumer with ""%1"" ID doesn't exist. Verify the ID and try again.","Potrošač sa ""%1"" ID ne postoji. Proverite ID i pokušajte ponovo.",module,Magento_Integration
title,naslov,module,Magento_Integration
The account sign-in was incorrect or your account is disabled temporarily. Please wait and try again later.,Ulogovali ste se sa pogrešnom šifrom ili je Vaš nalog privremeno onemogućen. Molimo sačekajte i pokušajte ponovo kasnije.,module,Magento_Integration
"An error occurred during the attempt to grant permissions. For details, see the exceptions log.","Došlo je do greške during the attempt to grant permissions. For details, see the exceptions log.",module,Magento_Integration
Something went wrong while deleting roles and permissions. You can find out more in the exceptions log.,Nešto nije u redu while deleting roles and permissions. You can find out more in the exceptions log.,module,Magento_Integration
"""%fieldName"" is required. Enter and try again.","""%imePolja"" je obavezno. Unesite i probajte ponovo.",module,Magento_Integration
Inactive,Neaktivan,module,Magento_Integration
Active,Aktivan,module,Magento_Integration
Reset,Resetovati,module,Magento_Integration
"The integration with name ""%1"" exists.","Integracija sa nazivom ""%1"" postoji.",module,Magento_Integration
"The integration with ID ""%1"" doesn't exist.","Integracija sa ID ""%1"" ne postoji.",module,Magento_Integration
"One or more <a href=""%1"">integrations</a> have been reset because of a change to their xml configs.","Jedna ili više <a href=""%1"">integracija</a> je resetovano zbog promene u njihovim xml konfiguracijama.",module,Magento_Integration
Invalid Callback URL,Neispravan Callback URL,module,Magento_Integration
Invalid Rejected Callback URL,Neispravan Odbijen Callback URL,module,Magento_Integration
Incorrect timestamp value in the oauth_timestamp parameter,Netačan timestamp value in the oauth_timestamp parameter,module,Magento_Integration
An error occurred validating the nonce,Došlo je do greške validating the nonce,module,Magento_Integration
Cannot convert to access token due to token is not request type,Ne može convert to access token due to token is not request type,module,Magento_Integration
Cannot create request token because consumer token is not a verifier token,Ne može create request token because consumer token is not a verifier token,module,Magento_Integration
Request token is not associated with the specified consumer,Zahtev token is not associated with the specified consumer,module,Magento_Integration
Cannot get access token because consumer token is not a request token,Ne može get access token because consumer token is not a request token,module,Magento_Integration
Access token has been revoked,Access token je revoked,module,Magento_Integration
A consumer having the specified key does not exist,A consumer having the specified key ne postoji,module,Magento_Integration
Verifier is invalid,Verifier is neispravan,module,Magento_Integration
A consumer with the ID %1 does not exist,A consumer with the ID %1 ne postoji,module,Magento_Integration
The token length is invalid. Check the length and try again.,The token length is neispravan. Check the length and pokušajte ponovo.,module,Magento_Integration
Specified token does not exist,Specified token ne postoji,module,Magento_Integration
A token with consumer ID %1 does not exist,A token with consumer ID %1 ne postoji,module,Magento_Integration
The oAuth consumer account couldn't be created due to an unexpected error. Please try again later.,The oAuth consumer account couldn't be created due to an unexpected error. Pokušajte ponovo later.,module,Magento_Integration
The oAuth consumer account couldn't be loaded due to an unexpected error. Please try again later.,The oAuth consumer account couldn't be loaded due to an unexpected error. Pokušajte ponovo later.,module,Magento_Integration
The attempt to post data to consumer failed due to an unexpected error. Please try again later.,The attempt to post data to consumer failed due to an unexpected error. Pokušajte ponovo later.,module,Magento_Integration
"A consumer with ID ""%1"" doesn't exist. Verify the ID and try again.","Potrošač sa ID ""%1"" ne postoji. Proverite ID i pokušajte ponovo.",module,Magento_Integration
Invalid token to except,Neispravan token to except,module,Magento_Integration
Your account is temporarily disabled. Please try again later.,Your account is temporarily disabled. Pokušajte ponovo later.,module,Magento_Integration
The password entered for the current user is invalid. Verify the password and try again.,The password entered for the current user is neispravan. Verify the password and pokušajte ponovo.,module,Magento_Integration
Manage Customers,Upravljanje Kupcima,module,Magento_Integration
Create Customer,Kreiraj Kupac,module,Magento_Integration
Edit Customer,Izmeni Kupac,module,Magento_Integration
Get Customer,Get Kupac,module,Magento_Integration
Delete Customer,Obriši Kupca,module,Magento_Integration
A token with consumer ID 0 does not exist,A token with consumer ID 0 ne postoji,module,Magento_Integration
The oAuth consumer account couldn't be loaded due to an unexpected error. Please try again later.,The oAuth consumer account couldn't be loaded due to an unexpected error. Pokušajte ponovo later.,module,Magento_Integration
No permissions requested,Niste tražili dozvole,module,Magento_Integration
Are you sure?,Da li ste sigurni?,module,Magento_Integration
Are you sure you want to delete this integration? You can't undo this action.,Da li ste sigurni želite da delete this integration? Ne možete undo this action.,module,Magento_Integration
Available APIs,Dostupni API-ja,module,Magento_Integration
Resource Access,Pristup resursu,module,Magento_Integration
Custom,Izborno,module,Magento_Integration
All,Sve,module,Magento_Integration
Resources,Resursi,module,Magento_Integration
List,Lista,module,Magento_InventoryAdminUi
Wrong request.,Pogrešan zahtev.,module,Magento_InventoryAdminUi
Manage Stock,Magento magacin,module,Magento_InventoryAdminUi
In Stock,Na stanju,module,Magento_InventoryCatalogAdminUi
Out of Stock,Nema na lageru,module,Magento_InventoryCatalogAdminUi
Advanced Inventory,Napredne zaliha,module,Magento_InventoryCatalogAdminUi
Manage Stock,Magento magacin,module,Magento_InventoryCatalogAdminUi
Yes,Da,module,Magento_InventoryCatalogAdminUi
No,Ne,module,Magento_InventoryCatalogAdminUi
Use Config Settings,Koristi konfiguraciona podešavanja,module,Magento_InventoryCatalogAdminUi
Change,Promena,module,Magento_InventoryCatalogAdminUi
Qty,Kol,module,Magento_InventoryCatalogAdminUi
Out-of-Stock Threshold,Nema na zalihama Threshold,module,Magento_InventoryCatalogAdminUi
Minimum Qty Allowed in Shopping Cart,Minimalna količina dozvoljena u korpi,module,Magento_InventoryCatalogAdminUi
Maximum Qty Allowed in Shopping Cart,Maksimalna količina dozvoljena u korpi,module,Magento_InventoryCatalogAdminUi
Qty Uses Decimals,Količina koristi decimale,module,Magento_InventoryCatalogAdminUi
Backorders,Poslednje porudžbine,module,Magento_InventoryCatalogAdminUi
Notify for Quantity Below,Obavesti za količinu ispod,module,Magento_InventoryCatalogAdminUi
Enable Qty Increments,Omogući povećanje količine,module,Magento_InventoryCatalogAdminUi
Qty Increments,Povećanje količine,module,Magento_InventoryCatalogAdminUi
Stock Availability,Dostupnost zaliha,module,Magento_InventoryCatalogAdminUi
Back,Nazad,module,Magento_InventoryCatalogAdminUi
WARNING:,UPOZORENJE:,module,Magento_InventoryCatalogAdminUi
"Step 3: Bulk Images, Price and Quantity","Step 3: Skup Slika, Cena i Količine",module,Magento_InventoryConfigurableProductAdminUi
Based on your selections %1 new products will be created. Use this step to customize images and price for your new products.,Na osnovu Vaših odabira %1 novi proizvod će biti kreiran. Koristite ovaj korak da biste prilagodili slike i cene za Vaše nove proizvode.,module,Magento_InventoryConfigurableProductAdminUi
Images,Slike,module,Magento_InventoryConfigurableProductAdminUi
Apply single set of images to all SKUs,Primeni isti set slika za svaki SKU,module,Magento_InventoryConfigurableProductAdminUi
Apply unique images by attribute to each SKU,Primeni jedinstvene slike prema atributu za svaki SKU,module,Magento_InventoryConfigurableProductAdminUi
Skip image uploading at this time,Preskoči ubacivanje slike ovog puta,module,Magento_InventoryConfigurableProductAdminUi
Browse Files...,Pregled datoteka...,module,Magento_InventoryConfigurableProductAdminUi
Browse to find or drag image here,Pretražite da pronađete i ubacite sliku ovde,module,Magento_InventoryConfigurableProductAdminUi
Remove image,Uklonite sliku,module,Magento_InventoryConfigurableProductAdminUi
Hidden,Skriveno,module,Magento_InventoryConfigurableProductAdminUi
Alt Text,Alternativni tekst,module,Magento_InventoryConfigurableProductAdminUi
Role,Uloga,module,Magento_InventoryConfigurableProductAdminUi
Image Size,Veličina Slike,module,Magento_InventoryConfigurableProductAdminUi
Image Resolution,Rezolucija Slike,module,Magento_InventoryConfigurableProductAdminUi
Hide from Product Page,Sakriti od proizvodne stranice,module,Magento_InventoryConfigurableProductAdminUi
Select attribute,Izaberite atribut,module,Magento_InventoryConfigurableProductAdminUi
Select,Izaberite,module,Magento_InventoryConfigurableProductAdminUi
Price,Cena,module,Magento_InventoryConfigurableProductAdminUi
Apply single price to all SKUs,Primeni istu cenu na svaki SKU,module,Magento_InventoryConfigurableProductAdminUi
Apply unique prices by attribute to each SKU,Primeni različite cene prema atributu za svaki SKU,module,Magento_InventoryConfigurableProductAdminUi
Skip price at this time,Sada preskoči cenu,module,Magento_InventoryConfigurableProductAdminUi
Apply single quantity to each SKUs,Primeni istu količinu za svaki SKU,module,Magento_InventoryConfigurableProductAdminUi
Apply unique quantity by attribute to each SKU,Primeni različite količine prema atributu za svaki SKU,module,Magento_InventoryConfigurableProductAdminUi
Skip quantity at this time,Sada preskoči količinu,module,Magento_InventoryConfigurableProductAdminUi
Step 4: Summary,4. Korak: Kratak Pregled,module,Magento_InventoryConfigurableProductAdminUi
Qty,Kol,module,Magento_InventoryConfigurableProductFrontendUi
Only %1 left,Samo %1 je ostao,module,Magento_InventoryConfigurableProductFrontendUi
"""model"" value should be specified","Vrednost ""modela"" treba biti određena",module,Magento_InventoryGraphQl
In Stock,Na stanju,module,Magento_InventoryImportExport
Out of Stock,Nema na lageru,module,Magento_InventoryImportExport
Your order number is: %1.,Broj Vaše porudžbine je: %1.,module,Magento_InventoryInStorePickupFrontend
Your order # is: <span>%1</span>.,Vaša porudžbina # je: <span>%1</span>.,module,Magento_InventoryInStorePickupFrontend
We'll email you an order confirmation with details and tracking info.,"Poslaćemo vam potvrdu porudžbine na mejl, sa detaljima i informacijama za praćenje pošiljke.",module,Magento_InventoryInStorePickupFrontend
Continue Shopping,Nastavite kupovinu,module,Magento_InventoryInStorePickupFrontend
"""model"" value should be specified","Vrednost ""modela"" treba biti određena",module,Magento_InventoryInStorePickupQuoteGraphQl
This order no longer exists.,Ova porudžbina više ne postoji.,module,Magento_InventoryInStorePickupSalesAdminUi
Low Stock Products,Nisko stanje proizvoda,module,Magento_InventoryLowQuantityNotificationAdminUi
Website,Web sajt,module,Magento_InventoryProductAlert
Stock,Zalihe,module,Magento_InventoryProductAlert
The SKU is out of stock.,Šifra nije na zalihama.,module,Magento_InventoryRequisitionList
The requested qty is not available,Tražena kol nije dostupna,module,Magento_InventoryRequisitionList
The product that was requested doesn't exist. Verify the product and try again.,Traženi proizvod ne postoji. Proverite proizvod i pokušajte kasnije.,module,Magento_InventorySales
The fewest you may purchase is %1.,Možete poručiti najmanje %1.,module,Magento_InventorySales
You can buy this product only in quantities of %1 at a time.,Ovaj proizvod možete kupiti samo u količini od %1 odjednom.,module,Magento_InventorySales
Back,Nazad,module,Magento_InventoryShippingAdminUi
Inventory,Inventar,module,Magento_InventoryShippingAdminUi
Not all of your products are available in the requested quantity.,Neki od proizvoda nisu dostupni u traženoj količini.,module,Magento_InventorySourceDeductionApi
Some error,Neka greška,module,Magento_Inventory
No,Ne,module,Magento_LayeredNavigation
Filterable (with results),Filtrirano (sa rezultatima),module,Magento_LayeredNavigation
Filterable (no results),Filtrirano (bez rezultata),module,Magento_LayeredNavigation
Use in Layered Navigation,Koristi u slojevitoj navigaciji,module,Magento_LayeredNavigation
"Can be used only with catalog input type Yes/No, Dropdown, Multiple Select and Price","Can be used only with catalog input type Da/Ne, Dropdown, Multiple Izaberi and Cena",module,Magento_LayeredNavigation
"Can be used only with catalog input type Yes/No, Dropdown, Multiple Select and Price.
                    <br>Price is not compatible with <b>'Filterable (no results)'</b> option - 
                     it will make no affect on Price filter.","Može se koristiti samo sa tipom unosa kataloga Da/Ne, Padajući, Višestruki izbor i Cena.
                    <br>Cena nije kompatibilna sa opcijom <b>'Filterabilno (bez rezultata)'</b> - 
                     neće imati uticaja na filter cene.",module,Magento_LayeredNavigation
Use in Search Results Layered Navigation,Use in Pretraga Results Layered Navigation,module,Magento_LayeredNavigation
"Can be used only with catalog input type Yes/No, Dropdown, Multiple Select and Price.","Can be used only with catalog input type Da/Ne, Dropdown, Multiple Izaberi and Cena.",module,Magento_LayeredNavigation
Position,Pozicija,module,Magento_LayeredNavigation
Position in Layered Navigation,Pozicija u slojevitoj navigaciji,module,Magento_LayeredNavigation
Position of attribute in layered navigation block.,Pozicija atributa u slojevitog navigacionom bloku.,module,Magento_LayeredNavigation
item,stavka,module,Magento_LayeredNavigation
items,stavke,module,Magento_LayeredNavigation
Now Shopping by,Sada kupiti preko,module,Magento_LayeredNavigation
Previous,Prethodni,module,Magento_LayeredNavigation
Remove,Ukloni,module,Magento_LayeredNavigation
Remove This Item,Ukloni ovu stavku,module,Magento_LayeredNavigation
Shop By,Kupiti po,module,Magento_LayeredNavigation
Clear All,Očisti sve,module,Magento_LayeredNavigation
Shopping Options,Opcije kupovine,module,Magento_LayeredNavigation
Loading...,Učitavanje...,module,Magento_LoginAsCustomerFrontendUi
List,Lista,module,Magento_LoginAsCustomerLog
Extensions and Themes are an essential component of the Magento Ecosystem. Please visit the Magento Marketplace to see the latest innovations that developers have created to enhance your Magento Store.,Ekstenzije and Teme are an essential component of the Magento Ecosystem. Please visit the Magento Marketplace to see the latest innovations that developers have created to enhance your Magento Prodavnica.,module,Magento_Marketplace
Read More,Pročitaj više,module,Magento_Marketplace
Partner Page,Partner Stranica,module,Magento_Marketplace
No partners were found,Ne partners were found,module,Magento_Marketplace
Categories,Kategorije,module,Magento_MediaGalleryCatalogUi
Edit,Izmeni,module,Magento_MediaGalleryCatalogUi
Cancel,Odustani,module,Magento_MediaGalleryUi
Delete Image,Izbriši sliku,module,Magento_MediaGalleryUi
Media Gallery,Media Galerija,module,Magento_MediaGalleryUi
Yes,Da,module,Magento_MediaGalleryUi
No,Ne,module,Magento_MediaGalleryUi
Type,Tip,module,Magento_MediaGalleryUi
Image,Slika,module,Magento_MediaGalleryUi
Created,Kreiran,module,Magento_MediaGalleryUi
Modified,Izmenjeno,module,Magento_MediaGalleryUi
Width,Širina,module,Magento_MediaGalleryUi
Height,Visina,module,Magento_MediaGalleryUi
Size,Veličina,module,Magento_MediaGalleryUi
Create Folder,Kreiraj direktorijum,module,Magento_MediaGalleryUi
Delete Folder,Izbrišite fasciklu,module,Magento_MediaGalleryUi
Add Selected,Dodaj odabrane,module,Magento_MediaGalleryUi
Upload Image,Ubaci Sliku,module,Magento_MediaGalleryUi
Enabled,Omogućeno,module,Magento_MediaGalleryUi
Disabled,Onemogućeno,module,Magento_MediaGalleryUi
All Store Views,Svi pregledi prodavnica,module,Magento_MediaGalleryUi
Save,Sačuvaj,module,Magento_MediaGalleryUi
"The ""%1"" file doesn't exist. Verify the file and try again.","Datoteka ""%1"" ne postoji. Proverite datoteku i pokušajte ponovo.",module,Magento_MediaStorage
File %1 is not readable,Datoteka %1 is not readable,module,Magento_MediaStorage
File System,Datoteka Sistem,module,Magento_MediaStorage
"database ""%1""","baza podataka ""%1""",module,Magento_MediaStorage
Parent directory does not exist: %1,Parent directory ne postoji: %1,module,Magento_MediaStorage
File system,Datoteka system,module,Magento_MediaStorage
"Unable to save file ""%1"" at ""%2""","Nije moguće sačuvati datoteku ""%1"" na ""%2""",module,Magento_MediaStorage
"Path ""%value%"" is protected and cannot be used.","Putanja ""%value%"" je zaštićena i ne može se koristiti.",module,Magento_MediaStorage
"Path ""%value%"" is not available and cannot be used.","Putanja ""%value%"" nije dostupna i ne može se koristiti.",module,Magento_MediaStorage
"File with an extension ""%value%"" is protected and cannot be uploaded","Datoteka sa ekstenzijom ""%value%"" je zaštićena i ne može se otpremiti",module,Magento_MediaStorage
Unable to create directory: %1,Nije moguće create directory: %1,module,Magento_MediaStorage
Unable to save file: %1,Nije moguće save file: %1,module,Magento_MediaStorage
"Cannot resize image ""%1"" - original image not found","Ne može se promeniti veličina slike ""%1"" - originalna slika nije pronađena",module,Magento_MediaStorage
Cannot resize images - product images not found,Ne može resize images - product images nije pronađeno,module,Magento_MediaStorage
Some exception,Neki izuzetak,module,Magento_MessageQueue
See price before order confirmation.,Proveri cenu pre potvrde naruđbine.,module,Magento_Msrp
On Gesture,Na gest,module,Magento_Msrp
In Cart,U korpi,module,Magento_Msrp
Before Order Confirmation,Before Porudžbina Confirmation,module,Magento_Msrp
Use config,Koristi konfiguraciju,module,Magento_Msrp
Click for price,Kliknite za cenu,module,Magento_Msrp
What's this?,Što je ovo?,module,Magento_Msrp
Order total will be displayed before you submit the order,Porudžbina total will be displayed before you submit the order,module,Magento_Msrp
Price,Cena,module,Magento_Msrp
Actual Price,Stvarna cena,module,Magento_Msrp
Add to Cart,Dodaj u korpu,module,Magento_Msrp
Change Billing Address,Promeni Adresu za Naplatu,module,Magento_Multishipping
Ship to Multiple Addresses,Dostavi na više adresa,module,Magento_Multishipping
Billing Information - %1,Billing Informacije - %1,module,Magento_Multishipping
Review Order - %1,Recenzija Porudžbina - %1,module,Magento_Multishipping
Total,Ukupno,module,Magento_Multishipping
Total for this address,Ukupno za ovu adresu,module,Magento_Multishipping
Shipping Methods,Način Dostave,module,Magento_Multishipping
Edit Address,Izmeni adresu,module,Magento_Multishipping
Edit Billing Address,Izmeni Billing Adresa,module,Magento_Multishipping
Edit Shipping Address,Izmeni Dostava Adresa,module,Magento_Multishipping
Create Billing Address,Kreiraj Billing Adresa,module,Magento_Multishipping
Create Shipping Address,Kreiraj Dostava Adresa,module,Magento_Multishipping
"We are unable to process your request. Please, try again later.","We are nije moguće process your request. Please, pokušajte ponovo later.",module,Magento_Multishipping
Maximum qty allowed for Shipping to multiple addresses is %1,Maximum qty allowed for Dostava to multiple addresses is %1,module,Magento_Multishipping
We cannot open the overview page.,Ne možemo otvoriti stranicu pregleda.,module,Magento_Multishipping
Order place error,Greška pri postavljanju porudžbine,module,Magento_Multishipping
The maximum quantity can't be more than %1 when shipping to multiple addresses. Change the quantity and try again.,The maximum quantity can't be more than %1 when shipping to multiple addresses. Change the quantity and pokušajte ponovo.,module,Magento_Multishipping
Set shipping methods for all addresses. Verify the shipping methods and try again.,Set shipping methods for all addresses. Verify the shipping methods and pokušajte ponovo.,module,Magento_Multishipping
A payment method isn't defined. Verify and try again.,A payment method isn't defined. Proverite i pokušajte ponovo.,module,Magento_Multishipping
This payment method can't be used for shipping to multiple addresses. Change the payment method and try again.,This payment method can't be used for shipping to multiple addresses. Change the payment method and pokušajte ponovo.,module,Magento_Multishipping
The payment method isn't selected. Enter the payment method and try again.,The payment method isn't selected. Enter the payment method and pokušajte ponovo.,module,Magento_Multishipping
Exception for failed order not found.,Izuzetak za neuspelu porudžbinu nije pronađena.,module,Magento_Multishipping
Select Addresses,Izaberi adrese,module,Magento_Multishipping
Shipping Information,Informacije o dostavi,module,Magento_Multishipping
Billing Information,Billing Informacije,module,Magento_Multishipping
Place Order,Postavite porudžbinu,module,Magento_Multishipping
Order Success,Uspešna porudžbina,module,Magento_Multishipping
Order Results,Redosled rezultata,module,Magento_Multishipping
Default Billing,Podrazumevana naplata,module,Magento_Multishipping
Default Shipping,Podrazumevana dostava,module,Magento_Multishipping
Select Address,Izaberi adresu,module,Magento_Multishipping
Add New Address,Dodajte novu adresu,module,Magento_Multishipping
Back to Billing Information,Nazad to Billing Informacije,module,Magento_Multishipping
Please select a shipping address for applicable items.,Molimo izaberite a shipping address for applicable items.,module,Magento_Multishipping
Product,Proizvod,module,Magento_Multishipping
Qty,Kol,module,Magento_Multishipping
Send To,Pošalji na,module,Magento_Multishipping
A shipping selection is not applicable.,Izbor dostave nije primenljiv.,module,Magento_Multishipping
Actions,Radnje,module,Magento_Multishipping
Remove Item,Ukloni stavku,module,Magento_Multishipping
Remove item,Ukloni stavku,module,Magento_Multishipping
Go to Shipping Information,Go to Dostava Informacije,module,Magento_Multishipping
Update Qty &amp; Addresses,Ažuriraj kol. i adrese,module,Magento_Multishipping
Enter a New Address,Unesite novu adresu,module,Magento_Multishipping
Back to Shopping Cart,Nazad to Korpa,module,Magento_Multishipping
Loading...,Učitavanje...,module,Magento_Multishipping
Billing Address,Adresa za fakturisanje,module,Magento_Multishipping
Change,Promena,module,Magento_Multishipping
Payment Method,Način plaćanja,module,Magento_Multishipping
Go to Review Your Order,Go to Recenzija Your Porudžbina,module,Magento_Multishipping
Back to Shipping Information,Nazad to Dostava Informacije,module,Magento_Multishipping
Other items in your order,Ostali artikli u vašoj porudžbini,module,Magento_Multishipping
Edit Items,Izmeni Items,module,Magento_Multishipping
Shipping is not applicable.,Dostava nije primenljiva.,module,Magento_Multishipping
Product Name,Naziv proizvoda,module,Magento_Multishipping
Please see,Pogledajte,module,Magento_Multishipping
details below,detalje isod,module,Magento_Multishipping
Address,Adresa,module,Magento_Multishipping
of,od,module,Magento_Multishipping
Shipping To,Dostava za,module,Magento_Multishipping
Shipping Method,Način dostave,module,Magento_Multishipping
Incl. Tax,Iznos sa PDV,module,Magento_Multishipping
Excl. Tax,Bez poreza,module,Magento_Multishipping
Order Review,Pregled porudžbine,module,Magento_Multishipping
Item,Artikal,module,Magento_Multishipping
Edit,Izmeni,module,Magento_Multishipping
Price,Cena,module,Magento_Multishipping
Subtotal,Međuzbir,module,Magento_Multishipping
Items,Stavke,module,Magento_Multishipping
Grand Total:,Ukupan iznos:,module,Magento_Multishipping
Submitting order information...,Slanje informacija o porudžbini...,module,Magento_Multishipping
Not all items were included.,Nisu uključeni svi artikli.,module,Magento_Multishipping
"For details, see","Za detalje, vidi",module,Magento_Multishipping
Failed to Order,Neuspešna porudžbina,module,Magento_Multishipping
section below,izaberi ispod,module,Magento_Multishipping
"For successfully ordered items, you'll receive a confirmation email including order numbers, tracking information, and more details.","Za uspešnu porudđbinu artikla, primićete mail za potvrsu uključujući broj porudžbine, informacije za praćenje, i više detalja.",module,Magento_Multishipping
Successfully Ordered,Uspešna Porudžbina,module,Magento_Multishipping
Ship to:,Dostavi za:,module,Magento_Multishipping
No shipping required.,Transport nije potreban.,module,Magento_Multishipping
To purchase these items: Return to the,Da biste kupili ove artike: Vratite se na,module,Magento_Multishipping
Review page in Checkout,Pregledaj strranicu u Checkout,module,Magento_Multishipping
"resolve any errors, and place a new order.","reši sve greške, i postavi porudžbinu.",module,Magento_Multishipping
Error:,Greška:,module,Magento_Multishipping
Address %1 <span>of %2</span>,Adresa %1 <span>of %2</span>,module,Magento_Multishipping
Continue to Billing Information,Nastavi to Billing Informacije,module,Magento_Multishipping
Back to Select Addresses,Nazad to Izaberi Addresses,module,Magento_Multishipping
"For successfully order items, you'll receive a confirmation email including order numbers, tracking information and more details.","Za uspešnu porudžbinu artikla, primićete mail za potvrsu uključujući broj porudžbine, informacije za praćenje, i više detalja.",module,Magento_Multishipping
Successfully ordered,Uspešna Porudžbina,module,Magento_Multishipping
Continue Shopping,Nastavite kupovinu,module,Magento_Multishipping
Message has been rejected: %1,Poruka je odbijena: %1,module,Magento_MysqlMq
"No New Relic Application ID configured, cannot continue with Cron Event reporting","Ne Novo Relic Application ID configured, ne može continue with Cron Event reporting",module,Magento_NewRelicReporting
"""model"" value should be specified","Vrednost ""modela"" treba biti određena",module,Magento_NewsletterGraphQl
Delete Selected Problems,Obriši odabrane probleme,module,Magento_Newsletter
Unsubscribe Selected,Otkaži pretplatu za odabrane,module,Magento_Newsletter
Back,Nazad,module,Magento_Newsletter
Reset,Resetovati,module,Magento_Newsletter
Preview Template,Pregled šablona,module,Magento_Newsletter
Save Newsletter,Sačuvaj pismo novosti,module,Magento_Newsletter
Save and Resume,Sačuvaj i nastavi,module,Magento_Newsletter
View Newsletter,Pregledaj pismo novosti,module,Magento_Newsletter
Edit Newsletter,Izmeni pismo novosti,module,Magento_Newsletter
Queue Information,Informacije o redu za čekanje,module,Magento_Newsletter
Queue Date Start,Datum pokretanja reda za čekanje,module,Magento_Newsletter
Subscribers From,Pretplatnici od,module,Magento_Newsletter
Subject,Predmet,module,Magento_Newsletter
Sender Name,Ime pošaljioca,module,Magento_Newsletter
Sender Email,E-pošta pošaljioca,module,Magento_Newsletter
Message,Poruka,module,Magento_Newsletter
Newsletter Styles,Stil pisma novosti,module,Magento_Newsletter
Start,Početak,module,Magento_Newsletter
Pause,Pauziraj,module,Magento_Newsletter
Do you really want to cancel the queue?,Da li želite da otkažete red za čekanje?,module,Magento_Newsletter
Cancel,Odustani,module,Magento_Newsletter
Resume,Nastavi,module,Magento_Newsletter
Preview,Pregled,module,Magento_Newsletter
Add New Template,Dodajte novi šablon,module,Magento_Newsletter
Newsletter Templates,Šablon pisma novosti,module,Magento_Newsletter
Convert to Plain Text,Prebaci u običan tekst,module,Magento_Newsletter
Return HTML Version,Vrati verziju Html-a,module,Magento_Newsletter
Delete Template,Obriši šablon,module,Magento_Newsletter
Save As,Sačuvaj kao,module,Magento_Newsletter
Save Template,Snimi šablon,module,Magento_Newsletter
Edit Newsletter Template,Izmeni šablon pisma novosti,module,Magento_Newsletter
New Newsletter Template,Novi šablon pisma novosti,module,Magento_Newsletter
Template Information,Informacije o šablonu,module,Magento_Newsletter
Template Name,Naziv šablona,module,Magento_Newsletter
Template Subject,Predmet šablona,module,Magento_Newsletter
Template Content,Sadržaj šablona,module,Magento_Newsletter
Template Styles,Stilovi šablona,module,Magento_Newsletter
No Templates Found,Šabloni nisu pronađeni,module,Magento_Newsletter
Template,Šablon,module,Magento_Newsletter
Added,Dodato,module,Magento_Newsletter
Updated,Ažuriran,module,Magento_Newsletter
Sender,Pošiljalac,module,Magento_Newsletter
Template Type,Tip šablona,module,Magento_Newsletter
Action,Akcija,module,Magento_Newsletter
Queue Newsletter,Red za čekanje pisma novosti,module,Magento_Newsletter
We unsubscribed the people you identified.,Identifikovanim osobama biće otkazana pretplata.,module,Magento_Newsletter
The problems you identified have been deleted.,Problem koje je identifikovan biće obrisan.,module,Magento_Newsletter
Newsletter Problems Report,Izveštaj problema pisma novosti,module,Magento_Newsletter
Newsletter Problem Reports,Izveštaj problema pisma novosti,module,Magento_Newsletter
Newsletter Queue,Red za čekanje pisma novosti,module,Magento_Newsletter
Edit Queue,Izmeni red za čekanje,module,Magento_Newsletter
Please correct the newsletter template and try again.,Ispravite šablon pisma novosti i pokušajte ponovo.,module,Magento_Newsletter
You saved the newsletter queue.,Sačuvali ste red za čekanje pisma novosti.,module,Magento_Newsletter
Newsletter Subscribers,Novinski pretplatnici,module,Magento_Newsletter
Newsletter,Bilten,module,Magento_Newsletter
Subscribers,Pretplatnici,module,Magento_Newsletter
Please select one or more subscribers.,Molim odaberite jednog ili više pretplanika.,module,Magento_Newsletter
Total of %1 record(s) were deleted.,Ukupno %1 zapis(a) je obrisano.,module,Magento_Newsletter
A total of %1 record(s) were updated.,Ukupno %1 zapis(a) je ažurirano.,module,Magento_Newsletter
The newsletter template has been deleted.,Šablon novosti je obrisan.,module,Magento_Newsletter
Edit Template,Izmeni šablon,module,Magento_Newsletter
New Template,Novi šablon,module,Magento_Newsletter
Create Newsletter Template,Napravi novi šablon pisma novosti,module,Magento_Newsletter
The newsletter template has been saved.,Šablon novosti je sačuvan.,module,Magento_Newsletter
Something went wrong while saving this template.,Nešto nije u redu while saving this template.,module,Magento_Newsletter
Newsletter Subscription,Prijava na Newsletter,module,Magento_Newsletter
Something went wrong while saving your subscription.,Nešto nije u redu while saving your subscription.,module,Magento_Newsletter
A confirmation request has been sent.,Zahtev za potvrdu je poslat.,module,Magento_Newsletter
Your subscription has been confirmed.,Vaša pretplata je potvrđena.,module,Magento_Newsletter
This is an invalid subscription confirmation code.,This is an neispravan subscription confirmation code.,module,Magento_Newsletter
This is an invalid subscription ID.,This is an neispravan subscription ID.,module,Magento_Newsletter
"Sorry, but the administrator denied subscription for guests. Please <a href=""%1"">register</a>.","Žao nam je, ali administrator je odbio pretplatu za goste. Molimo <a href=""%1"">registrujte se</a>.",module,Magento_Newsletter
Please enter a valid email address.,Molimo unesite ispravnu email adresu.,module,Magento_Newsletter
Something went wrong with the subscription.,Nešto nije u redu with the subscription.,module,Magento_Newsletter
The confirmation request has been sent.,Zahtev za potvrdu je poslat.,module,Magento_Newsletter
You unsubscribed.,Odjavili ste se.,module,Magento_Newsletter
Something went wrong while unsubscribing you.,Nešto nije u redu while unsubscribing you.,module,Magento_Newsletter
Sent,Poslato,module,Magento_Newsletter
Cancelled,Otkazano,module,Magento_Newsletter
Not Sent,Nije Poslato,module,Magento_Newsletter
Sending,Slanje,module,Magento_Newsletter
Paused,Pauzirano,module,Magento_Newsletter
There are no subscribers selected.,Nema izabranih pretplatnika.,module,Magento_Newsletter
You selected an invalid queue.,Izabrali ste neispravan red.,module,Magento_Newsletter
We cannot mark as received subscriber.,We ne može mark as received subscriber.,module,Magento_Newsletter
No such entity with %fieldName = %fieldValue,Ne postoji entitet sa %fieldName = %fieldValue,module,Magento_Newsletter
Choose Store View:,Izaberi Prodavnica Pregled:,module,Magento_Newsletter
Newsletter Message Preview,Bilten Message Pregled,module,Magento_Newsletter
Add to Queue,Dodaj to Queue,module,Magento_Newsletter
Are you sure that you want to strip all tags?,Da li ste sigurni that želite da strip all tags?,module,Magento_Newsletter
Please enter a new template name.,Unesite novi naziv šablona.,module,Magento_Newsletter
Copy,Kopiraj,module,Magento_Newsletter
Are you sure you want to delete this template?,Jeste li sigurni da želite da obrišete ovaj predložak?,module,Magento_Newsletter
Sign Up for Our Newsletter:,Sign Up for Our Bilten:,module,Magento_Newsletter
Enter your email address,Unesite vašu email adresu,module,Magento_Newsletter
Subscribe,Pretplati se,module,Magento_Newsletter
Purchase order number is a required field.,Purchase order number is a obavezno polje.,module,Magento_OfflinePayments
Send Check to:,Pošalji Check to:,module,Magento_OfflinePayments
Purchase Order Number,Broj nabavne porudžbine,module,Magento_OfflinePayments
Purchase Order Number: %1,Purchase Porudžbina Number: %1,module,Magento_OfflinePayments
Send Check to,Pošalji Check to,module,Magento_OfflinePayments
Country,Država,module,Magento_OfflineShipping
Region/State,Region/država,module,Magento_OfflineShipping
Zip/Postal Code,Poštanski broj,module,Magento_OfflineShipping
Shipping Price,Dostava Cena,module,Magento_OfflineShipping
Export CSV,Izvezi CSV,module,Magento_OfflineShipping
Store Pickup,Prodavnica Pickup,module,Magento_OfflineShipping
Price vs. Destination,Cena vs. Destination,module,Magento_OfflineShipping
Order Subtotal (and above),Porudžbina Međuzbir (and above),module,Magento_OfflineShipping
"The ""%1"" code type for Table Rate is incorrect. Verify the type and try again.","Tip koda ""%1"" za tabelu stopa je netačan. Proverite tip i pokušajte ponovo.",module,Magento_OfflineShipping
"The ""%1: %2"" code type for Table Rate is incorrect. Verify the type and try again.","Tip koda ""%1: %2"" za tabelu stopa je netačan. Proverite tip i pokušajte ponovo.",module,Magento_OfflineShipping
None,Ništa,module,Magento_OfflineShipping
Per Order,Po porudžbini,module,Magento_OfflineShipping
Filesystem is not writable.,Filesystem nije upisiv.,module,Magento_OfflineShipping
Unable to import data,Nije moguće import data,module,Magento_OfflineShipping
Something went wrong while importing table rates.,Nešto nije u redu while importing table rates.,module,Magento_OfflineShipping
"Requested column ""%1"" cannot be resolved","Tražena kolona ""%1"" ne može biti razrešena",module,Magento_OfflineShipping
"Column ""%1"" not found","Kolona ""%1"" nije pronađena",module,Magento_OfflineShipping
"The Table Rates File Format is incorrect in row number ""%1"". Verify the format and try again.","Format datoteke tabela stopa je netačan u redu broj ""%1"". Proverite format i pokušajte ponovo.",module,Magento_OfflineShipping
"The ""%1"" country in row number ""%2"" is incorrect. Verify the country and try again.","Zemlja ""%1"" u redu broj ""%2"" je netačna. Proverite zemlju i pokušajte ponovo.",module,Magento_OfflineShipping
"The ""%1"" region or state in row number ""%2"" is incorrect. Verify the region or state and try again.","Region ili država ""%1"" u redu broj ""%2"" je netačan. Proverite region ili državu i pokušajte ponovo.",module,Magento_OfflineShipping
"Please correct %1 ""%2"" in the Row #%3.","Molimo ispravite %1 ""%2"" u redu #%3.",module,Magento_OfflineShipping
"The ""%1"" shipping price in row number ""%2"" is incorrect. Verify the shipping price and try again.","Cena isporuke ""%1"" u redu broj ""%2"" je netačna. Proverite cenu isporuke i pokušajte ponovo.",module,Magento_OfflineShipping
The Table Rates File Format is incorrect. Verify the format and try again.,The Table Rates Datoteka Format is netačan. Verify the format and pokušajte ponovo.,module,Magento_OfflineShipping
No,Ne,module,Magento_OfflineShipping
The search failed because of a search engine misconfiguration.,Pretraga nije uspela zbog pogrešne konfiguracije pretraživača.,module,Magento_OpenSearch
Orders,Porudžbine,module,Magento_OrderCancellationUi
Order #,Porudžbina #,module,Magento_OrderCancellationUi
Date,Datum,module,Magento_OrderCancellationUi
Order Total,Ukupan iznos,module,Magento_OrderCancellationUi
Action,Akcija,module,Magento_OrderCancellationUi
Actions,Radnje,module,Magento_OrderCancellationUi
View Order,Pregledaj porudžbinu,module,Magento_OrderCancellationUi
Reorder,Ponovo Naruči,module,Magento_OrderCancellationUi
Print Order,Štampanje narudžbine,module,Magento_OrderCancellationUi
Recent Orders,Nedavne porudžbine,module,Magento_OrderCancellationUi
View All,Prikaži svе,module,Magento_OrderCancellationUi
Ship To,Dostava Na,module,Magento_OrderCancellationUi
You have placed no orders.,Niste izvršili nijednu porudžbinu.,module,Magento_OrderCancellationUi
Reason,Razlog,module,Magento_OrderCancellation
Cancel,Odustani,module,Magento_PageBuilder
Close,Zatvori,module,Magento_PageBuilder
Save,Sačuvaj,module,Magento_PageBuilder
button_label,oznaka dugmeta,module,Magento_PageBuilder
File validation failed.,Neuspešna validacija fajla.,module,Magento_PageBuilder
Active,Aktivan,module,Magento_PageBuilder
Inactive,Neaktivan,module,Magento_PageBuilder
Delete,Obrisati,module,Magento_PageBuilder
Page,Stranica,module,Magento_PageBuilder
label,oznaka,module,Magento_PageBuilder
Add to Cart,Dodaj u korpu,module,Magento_PageBuilder
In stock,Na stanju,module,Magento_PageBuilder
Out of stock,Nema na lageru,module,Magento_PageBuilder
Add to Wish List,Dodaj u listu želja,module,Magento_PageBuilder
Add to Compare,Dodaj za upoređivanje,module,Magento_PageBuilder
Export VCL for Varnish %1,Izvezi VCL for Varnish %1,module,Magento_PageCache
"Access List value ""%1"" is not valid. Please use only IP addresses and host names.","Vrednost Access List ""%1"" nije važeća. Koristite samo IP adrese i imena hostova.",module,Magento_PageCache
"Ttl value ""%1"" is not valid. Please use only numbers equal or greater than zero.","TTL vrednost ""%1"" nije važeća. Koristite samo brojeve veće ili jednake nuli.",module,Magento_PageCache
Built-in Cache,Built-in Keš,module,Magento_PageCache
Varnish Cache (Recommended),Varnish Keš (Recommended),module,Magento_PageCache
Configure,Podesi,module,Magento_PaymentServicesBase
Close,Zatvori,module,Magento_PaymentServicesBase
Website,Web sajt,module,Magento_PaymentServicesBase
Settings,Podešavanja,module,Magento_PaymentServicesDashboard
"Required parameter ""cartItems"" is missing","Obavezni parametar ""cartItems"" nedostaje",module,Magento_PaymentServicesPaypalGraphQl
"""input"" value should be specified","Vrednost ""input"" treba da bude navedena",module,Magento_PaymentServicesPaypalGraphQl
Incl. Tax,Iznos sa PDV,module,Magento_PaymentServicesPaypal
"You used coupon code ""%1"".","Iskoristili ste kod kupona ""%1"".",module,Magento_PaymentServicesPaypal
"The coupon code ""%1"" is not valid.",Kupon kod „%1” nije važeći.,module,Magento_PaymentServicesPaypal
You canceled the coupon code.,Otkazali ste kupon.,module,Magento_PaymentServicesPaypal
We cannot apply the coupon code.,Ne možemo primeniti kupon.,module,Magento_PaymentServicesPaypal
No token found.,Ne token found.,module,Magento_PaymentServicesPaypal
Deletion failure. Please try again.,Deletion failure. Pokušajte ponovo.,module,Magento_PaymentServicesPaypal
Stored Payment Method was successfully removed,Stored Plaćanje Method was uspešno removed,module,Magento_PaymentServicesPaypal
Default,Podrazumevani,module,Magento_PaymentServicesPaypal
Checkout,Plaćanje,module,Magento_PaymentServicesPaypal
Order,Porudžbina,module,Magento_PaymentServicesPaypal
Authorize,Odobriti,module,Magento_PaymentServicesPaypal
Authorize and Capture,Odobriti i prihvatiti,module,Magento_PaymentServicesPaypal
Off,Isključeno,module,Magento_PaymentServicesPaypal
Always,Uvek,module,Magento_PaymentServicesPaypal
ending,krajnji,module,Magento_PaymentServicesPaypal
expires,ističe,module,Magento_PaymentServicesPaypal
Credit Card Number,Broj kreditne kartice,module,Magento_PaymentServicesPaypal
Expiration Date,Datum isteka,module,Magento_PaymentServicesPaypal
Save for later use.,Sačuvati za kasniju upotrebu.,module,Magento_PaymentServicesPaypal
Reset,Resetovati,module,Magento_PaymentServicesPaypal
* Required Fields,* Obavezna polja,module,Magento_PaymentServicesPaypal
Billing Information,Billing Informacije,module,Magento_PaymentServicesPaypal
Address,Adresa,module,Magento_PaymentServicesPaypal
Street Address %1,Ulica %1,module,Magento_PaymentServicesPaypal
City,Grad,module,Magento_PaymentServicesPaypal
Stored Payment Methods,Stored Plaćanje Methods,module,Magento_PaymentServicesPaypal
Type,Tip,module,Magento_PaymentServicesPaypal
Description,Opis,module,Magento_PaymentServicesPaypal
Actions,Radnje,module,Magento_PaymentServicesPaypal
Delete,Obrisati,module,Magento_PaymentServicesPaypal
Shipping Method,Način dostave,module,Magento_PaymentServicesPaypal
Please select a shipping method...,Molimo izaberite a shipping method...,module,Magento_PaymentServicesPaypal
Shipping Address,Adresa za isporuku,module,Magento_PaymentServicesPaypal
Edit,Izmeni,module,Magento_PaymentServicesPaypal
Payment Method,Način plaćanja,module,Magento_PaymentServicesPaypal
Edit Payment Information,Izmeni Plaćanje Informacije,module,Magento_PaymentServicesPaypal
Items in Your Shopping Cart,Items in Your Korpa,module,Magento_PaymentServicesPaypal
Edit Shopping Cart,Izmeni Korpa,module,Magento_PaymentServicesPaypal
Place Order,Postavite porudžbinu,module,Magento_PaymentServicesPaypal
Submitting order information...,Slanje informacija o porudžbini...,module,Magento_PaymentServicesPaypal
Apply Discount Code,Primeni kod za popust,module,Magento_PaymentServicesPaypal
Enter discount code,Unesi kod za popust,module,Magento_PaymentServicesPaypal
Apply Discount,Primeni popust,module,Magento_PaymentServicesPaypal
Cancel Coupon,Otkaži kupon,module,Magento_PaymentServicesPaypal
Item,Artikal,module,Magento_PaymentServicesPaypal
Price,Cena,module,Magento_PaymentServicesPaypal
Qty,Kol,module,Magento_PaymentServicesPaypal
Subtotal,Međuzbir,module,Magento_PaymentServicesPaypal
We cannot retrieve the payment method model object.,We ne može retrieve the payment method model object.,module,Magento_Payment
Month,Mesec,module,Magento_Payment
Year,Godina,module,Magento_Payment
We cannot retrieve the payment info model object.,We ne može retrieve the payment info model object.,module,Magento_Payment
N/A,N/A - nije dostupno,module,Magento_Payment
Credit Card Type,Vrsta kreditne kartice,module,Magento_Payment
Credit Card Number,Broj kreditne kartice,module,Magento_Payment
Switch/Solo/Maestro Start Date,Switch/Solo/Maestro Početak Datum,module,Magento_Payment
We cannot retrieve the transparent payment method model object.,We ne može retrieve the transparent payment method model object.,module,Magento_Payment
"The ""%1"" command executor isn't defined. Verify the executor and try again.","Izvršilac komande ""%1"" nije definisan. Proverite izvršioca i pokušajte ponovo.",module,Magento_Payment
"The ""%1"" command doesn't exist. Verify the command and try again.","Komanda ""%1"" ne postoji. Proverite komandu i pokušajte ponovo.",module,Magento_Payment
Transaction has been declined. Please try again later.,Transakcija je odbijena. Pokušajte ponovo kasnije.,module,Magento_Payment
The gateway response format was incorrect. Verify the format and try again.,The gateway response format was netačan. Verify the format and pokušajte ponovo.,module,Magento_Payment
"The validator for the ""%1"" field doesn't exist.","Validator za polje ""%1"" ne postoji.",module,Magento_Payment
Discount,Popust,module,Magento_Payment
Shipping,Dostava,module,Magento_Payment
All Allowed Countries,Sve Allowed Countries,module,Magento_Payment
Specific Countries,Određene zemlje,module,Magento_Payment
The payment disallows storing objects.,Plaćanje ne dozvoljava čuvanje objekata.,module,Magento_Payment
We cannot retrieve the payment method code.,We ne može retrieve the payment method code.,module,Magento_Payment
We cannot retrieve the payment information object instance.,We ne može retrieve the payment information object instance.,module,Magento_Payment
You can't use the payment type you selected to make payments to the billing country.,Ne možete use the payment type you selected to make payments to the billing country.,module,Magento_Payment
Invalid Credit Card Number,Neispravan Credit Card Number,module,Magento_Payment
Please enter a valid credit card verification number.,Molimo unesite važeći broj za verifikaciju kreditne kartice.,module,Magento_Payment
Please enter a valid credit card expiration date.,Molimo unesite a valid credit card expiration date.,module,Magento_Payment
%1 class doesn't implement \Magento\Payment\Model\MethodInterface,%1 class doesn't implement \Magento\Plaćanje\Model\MethodInterface,module,Magento_Payment
Yes,Da,module,Magento_Payment
No,Ne,module,Magento_Payment
Please provide payment for the order.,Molimo obezbedite payment for the order.,module,Magento_Payment
Expiration Date,Datum isteka,module,Magento_Payment
Card Verification Number,Verifikacioni broj kartice,module,Magento_Payment
Payment method,Način plaćanja,module,Magento_Payment
Please Select,Molim odaberite,module,Magento_Payment
--Please Select--,--- Molimo odaberite ---,module,Magento_Payment
What is this?,Šta je ovo?,module,Magento_Payment
Credit Card Information,Informacije o kreditnoj kartici,module,Magento_Payment
Incorrect CAPTCHA.,Neispravna CAPTCHA.,module,Magento_PaypalCaptcha
The requested Payment Method is not available.,The requested Plaćanje Method is not available.,module,Magento_PaypalGraphQl
"Required parameter ""cart_id"" is missing.","Obavezni parametar ""cart_id"" nedostaje.",module,Magento_PaypalGraphQl
Guest checkout is disabled.,Nije omogućeno plaćanje gostu.,module,Magento_PaypalGraphQl
Email,E-pošta,module,Magento_Paypal
First Name,Ime,module,Magento_Paypal
Last Name,Prezime,module,Magento_Paypal
Created,Kreiran,module,Magento_Paypal
N/A,N/A - nije dostupno,module,Magento_Paypal
Updated,Ažuriran,module,Magento_Paypal
Back,Nazad,module,Magento_Paypal
Are you sure you want to do this?,Jeste li sigurni da želite da uradite ovo?,module,Magento_Paypal
Cancel,Odustani,module,Magento_Paypal
General Information,Opšte informacije,module,Magento_Paypal
Order,Porudžbina,module,Magento_Paypal
Purchased,Naručeno,module,Magento_Paypal
Bill-to Name,Račun na Ime,module,Magento_Paypal
Ship-to Name,Dostava na Ime,module,Magento_Paypal
Order Total,Ukupan iznos,module,Magento_Paypal
Purchase Point,Kupovina,module,Magento_Paypal
Billing Agreement View,Billing Agreement Pregled,module,Magento_Paypal
Are you sure you want to authorize full order amount?,Da li ste sigurni da želite da odaobrite količinu porudžbine?,module,Magento_Paypal
Authorize,Odobriti,module,Magento_Paypal
View Transaction Details,Pregled Transaction Detalji,module,Magento_Paypal
Reference Information,Reference Informacije,module,Magento_Paypal
Transaction Information,Transaction Informacije,module,Magento_Paypal
PayPal Fee Information,PayPal Fee Informacije,module,Magento_Paypal
PayPal Settlement Reports,PayPal Settlement Izveštaji,module,Magento_Paypal
We are connecting to the PayPal SFTP server to retrieve new reports. Are you sure you want to continue?,We are connecting to the PayPal SFTP server to retrieve new reports. Da li ste sigurni želite da continue?,module,Magento_Paypal
button_label,oznaka dugmeta,module,Magento_Paypal
Help,Pomoć,module,Magento_Paypal
Configure,Podesi,module,Magento_Paypal
Close,Zatvori,module,Magento_Paypal
Learn More,Saznajte više,module,Magento_Paypal
View Demo,Pregled Demo,module,Magento_Paypal
Incl. Tax,Iznos sa PDV,module,Magento_Paypal
Billing Information,Billing Informacije,module,Magento_Paypal
Shipping Information,Informacije o dostavi,module,Magento_Paypal
Invalid block type,Neispravan block type,module,Magento_Paypal
Please specify the correct billing agreement ID and try again.,Molimo navedite the correct billing agreement ID and pokušajte ponovo.,module,Magento_Paypal
Payment authorization has been successfully created.,Odobravanje plaćanja porudžbine je uspešno kreirano.,module,Magento_Paypal
Unable to make payment authorization.,Neuspešno kreirano odobrenje porudžbine.,module,Magento_Paypal
Reports,Izveštaji,module,Magento_Paypal
Sales,Prodaja,module,Magento_Paypal
View Transaction,Pregled Transaction,module,Magento_Paypal
"We fetched %1 report rows from ""%2@%3.""","Preuzeli smo %1 redova izveštaja iz ""%2@%3.""",module,Magento_Paypal
"We can't fetch reports from ""%1@%2.""","Ne možemo preuzeti izveštaje iz ""%1@%2.""",module,Magento_Paypal
"The billing agreement ""%1"" has been canceled.","Ugovor o naplati ""%1"" je otkazan.",module,Magento_Paypal
"The billing agreement ""%1"" has been created.","Ugovor o naplati ""%1"" je kreiran.",module,Magento_Paypal
We can't initialize Express Checkout.,We can't initialize Express Naplata.,module,Magento_Paypal
PayPal Express Checkout Token does not exist.,PayPal Express Naplata Token ne postoji.,module,Magento_Paypal
A wrong PayPal Express Checkout Token is specified.,A wrong PayPal Express Naplata Token is specified.,module,Magento_Paypal
Express Checkout and Order have been canceled.,Express Naplata and Porudžbina su canceled.,module,Magento_Paypal
Express Checkout has been canceled.,Express Naplata je canceled.,module,Magento_Paypal
Unable to cancel Express Checkout,Nije moguće cancel Express Naplata,module,Magento_Paypal
"The order wasn't placed. First, agree to the terms and conditions, then try placing your order again.","Porudžbina nije dovršena. Prvo se složite sa uslovima, a zatim dovršite svoju porudžbinu.",module,Magento_Paypal
We can't process Express Checkout approval.,We can't process Express Naplata approval.,module,Magento_Paypal
We can't initialize Express Checkout review.,We can't initialize Express Naplata review.,module,Magento_Paypal
We can't start Express Checkout.,We can't start Express Naplata.,module,Magento_Paypal
"Sorry, but something went wrong","Izvinite, došlo je do greške",module,Magento_Paypal
Your payment has been declined. Please try again.,Vaše plaćanje je odbijeno. Molimo pokušajte ponovo.,module,Magento_Paypal
The payment couldn't be processed at this time. Please try again later.,The payment couldn't be processed at this time. Pokušajte ponovo later.,module,Magento_Paypal
Authorization is not allowed.,Odobrenje nije uspelo.,module,Magento_Paypal
Payment Gateway is unreachable at the moment. Please use another payment option.,Plaćanje Gateway is unreachable at the moment. Please use another payment option.,module,Magento_Paypal
PayPal response hasn't required fields.,PayPal response hasn't obavezno poljes.,module,Magento_Paypal
Something went wrong while processing your order.,Nešto nije u redu while processing your order.,module,Magento_Paypal
I'm sorry - but we were not able to process your payment. Please try another payment method or contact us so we can assist you.,I'm sorry - but we nisu able to process your payment. Please try another payment method or contact us so we can assist you.,module,Magento_Paypal
"A match of the Shipping Address City, State, and Postal Code failed.","A match of the Dostava Adresa Grad, Država, and Postal Kod failed.",module,Magento_Paypal
Unable to save Billing Agreement:,Nije moguće save Billing Agreement:,module,Magento_Paypal
Active,Aktivan,module,Magento_Paypal
Canceled,Otkazano,module,Magento_Paypal
The PayPal certificate does not exist.,The PayPal certificate ne postoji.,module,Magento_Paypal
Dynamic,Dinamički,module,Magento_Paypal
Static,Statički,module,Magento_Paypal
Acceptance Mark Image,Acceptance Mark Slika,module,Magento_Paypal
Authorization,Autorizacija,module,Magento_Paypal
Sale,Prodaja,module,Magento_Paypal
Yes,Da,module,Magento_Paypal
No,Ne,module,Magento_Paypal
For Virtual Quotes Only,For Virtual Ponude Only,module,Magento_Paypal
Ask Customer,Ask Kupac,module,Magento_Paypal
Never,Nikada,module,Magento_Paypal
IPN (Instant Payment Notification) Only,IPN (Instant Plaćanje Obaveštenje) Only,module,Magento_Paypal
Cannot get secure form URL from PayPal,Ne može get secure form URL from PayPal,module,Magento_Paypal
Last Transaction ID,Poslednji Transaction ID,module,Magento_Paypal
"Sorry, but something went wrong. Please contact PayPal customer service.","Sorry, but nešto nije u redu. Please contact PayPal customer service.",module,Magento_Paypal
A case that has been resolved and close requires a reimbursement.,A case that je resolved and close requires a reimbursement.,module,Magento_Paypal
Unknown reason. Please contact PayPal customer service.,Nepoznat reason. Please contact PayPal customer service.,module,Magento_Paypal
Payer Email,Payer E-pošta,module,Magento_Paypal
Payer Address ID,Payer Adresa ID,module,Magento_Paypal
Payer Address Status,Payer Adresa Status,module,Magento_Paypal
Last Correlation ID,Poslednji Correlation ID,module,Magento_Paypal
Address Verification System Response,Adresa Verification Sistem Odgovor,module,Magento_Paypal
Buyer's Tax ID,Buyer's Porez ID,module,Magento_Paypal
Buyer's Tax ID Type,Buyer's Porez ID Tip,module,Magento_Paypal
Matched Address only (no ZIP),Matched Adresa only (no ZIP),module,Magento_Paypal
Matched Address only (no ZIP) International,Matched Adresa only (no ZIP) International,module,Magento_Paypal
No Details matched,Ne Detalji matched,module,Magento_Paypal
No Details matched. International,Ne Detalji matched. International,module,Magento_Paypal
Exact Match. Address and Postal Code. International,Exact Match. Adresa and Postal Kod. International,module,Magento_Paypal
Exact Match. Address and Postal Code. UK-specific,Exact Match. Adresa and Postal Kod. UK-specific,module,Magento_Paypal
N/A. Not allowed for MOTO (Internet/Phone) transactions,N/A. Not allowed for MOTO (Internet/Telefon) transactions,module,Magento_Paypal
Matched five-digit ZIP only (no Address),Matched five-digit ZIP only (no Adresa),module,Magento_Paypal
Matched Postal Code only (no Address),Matched Postal Kod only (no Adresa),module,Magento_Paypal
Matched whole nine-digit ZIP (no Address),Matched whole nine-digit ZIP (no Adresa),module,Magento_Paypal
Yes. Matched Address and five-digit ZIP,Da. Matched Adresa and five-digit ZIP,module,Magento_Paypal
All the address information matched,Sve the address information matched,module,Magento_Paypal
None of the address information matched,Nijedan of the address information matched,module,Magento_Paypal
"N/A. Address not checked, or acquirer had no response. Service not available","N/A. Adresa not checked, or acquirer had no response. Service not available",module,Magento_Paypal
No match,Ne match,module,Magento_Paypal
N/A. No response,N/A. Ne response,module,Magento_Paypal
ending,krajnji,module,Magento_Paypal
expires,ističe,module,Magento_Paypal
Note: %1,Napomena: %1,module,Magento_Paypal
"IPN ""%1"". Case type ""%2"". Case ID ""%3"" %4","IPN ""%1"". Tip slučaja ""%2"". ID slučaja ""%3"" %4",module,Magento_Paypal
"IPN ""%1"". A dispute has been resolved and closed. %2 Transaction amount %3.","IPN ""%1"". Spor je rešen i zatvoren. %2 Iznos transakcije %3.",module,Magento_Paypal
We cannot cancel this order.,We ne može cancel this order.,module,Magento_Paypal
"IPN ""%1"". %2 Transaction amount %3. Transaction ID: ""%4""","IPN ""%1"". %2 Iznos transakcije %3. ID transakcije: ""%4""",module,Magento_Paypal
Unable to fetch transaction details.,Nije moguće fetch transaction details.,module,Magento_Paypal
Invalid method %1::%2,Neispravan method %1::%2,module,Magento_Paypal
Transaction has been declined,Transaction je declined,module,Magento_Paypal
We cannot send the new order email.,We ne može send the new order email.,module,Magento_Paypal
Payment error. %value was not found.,Plaćanje error. %value was nije pronađeno.,module,Magento_Paypal
We cannot create a target file for reading reports.,We ne može create a target file for reading reports.,module,Magento_Paypal
Report Date,Report Datum,module,Magento_Paypal
Merchant Account,Merchant Nalog,module,Magento_Paypal
Transaction ID,ID тransakcije,module,Magento_Paypal
Invoice ID,Faktura ID,module,Magento_Paypal
PayPal Reference ID Type,PayPal Reference ID Tip,module,Magento_Paypal
Event Code,Event Kod,module,Magento_Paypal
Event,Događaj,module,Magento_Paypal
Start Date,Početni datum,module,Magento_Paypal
Finish Date,Finish Datum,module,Magento_Paypal
Custom,Izborno,module,Magento_Paypal
Order ID,ID porudžbine,module,Magento_Paypal
Preapproved Payment ID,Preapproved Plaćanje ID,module,Magento_Paypal
Subscription ID,Pretplata ID,module,Magento_Paypal
Credit,Kredit,module,Magento_Paypal
ACH Funding for Funds Recovery from Account Balance,ACH Funding for Funds Recovery from Nalog Balance,module,Magento_Paypal
"Account-to-Account Payment, initiated by PayPal","Nalog-to-Nalog Plaćanje, initiated by PayPal",module,Magento_Paypal
Auction Payment other than through eBay,Auction Plaćanje other than through eBay,module,Magento_Paypal
Balance Manager Account Bonus,Balance Manager Nalog Bonus,module,Magento_Paypal
Buyer Credit Payment,Buyer Credit Plaćanje,module,Magento_Paypal
Coupon Redemption,Kupon Redemption,module,Magento_Paypal
Debit Card Cash Back,Debit Card Cash Nazad,module,Magento_Paypal
Direct Payment API,Direct Plaćanje API,module,Magento_Paypal
Express Checkout APIs,Express Naplata APIs,module,Magento_Paypal
Fee: Mass Pay Request,Fee: Mass Pay Zahtev,module,Magento_Paypal
Fee: Web Site Payments Pro Account Monthly,Fee: Web Site Payments Pro Nalog Monthly,module,Magento_Paypal
General (Authorization),Opšte (Authorization),module,Magento_Paypal
General (Dividend),Opšte (Dividend),module,Magento_Paypal
General (Funds Transfer from PayPal Account to Another),Opšte (Funds Transfer from PayPal Nalog to Another),module,Magento_Paypal
General (Purchase with a credit card),Opšte (Purchase with a credit card),module,Magento_Paypal
General Adjustment without businessrelated event,Opšte Adjustment without businessrelated event,module,Magento_Paypal
General Currency Conversion,Opšte Currency Conversion,module,Magento_Paypal
General Funding of PayPal Account,Opšte Funding of PayPal Nalog,module,Magento_Paypal
General Redemption,Opšte Redemption,module,Magento_Paypal
General Withdrawal from PayPal Account,Opšte Withdrawal from PayPal Nalog,module,Magento_Paypal
General. Product no longer supported,Opšte. Proizvod no longer supported,module,Magento_Paypal
General: Use of PayPal account for purchasing as well as receiving payments,Opšte: Use of PayPal account for purchasing as well as receiving payments,module,Magento_Paypal
General: Withdrawal from PayPal Account,Opšte: Withdrawal from PayPal Nalog,module,Magento_Paypal
General: Withdrawal to Non-Bank Entity,Opšte: Withdrawal to Non-Bank Entity,module,Magento_Paypal
General: adjustment of a type not belonging to the other T12xx categories,Opšte: adjustment of a type not belonging to the other T12xx categories,module,Magento_Paypal
General: bonus of a type not belonging to the other T08xx categories,Opšte: bonus of a type not belonging to the other T08xx categories,module,Magento_Paypal
General: event not yet categorized,Opšte: event not yet categorized,module,Magento_Paypal
General: non-payment fee of a type not belonging to the other T01xx categories,Opšte: non-payment fee of a type not belonging to the other T01xx categories,module,Magento_Paypal
General: received payment of a type not belonging to the other T00xx categories,Opšte: received payment of a type not belonging to the other T00xx categories,module,Magento_Paypal
General: reversal of a type not belonging to the other T11xx categories,Opšte: reversal of a type not belonging to the other T11xx categories,module,Magento_Paypal
General: temporary hold of a type not belonging to the other T15xx categories,Opšte: temporary hold of a type not belonging to the other T15xx categories,module,Magento_Paypal
Gift Certificate Payment: purchase of Gift Certificate,Gift Certificate Plaćanje: purchase of Gift Certificate,module,Magento_Paypal
Mass Pay Payment,Mass Pay Plaćanje,module,Magento_Paypal
Mobile Payment (made via a mobile phone),Mobile Plaćanje (made via a mobile phone),module,Magento_Paypal
Open Authorization,Otvori Authorization,module,Magento_Paypal
Payment Refund initiated by merchant,Plaćanje Povraćaj initiated by merchant,module,Magento_Paypal
Postage Payment to either USPS or UPS,Postage Plaćanje to either USPS or UPS,module,Magento_Paypal
"Preapproved Payment (BillUser API, either sent or received","Preapproved Plaćanje (BillUser API, either sent or received",module,Magento_Paypal
Reversal of General Account Hold,Reversal of Opšte Nalog Hold,module,Magento_Paypal
"Subscription Payment, either payment sent or payment received","Pretplata Plaćanje, either payment sent or payment received",module,Magento_Paypal
Virtual Terminal Payment,Virtual Terminal Plaćanje,module,Magento_Paypal
Void,Poništi,module,Magento_Paypal
eBay Auction Payment,eBay Auction Plaćanje,module,Magento_Paypal
Checkout,Plaćanje,module,Magento_Paypal
Buy Now,Kupi odmah,module,Magento_Paypal
--Please Select--,--- Molimo odaberite ---,module,Magento_Paypal
Daily,Dnevno,module,Magento_Paypal
No Logo,Ne Logo,module,Magento_Paypal
None,Ništa,module,Magento_Paypal
Text,Tekst,module,Magento_Paypal
Yes (PayPal recommends this option),Da (PayPal recommends this option),module,Magento_Paypal
Created billing agreement #%1.,Kreiran billing agreement #%1.,module,Magento_Paypal
An invoice cannot be created when none of authorization transactions available.,Faktura ne može biti kreirana bez nijedne odobravajuće transakcije.,module,Magento_Paypal
Pending PayPal,Na čekanju PayPal,module,Magento_Paypal
PayPal Canceled Reversal,PayPal Otkazan Reversal,module,Magento_Paypal
PayPal Guest Checkout Credit Card Icons,PayPal Guest Naplata Credit Card Icons,module,Magento_Paypal
Error,Greška,module,Magento_Paypal
Please Select,Molim odaberite,module,Magento_Paypal
Customer,Kupac,module,Magento_Paypal
Created At,Kreirano,module,Magento_Paypal
Updated At,Ažuriran At,module,Magento_Paypal
"Once you log into your PayPal Advanced account, navigate to the Service Settings - Hosted Checkout Pages - Set Up menu and set the options described below","Once you log into your PayPal Advanced account, navigate to the Service Podešavanja - Hosted Naplata Stranice - Set Up menu and set the options described below",module,Magento_Paypal
"Once you log into your PayPal Payflow Link account, navigate to the Service Settings - Hosted Checkout Pages - Set Up menu and set the options described below","Once you log into your PayPal Payflow Link account, navigate to the Service Podešavanja - Hosted Naplata Stranice - Set Up menu and set the options described below",module,Magento_Paypal
Credit Card Type,Vrsta kreditne kartice,module,Magento_Paypal
Credit Card Number,Broj kreditne kartice,module,Magento_Paypal
Expiration Date,Datum isteka,module,Magento_Paypal
Card Verification Number,Verifikacioni broj kartice,module,Magento_Paypal
Save for later use.,Sačuvati za kasniju upotrebu.,module,Magento_Paypal
Agreement Information,Agreement Informacije,module,Magento_Paypal
Created:,Kreiran:,module,Magento_Paypal
Updated:,Ažuriran:,module,Magento_Paypal
Payment Method:,Način Plaćanja:,module,Magento_Paypal
Order #,Porudžbina #,module,Magento_Paypal
Date,Datum,module,Magento_Paypal
Ship To,Dostava Na,module,Magento_Paypal
Order Status,Status porudžbine,module,Magento_Paypal
View Order,Pregledaj porudžbinu,module,Magento_Paypal
Back to Billing Agreements,Nazad to Billing Agreements,module,Magento_Paypal
Payment Method,Način plaćanja,module,Magento_Paypal
View,Pregled,module,Magento_Paypal
New Billing Agreement,Novo Billing Agreement,module,Magento_Paypal
-- Please Select --,-- Molim odaberite --,module,Magento_Paypal
Create...,Kreiraj...,module,Magento_Paypal
Shipping Method,Način dostave,module,Magento_Paypal
Please select a shipping method...,Molimo izaberite a shipping method...,module,Magento_Paypal
Shipping Address,Adresa za isporuku,module,Magento_Paypal
Edit,Izmeni,module,Magento_Paypal
Edit Payment Information,Izmeni Plaćanje Informacije,module,Magento_Paypal
Items in Your Shopping Cart,Items in Your Korpa,module,Magento_Paypal
Edit Shopping Cart,Izmeni Korpa,module,Magento_Paypal
Place Order,Postavite porudžbinu,module,Magento_Paypal
Submitting order information...,Slanje informacija o porudžbini...,module,Magento_Paypal
Item,Artikal,module,Magento_Paypal
Price,Cena,module,Magento_Paypal
Qty,Kol,module,Magento_Paypal
Subtotal,Međuzbir,module,Magento_Paypal
or,ili,module,Magento_Paypal
Checkout with PayPal,Naplata with PayPal,module,Magento_Paypal
Continue,Nastavi,module,Magento_Paypal
-- Please Select Billing Agreement--,-- Please Izaberi Billing Agreement--,module,Magento_Paypal
Your shopping cart has been updated with new prices.,Your shopping cart je updated with new prices.,module,Magento_Persistent
We cannot load the configuration from file %1.,We ne može load the configuration from file %1.,module,Magento_Persistent
"Method ""%1"" is not defined in ""%2""","Metod ""%1"" nije definisan u ""%2""",module,Magento_Persistent
What's this?,Što je ovo?,module,Magento_Persistent
You saved the alert subscription.,Sačuvali ste pretplatu na obaveštenje.,module,Magento_ProductAlert
There are not enough parameters.,Nema dovoljno parametara.,module,Magento_ProductAlert
The alert subscription couldn't update at this time. Please try again later.,The alert subscription couldn't update at this time. Pokušajte ponovo later.,module,Magento_ProductAlert
Alert subscription has been saved.,Alert subscription je saved.,module,Magento_ProductAlert
The product wasn't found. Verify the product and try again.,Proizvod nije pronađen. Proverite proizvod i pokušajte ponovo.,module,Magento_ProductAlert
You deleted the alert subscription.,Obrisali ste pretplatu na obaveštenje.,module,Magento_ProductAlert
Unable to update the alert subscription.,Nije moguće update the alert subscription.,module,Magento_ProductAlert
The product was not found.,Proizvod nije pronađen.,module,Magento_ProductAlert
Invalid block type: %1,Neispravan block type: %1,module,Magento_ProductAlert
Price change alert! We wanted you to know that prices have changed for these products:,Cena change alert! We wanted you to know that prices have changed for these products:,module,Magento_ProductAlert
Price:,Cena:,module,Magento_ProductAlert
Unsubscribe from all price alerts,Odjavi se sa svih obaveštenja o ceni,module,Magento_ProductAlert
Unsubscribe from all stock alerts,Odjavi se sa svih obaveštenja o zalihama,module,Magento_ProductAlert
Title,Naslov,module,Magento_ProductVideo
Description,Opis,module,Magento_ProductVideo
Preview Image,Pregled slike,module,Magento_ProductVideo
Get Video Information,Get Video Informacije,module,Magento_ProductVideo
Hide from Product Page,Sakriti od proizvodne stranice,module,Magento_ProductVideo
Role,Uloga,module,Magento_ProductVideo
"Vimeo supported.<br />To add YouTube video, please <a href=""%1"">enter YouTube API Key</a> first.","Vimeo podržan.<br />Da biste dodali YouTube video, prvo <a href=""%1"">unesite YouTube API ključ</a>.",module,Magento_ProductVideo
Protocol isn't allowed,Protokol nije dozvoljen,module,Magento_ProductVideo
Disallowed file type.,Nedozvoljeni tip fajla.,module,Magento_ProductVideo
The preview image information is unavailable. Check your connection and try again.,The preview image information is unavailable. Check your connection and pokušajte ponovo.,module,Magento_ProductVideo
Add Video,Dodaj Video,module,Magento_ProductVideo
Browse to find or drag image here,Pretražite da pronađete i ubacite sliku ovde,module,Magento_ProductVideo
Delete image in all store views,Obriši sliku u svim prikazima prodavnica,module,Magento_ProductVideo
Delete video,Obriši video,module,Magento_ProductVideo
Delete image,Obriši sliku,module,Magento_ProductVideo
Hidden,Skriveno,module,Magento_ProductVideo
Alt Text,Alternativni tekst,module,Magento_ProductVideo
Image Size,Veličina Slike,module,Magento_ProductVideo
Image Resolution,Rezolucija Slike,module,Magento_ProductVideo
Title:,Naslov:,module,Magento_ProductVideo
"Could not find a product with SKU ""%sku""","Nije moguće pronaći proizvod sa SKU ""%sku""",module,Magento_QuoteGraphQl
Could not add the product with SKU %sku to the shopping cart: %message,Nije mogao add the product with SKU %sku to the shopping cart: %message,module,Magento_QuoteGraphQl
Please enter a number greater than 0 in this field.,U ovo polje unesite broj veći od 0.,module,Magento_QuoteGraphQl
"Could not find a cart with ID ""%masked_cart_id""","Nije moguće pronaći korpu sa ID ""%masked_cart_id""",module,Magento_QuoteGraphQl
"The current user cannot perform operations on cart ""%masked_cart_id""","Trenutni korisnik ne može da izvršava operacije na korpi ""%masked_cart_id""",module,Magento_QuoteGraphQl
"The shipping address must contain either ""customer_address_id"" or ""address"".","Adresa za isporuku mora sadržati ili ""customer_address_id"" ili ""address"".",module,Magento_QuoteGraphQl
"The shipping address cannot contain ""customer_address_id"" and ""address"" at the same time.","Adresa za isporuku ne može sadržati ""customer_address_id"" i ""address"" istovremeno.",module,Magento_QuoteGraphQl
"The billing address cannot contain ""customer_address_id"" and ""address"" at the same time.","Adresa za naplatu ne može sadržati ""customer_address_id"" i ""address"" istovremeno.",module,Magento_QuoteGraphQl
You cannot specify multiple shipping addresses.,You ne može specify multiple shipping addresses.,module,Magento_QuoteGraphQl
You cannot specify multiple shipping methods.,You ne može specify multiple shipping methods.,module,Magento_QuoteGraphQl
"Required parameter ""carrier_code"" is missing.","Obavezni parametar ""carrier_code"" nedostaje.",module,Magento_QuoteGraphQl
"Required parameter ""method_code"" is missing.","Obavezni parametar ""method_code"" nedostaje.",module,Magento_QuoteGraphQl
Could not find cart item with id: %1.,Nije mogao find cart item with id: %1.,module,Magento_QuoteGraphQl
"Required parameter ""cartItems"" is missing","Obavezni parametar ""cartItems"" nedostaje",module,Magento_QuoteGraphQl
"Option type ""%1"" is not supported","Tip opcije ""%1"" nije podržan",module,Magento_QuoteGraphQl
"Required parameter ""cart_item_id"" for ""cart_items"" is missing.","Obavezni parametar ""cart_item_id"" za ""cart_items"" nedostaje.",module,Magento_QuoteGraphQl
"Required parameter ""quantity"" for ""cart_items"" is missing.","Obavezni parametar ""quantity"" za ""cart_items"" nedostaje.",module,Magento_QuoteGraphQl
The product that was requested doesn't exist. Verify the product and try again.,Traženi proizvod ne postoji. Proverite proizvod i pokušajte kasnije.,module,Magento_QuoteGraphQl
Discount,Popust,module,Magento_QuoteGraphQl
"Required parameter ""cart_id"" is missing","Obavezni parametar ""cart_id"" nedostaje",module,Magento_QuoteGraphQl
"""model"" value should be specified","Vrednost ""modela"" treba biti određena",module,Magento_QuoteGraphQl
"Required parameter ""coupon_code"" is missing","Obavezni parametar ""coupon_code"" nedostaje",module,Magento_QuoteGraphQl
"Missing key ""product"" in cart data","Nedostaje ključ ""product"" u podacima korpe",module,Magento_QuoteGraphQl
"Missing key ""type_id"" in product data","Nedostaje ključ ""type_id"" u podacima proizvoda",module,Magento_QuoteGraphQl
"Product ""%product_type"" type is not supported","Tip proizvoda ""%product_type"" nije podržan",module,Magento_QuoteGraphQl
"Required parameter ""cart_id"" is missing.","Obavezni parametar ""cart_id"" nedostaje.",module,Magento_QuoteGraphQl
"Required parameter ""cart_item_id"" is missing.","Obavezni parametar ""cart_item_id"" nedostaje.",module,Magento_QuoteGraphQl
"Required parameter ""billing_address"" is missing","Obavezni parametar ""billing_address"" nedostaje",module,Magento_QuoteGraphQl
"Required parameter ""shipping_addresses"" is missing","Obavezni parametar ""shipping_addresses"" nedostaje",module,Magento_QuoteGraphQl
"Required parameter ""shipping_methods"" is missing","Obavezni parametar ""shipping_methods"" nedostaje",module,Magento_QuoteGraphQl
"""model"" values should be specified","Vrednosti ""model"" treba da budu navedene",module,Magento_QuoteGraphQl
Error,Greška,module,Magento_QuoteGraphQl
No such entity with %fieldName = %fieldValue,Ne postoji entitet sa %fieldName = %fieldValue,module,Magento_QuoteGraphQl
Minute,Minut,module,Magento_Quote
Hour,Sat,module,Magento_Quote
Day,Dan,module,Magento_Quote
The address failed to save. Verify the address and try again.,The address neuspešno save. Verify the address and pokušajte ponovo.,module,Magento_Quote
"Could not find a product with SKU ""%sku""","Nije moguće pronaći proizvod sa SKU ""%sku""",module,Magento_Quote
"The ""%1"" Cart doesn't contain products.","""%1"" Kartica ne sadrži proizvode.",module,Magento_Quote
Cart isn't assigned to correct store,Korpa isn't assigned to correct store,module,Magento_Quote
The coupon code couldn't be applied. Verify the coupon code and try again.,The coupon code couldn't be applied. Verify the coupon code and pokušajte ponovo.,module,Magento_Quote
The coupon code isn't valid. Verify the code and try again.,The coupon code isn't valid. Verify the code and pokušajte ponovo.,module,Magento_Quote
The coupon code couldn't be deleted. Verify the coupon code and try again.,The coupon code couldn't be deleted. Verify the coupon code and pokušajte ponovo.,module,Magento_Quote
The shipping address is missing. Set the address and try again.,Nedostaje adresa za dostavu. Upišite adresu i pokušajte ponovo.,module,Magento_Quote
The requested Payment Method is not available.,The requested Plaćanje Method is not available.,module,Magento_Quote
We found an invalid request for adding product to quote.,Pronašli smo neispravan zahtev za dodavanje proizvoda.,module,Magento_Quote
Product that you are trying to add is not available.,Proizvod that you are trying to add is not available.,module,Magento_Quote
The address model is not defined.,Model adrese nije definisan.,module,Magento_Quote
"The address total model should be extended from
                    \Magento\Quote\Model\Quote\Address\Total\AbstractTotal.","Model ukupne adrese treba da bude proširen iz
                    \Magento\Quote\Model\Quote\Address\Total\AbstractTotal.",module,Magento_Quote
Grand Total,Ukupna vrednost,module,Magento_Quote
Shipping & Handling (%1),Dostava & Handling (%1),module,Magento_Quote
Shipping & Handling,Dostava i rukovanje,module,Magento_Quote
Shipping,Dostava,module,Magento_Quote
Subtotal,Međuzbir,module,Magento_Quote
We found an invalid item option format.,We found an neispravan item option format.,module,Magento_Quote
An item option with code %1 already exists.,Opcija stavke sa kodom %1 već postoji.,module,Magento_Quote
Item qty declaration error,Greška u deklaraciji količine artikla,module,Magento_Quote
Something went wrong during the item options declaration.,Nešto nije u redu during the item options declaration.,module,Magento_Quote
The %1 Cart doesn't contain the %2 item.,The %1 Korpa doesn't contain the %2 item.,module,Magento_Quote
The quote couldn't be saved.,Ponuda nije mogla biti sačuvana.,module,Magento_Quote
"""%fieldName"" is required. Enter and try again.","""%imePolja"" je obavezno. Unesite i probajte ponovo.",module,Magento_Quote
The qty value is required to update quote item.,The qty value je obavezno to update quote item.,module,Magento_Quote
Minimum order amount is %1,Minimalna narudžbina je %1,module,Magento_Quote
Invalid customer id %1,Neispravan customer id %1,module,Magento_Quote
Invalid customer address id %1,Neispravan customer address id %1,module,Magento_Quote
Invalid address id %1,Neispravan address id %1,module,Magento_Quote
No such entity with %fieldName = %fieldValue,Ne postoji entitet sa %fieldName = %fieldValue,module,Magento_Quote
The quote can't be created.,Ponuda ne može biti kreirana.,module,Magento_Quote
A server error stopped your order from being placed. Please try to place your order again.,Greška na serveru je zaustavila porudžbinu. Pokušajte da postavite vaše ponude ponovo.,module,Magento_Quote
Invalid state change requested,Neispravan zahtev za promenu statusa,module,Magento_Quote
Only 1 shipping assignment can be set,Može se postaviti samo 1 dodela dostave,module,Magento_Quote
Something went wrong. Please try to place the order again.,Nešto nije u redu. Please try to place the order again.,module,Magento_Quote
Store Credit,Kredit Prodavnice,module,Magento_Quote
Discount,Popust,module,Magento_Quote
Tax,Porez,module,Magento_Quote
"The Cart includes virtual product(s) only, so a shipping address is not used.","The Korpa includes virtual product(s) only, so a shipping address is not used.",module,Magento_Quote
The shipping method can't be set for an empty cart. Add an item to cart and try again.,Način dostave se ne može podesiti kada je korpa prazna. Dodajte proizvod u korpu i pokušajte ponovo.,module,Magento_Quote
A customer with the same email address already exists in an associated website.,Korisnik sa istom adresom već postoji na pridruženom web sajtu.,module,Magento_Quote
"""model"" value should be specified","Vrednost ""modela"" treba biti određena",module,Magento_RelatedProductGraphQl
Error message,Poruka greške,module,Magento_ReleaseNotification
New Accounts,Novo Accounts,module,Magento_Reports
Customers by number of orders,Kupci by number of orders,module,Magento_Reports
Customers by Orders Total,Kupci by Orders Ukupno,module,Magento_Reports
Date Used,Datum Used,module,Magento_Reports
Day,Dan,module,Magento_Reports
Month,Mesec,module,Magento_Reports
Year,Godina,module,Magento_Reports
From,Od,module,Magento_Reports
To,Do,module,Magento_Reports
Yes,Da,module,Magento_Reports
No,Ne,module,Magento_Reports
Invalid date specified,Neispravan date specified,module,Magento_Reports
Refresh,Osveži,module,Magento_Reports
Show Reviews,Prikaži Recenzije,module,Magento_Reports
Products Report,Proizvodi Report,module,Magento_Reports
Downloads,Preuzimanja,module,Magento_Reports
Product,Proizvod,module,Magento_Reports
SKU,Šifra,module,Magento_Reports
Unlimited,Neograničeno,module,Magento_Reports
Products Ordered,Proizvodi Ordered,module,Magento_Reports
Show Report,Prikaži Report,module,Magento_Reports
Total,Ukupno,module,Magento_Reports
Price,Cena,module,Magento_Reports
Views,Pregledi,module,Magento_Reports
Customers Reviews,Kupci Recenzije,module,Magento_Reports
Reviews for %1,Recenzije for %1,module,Magento_Reports
Customer,Kupac,module,Magento_Reports
Title,Naslov,module,Magento_Reports
Created,Kreiran,module,Magento_Reports
Products Reviews,Proizvodi Recenzije,module,Magento_Reports
Products Bestsellers Report,Proizvodi Bestsellers Report,module,Magento_Reports
Order Quantity,Porudžbina Količina,module,Magento_Reports
Coupons Usage Report,Kuponi Usage Report,module,Magento_Reports
Subtotal,Međuzbir,module,Magento_Reports
Coupon Code,Kod kupona,module,Magento_Reports
Price Rule,Cena Rule,module,Magento_Reports
Uses,Upotrebljeno,module,Magento_Reports
Sales Subtotal,Prodaja Međuzbir,module,Magento_Reports
Sales Discount,Prodaja Popust,module,Magento_Reports
Sales Total,Prodaja Ukupno,module,Magento_Reports
Discount,Popust,module,Magento_Reports
Total Invoiced vs. Paid Report,Ukupno Invoiced vs. Paid Report,module,Magento_Reports
Orders,Porudžbine,module,Magento_Reports
Total Invoiced,Ukupno Invoiced,module,Magento_Reports
Paid Invoices,Paid Fakture,module,Magento_Reports
Unpaid Invoices,Unpaid Fakture,module,Magento_Reports
Total Refunded Report,Ukupno Refunded Report,module,Magento_Reports
Total Refunded,Ukupno Refunded,module,Magento_Reports
Total Ordered Report,Ukupno Ordered Report,module,Magento_Reports
Sales Items,Prodaja Items,module,Magento_Reports
Items,Stavke,module,Magento_Reports
Revenue,Prihod,module,Magento_Reports
Invoiced,Faktura,module,Magento_Reports
Paid,Plaćeno,module,Magento_Reports
Refunded,Povraćen novac,module,Magento_Reports
Sales Tax,Prodaja Porez,module,Magento_Reports
Tax,Porez,module,Magento_Reports
Sales Shipping,Prodaja Dostava,module,Magento_Reports
Shipping,Dostava,module,Magento_Reports
Canceled,Otkazano,module,Magento_Reports
Total Shipped Report,Ukupno Shipped Report,module,Magento_Reports
Total Sales Shipping,Ukupno Prodaja Dostava,module,Magento_Reports
Total Shipping,Ukupno Dostava,module,Magento_Reports
Order Taxes Report Grouped by Tax Rate,Porudžbina Taxes Report Grouped by Porez Rate,module,Magento_Reports
Tax Amount,Iznos poreza,module,Magento_Reports
Email,E-pošta,module,Magento_Reports
Products,Proizvodi,module,Magento_Reports
Quantity,Količina,module,Magento_Reports
Applied Coupon,Applied Kupon,module,Magento_Reports
Updated,Ažuriran,module,Magento_Reports
IP Address,IP Adresa,module,Magento_Reports
Customers,Kupci,module,Magento_Reports
First Name,Ime,module,Magento_Reports
Last Name,Prezime,module,Magento_Reports
Items in Cart,Proizvoda u Korpi,module,Magento_Reports
Products in carts,Proizvodi in carts,module,Magento_Reports
Name,Ime,module,Magento_Reports
Wish List Purchase,Wish Lista Purchase,module,Magento_Reports
Wish List vs. Regular Order,Wish Lista vs. Regular Porudžbina,module,Magento_Reports
Times Deleted,Times Obrisan,module,Magento_Reports
Index type is not valid,Indeks type is not valid,module,Magento_Reports
Reports,Izveštaji,module,Magento_Reports
Never,Nikada,module,Magento_Reports
"Last updated: %1. To refresh last day's <a href=""%2"">statistics</a>, click <a href=""#2"" data-post=""%3"">here</a>.","Poslednje ažuriranje: %1. Da osvežite <a href=""%2"">statistiku</a> poslednjeg dana, kliknite <a href=""#2"" data-post=""%3"">ovde</a>.",module,Magento_Reports
New Accounts Report,Novo Accounts Report,module,Magento_Reports
Customers by Number of Orders,Kupci by Number of Orders,module,Magento_Reports
Order Count Report,Porudžbina Count Report,module,Magento_Reports
Order Total Report,Porudžbina Ukupno Report,module,Magento_Reports
Low Stock,Low Zalihe,module,Magento_Reports
Low Stock Report,Low Zalihe Report,module,Magento_Reports
Ordered Products Report,Ordered Proizvodi Report,module,Magento_Reports
Products Most Viewed Report,Proizvodi Most Viewed Report,module,Magento_Reports
Product Views Report,Proizvod Views Report,module,Magento_Reports
An error occurred while showing the product views report. Please review the log and try again.,Došlo je do greške while showing the product views report. Please review the log and pokušajte ponovo.,module,Magento_Reports
Review,Recenzija,module,Magento_Reports
Reviews,Recenzije,module,Magento_Reports
Customers Report,Kupci Report,module,Magento_Reports
Customer Reviews Report,Kupac Recenzije Report,module,Magento_Reports
Product Reviews Report,Proizvod Recenzije Report,module,Magento_Reports
Product Reviews,Proizvod Recenzije,module,Magento_Reports
Details,Detalji,module,Magento_Reports
Sales,Prodaja,module,Magento_Reports
Coupons,Kuponi,module,Magento_Reports
Coupons Report,Kuponi Report,module,Magento_Reports
Invoice Report,Faktura Report,module,Magento_Reports
Sales Report,Prodaja Report,module,Magento_Reports
Shipping Report,Dostava Report,module,Magento_Reports
Tax Report,Porez Report,module,Magento_Reports
Shopping Cart,Korpa,module,Magento_Reports
Customer Shopping Carts,Kupac Shopping Carts,module,Magento_Reports
Products in Carts,Proizvodi in Carts,module,Magento_Reports
No report code is specified.,Ne report code is specified.,module,Magento_Reports
We can't refresh lifetime statistics.,Ne možemo osvežiti svu statistiku.,module,Magento_Reports
Recent statistics have been updated.,Recent statistics su updated.,module,Magento_Reports
"System configuration is not found for report event type ""%1""","Konfiguracija sistema nije pronađena za tip događaja izveštaja ""%1""",module,Magento_Reports
The product type filter specified is incorrect.,The product type filter specified is netačan.,module,Magento_Reports
Order Taxes Report Grouped by Tax Rates,Porudžbina Taxes Report Grouped by Porez Rates,module,Magento_Reports
Total Invoiced VS Paid Report,Ukupno Invoiced VS Paid Report,module,Magento_Reports
Promotion Coupons Usage Report,Promotion Kuponi Usage Report,module,Magento_Reports
Bestsellers,Najprodavaniji,module,Magento_Reports
Most Viewed Products Report,Most Viewed Proizvodi Report,module,Magento_Reports
An error occurred while showing the product views report. Please review the log and try again.,Došlo je do greške while showing the product views report. Please review the log and pokušajte ponovo.,module,Magento_Reports
Error,Greška,module,Magento_Reports
Show By,Prikaži By,module,Magento_Reports
Customers that have Wish List: %1,Kupci that have Wish Lista: %1,module,Magento_Reports
Number of items bought from a Wish List: %1,Number of items bought from a Wish Lista: %1,module,Magento_Reports
Number of times Wish Lists have been shared (emailed): %1,Number of times Wish Lists su shared (emailed): %1,module,Magento_Reports
Number of Wish List referrals: %1,Number of Wish Lista referrals: %1,module,Magento_Reports
Number of Wish List conversions: %1,Number of Wish Lista conversions: %1,module,Magento_Reports
Show Report For:,Prikaži Report For:,module,Magento_Reports
All Websites,Sve Web lokacije,module,Magento_Reports
Recently Viewed,Nedavno pogledano,module,Magento_Reports
Add to Cart,Dodaj u korpu,module,Magento_Reports
In stock,Na stanju,module,Magento_Reports
Out of stock,Nema na lageru,module,Magento_Reports
Add to Wish List,Dodaj u listu želja,module,Magento_Reports
Add to Compare,Dodaj za upoređivanje,module,Magento_Reports
Recently Compared,Nedavno Upoređeni,module,Magento_Reports
Learn More,Saznajte više,module,Magento_Reports
"Could not find a product with SKU ""%sku""","Nije moguće pronaći proizvod sa SKU ""%sku""",module,Magento_ReviewGraphQl
Save Review,Sačuvaj Recenzija,module,Magento_Review
New Review,Novo Recenzija,module,Magento_Review
Review Details,Recenzija Detalji,module,Magento_Review
Product,Proizvod,module,Magento_Review
Product Rating,Proizvod Ocena,module,Magento_Review
Visibility,Vidljivost,module,Magento_Review
Summary of Review,Sažetak of Recenzija,module,Magento_Review
Review,Recenzija,module,Magento_Review
Previous,Prethodni,module,Magento_Review
Save and Previous,Sačuvaj and Prethodni,module,Magento_Review
Save and Next,Sačuvaj and Sledeći,module,Magento_Review
Next,Sledeće,module,Magento_Review
Delete Review,Obriši Recenzija,module,Magento_Review
Are you sure you want to do this?,Jeste li sigurni da želite da uradite ovo?,module,Magento_Review
Edit Review '%1',Izmeni Recenzija '%1',module,Magento_Review
Guest,Gost,module,Magento_Review
Summary Rating,Sažetak Ocena,module,Magento_Review
Detailed Rating,Detailed Ocena,module,Magento_Review
Created,Kreiran,module,Magento_Review
Title,Naslov,module,Magento_Review
Type,Tip,module,Magento_Review
SKU,Šifra,module,Magento_Review
Action,Akcija,module,Magento_Review
Edit,Izmeni,module,Magento_Review
Delete,Obrisati,module,Magento_Review
Are you sure?,Da li ste sigurni?,module,Magento_Review
Update Status,Ažuriraj Status,module,Magento_Review
Customer,Kupac,module,Magento_Review
Pending Reviews of Customer `%1`,Na čekanju Recenzije of Kupac `%1`,module,Magento_Review
Pending Reviews,Na čekanju Recenzije,module,Magento_Review
All Reviews of Customer `%1`,Sve Recenzije of Kupac `%1`,module,Magento_Review
All Reviews of Product `%1`,Sve Recenzije of Proizvod `%1`,module,Magento_Review
All Reviews,Sve Recenzije,module,Magento_Review
Name,Ime,module,Magento_Review
Product Store Name,Proizvod Prodavnica Naziv,module,Magento_Review
Price,Cena,module,Magento_Review
Quantity,Količina,module,Magento_Review
Websites,Web stranice,module,Magento_Review
Manage Ratings,Manage Ocene,module,Magento_Review
Add New Rating,Dodaj Novo Ocena,module,Magento_Review
Save Rating,Sačuvaj Ocena,module,Magento_Review
Delete Rating,Obriši Ocena,module,Magento_Review
Edit Rating #%1,Izmeni Ocena #%1,module,Magento_Review
New Rating,Novo Ocena,module,Magento_Review
Rating Title,Ocena Naslov,module,Magento_Review
Default Value,Podrazumevane vrednosti,module,Magento_Review
Rating Visibility,Ocena Visibility,module,Magento_Review
Is Active,Is Aktivan,module,Magento_Review
Sort Order,Redosled porudžbina,module,Magento_Review
Rating Information,Ocena Informacije,module,Magento_Review
Product Reviews,Proizvod Recenzije,module,Magento_Review
Pending product review(s),Na čekanju product review(s),module,Magento_Review
"Product: <a href=""%1"" target=""_blank"">%2</a> <br/>","Proizvod: <a href=""%1"" target=""_blank"">%2</a> <br/>",module,Magento_Review
Summary of review: %1 <br/>,Sažetak of review: %1 <br/>,module,Magento_Review
Review: %1 <br/>,Recenzija: %1 <br/>,module,Magento_Review
Store: %1 <br/>,Prodavnica: %1 <br/>,module,Magento_Review
"Click <a href=""%1"">here</a> to see the review.","Kliknite <a href=""%1"">ovde</a> da vidite recenziju.",module,Magento_Review
"Product: ""%1"" reviewed by: %2","Proizvod: ""%1"" je recenzirao: %2",module,Magento_Review
Pending Reviews RSS,Na čekanju Recenzije RSS,module,Magento_Review
Reviews %1,Recenzije %1,module,Magento_Review
Reviews,Recenzije,module,Magento_Review
The review has been deleted.,The review je deleted.,module,Magento_Review
Something went wrong  deleting this review.,Nešto nije u redu  deleting this review.,module,Magento_Review
Customer Reviews,Kupac Recenzije,module,Magento_Review
Edit Review,Izmeni Recenzija,module,Magento_Review
Please select review(s).,Molimo izaberite review(s).,module,Magento_Review
A total of %1 record(s) have been deleted.,Ukupno %1 zapis(a) je uklonjeno.,module,Magento_Review
Something went wrong while deleting these records.,Nešto nije u redu while deleting these records.,module,Magento_Review
A total of %1 record(s) have been updated.,Ukupno %1 zapis(a) je promenjeno.,module,Magento_Review
Something went wrong while updating these review(s).,Nešto nije u redu while updating these review(s).,module,Magento_Review
Something went wrong while saving this review.,Nešto nije u redu while saving this review.,module,Magento_Review
The review was removed by another user or does not exist.,The review was removed by another user or ne postoji.,module,Magento_Review
Ratings,Ocene,module,Magento_Review
My Product Reviews,My Proizvod Recenzije,module,Magento_Review
The storage key wasn't set. Add the storage key and try again.,The storage key wasn't set. Dodaj the storage key and pokušajte ponovo.,module,Magento_Review
Approved,Odobren,module,Magento_Review
Pending,Na čekanju,module,Magento_Review
Not Approved,Not Odobren,module,Magento_Review
Please enter a review summary.,Molimo unesite a review summary.,module,Magento_Review
Please enter a nickname.,Molimo unesite a nickname.,module,Magento_Review
Please enter a review.,Molimo unesite a review.,module,Magento_Review
Rating isn't Available,Ocena isn't Available,module,Magento_Review
"Please specify a rating title for a store, or we'll just use the default value.","Molimo navedite a rating title for a store, or we'll just use the default value.",module,Magento_Review
Option Title:,Opcija Naslov:,module,Magento_Review
Product Name,Naziv proizvoda,module,Magento_Review
Rating,Ocena,module,Magento_Review
Actions,Radnje,module,Magento_Review
See Details,Pogledaj detalje,module,Magento_Review
Back,Nazad,module,Magento_Review
My Recent Reviews,My Recent Recenzije,module,Magento_Review
View All,Prikaži svе,module,Magento_Review
Average Customer Rating:,Average Kupac Ocena:,module,Magento_Review
Your Review,Your Recenzija,module,Magento_Review
Back to My Reviews,Nazad to My Recenzije,module,Magento_Review
Ratings Review Summary,Ocene Recenzija Sažetak,module,Magento_Review
Be the first to review this product,Ocenite ovaj proizvod,module,Magento_Review
Write Your Own Review,Write Your Own Recenzija,module,Magento_Review
* Required Fields,* Obavezna polja,module,Magento_Review
Your Rating,Your Ocena,module,Magento_Review
Summary,Rezime,module,Magento_Review
Submit Review,Pošalji Recenzija,module,Magento_Review
"Only registered users can write reviews. Please <a href=""%1"">Sign in</a> or <a href=""%2"">create an account</a>","Samo registrovani korisnici mogu pisati recenzije. Molimo <a href=""%1"">prijavite se</a> ili <a href=""%2"">napravite nalog</a>",module,Magento_Review
Add Your Review,Dodaj Your Recenzija,module,Magento_Review
%1 Review(s),%1 Recenzija(s),module,Magento_Review
Review by,Pregled od strane,module,Magento_Review
Back to Main Product Info,Nazad to Main Proizvod Informacija,module,Magento_Review
Average Customer Rating,Average Kupac Ocena,module,Magento_Review
Product Rating:,Proizvod Ocena:,module,Magento_Review
Product Review (submitted on %1):,Proizvod Recenzija (submitted on %1):,module,Magento_Review
Back to Product Reviews,Nazad to Proizvod Recenzije,module,Magento_Review
Page not found.,Stranica nije pronađena.,module,Magento_Rss
Any message,Bilo koji message,module,Magento_Rss
Apply,Primeni,module,Magento_Rule
Please choose a valid discount amount.,Unesite ispravan iznos popusta.,module,Magento_Rule
End Date must follow Start Date.,Kraj Datum must follow Početak Datum.,module,Magento_Rule
Please specify a website.,Navedite Web lokaciju.,module,Magento_Rule
Please specify Customer Groups.,Izaberite grupu kupaca.,module,Magento_Rule
to,do,module,Magento_Rule
by,od strane,module,Magento_Rule
Please choose an action to add.,Odaberite akciju koju ćete dodati.,module,Magento_Rule
Perform following actions,Izvrši sledeće akcije,module,Magento_Rule
is,je,module,Magento_Rule
is not,nije,module,Magento_Rule
equals or greater than,jednako ili veće od,module,Magento_Rule
equals or less than,manje ili jednako od,module,Magento_Rule
greater than,veće od,module,Magento_Rule
less than,manje od,module,Magento_Rule
contains,sadrži,module,Magento_Rule
does not contain,ne sadrži,module,Magento_Rule
is one of,ako je jedan od,module,Magento_Rule
is not one of,ako nije jedan od,module,Magento_Rule
Please choose a condition to add.,Molimo odaberite koji ćete uslov dodati.,module,Magento_Rule
Add,Dodaj,module,Magento_Rule
Remove,Ukloni,module,Magento_Rule
ALL,Svi,module,Magento_Rule
ANY,Bilo koji,module,Magento_Rule
TRUE,Tačno,module,Magento_Rule
FALSE,Netačno,module,Magento_Rule
Conditions Combination,Uslovi Kombinacije,module,Magento_Rule
Attribute Set,Skup atributa,module,Magento_Rule
Category,Kategorija,module,Magento_Rule
Open Chooser,Otvori Chooser,module,Magento_Rule
Unknown condition operator,Nepoznat operator uslova,module,Magento_Rule
"There is no information about associated entity type ""%1"".","Nema informacija o pridruženom tipu entiteta ""%1"".",module,Magento_Rule
Discount,Popust,module,Magento_SalesGraphQl
"""model"" value should be specified","Vrednost ""modela"" treba biti određena",module,Magento_SalesGraphQl
"The ""%1"" product is not part of the current creditmemo.","Proizvod ""%1"" nije deo trenutnog kreditnog odobrenja.",module,Magento_SalesInventory
Cart Price Rules,Korpa Cena Rules,module,Magento_SalesRule
Add New Rule,Dodaj Novo Pravilo,module,Magento_SalesRule
Are you sure you want to delete this?,Da li ste sigurni želite da delete this?,module,Magento_SalesRule
Delete,Obrisati,module,Magento_SalesRule
Reset,Resetovati,module,Magento_SalesRule
Save and Continue Edit,Sačuvaj i nastavi uređivanje,module,Magento_SalesRule
Save,Sačuvaj,module,Magento_SalesRule
Actions,Radnje,module,Magento_SalesRule
Apply the rule only to cart items matching the following conditions (leave blank for all items).,Primeni the rule only to cart items matching the following conditions (leave blank for all items).,module,Magento_SalesRule
Apply To,Odnosi se na,module,Magento_SalesRule
Conditions,Uslovi,module,Magento_SalesRule
Apply the rule only if the following conditions are met (leave blank for all products).,Primeni the rule only if the following conditions are met (leave blank for all products).,module,Magento_SalesRule
Manage Coupon Codes,Manage Kupon Codes,module,Magento_SalesRule
Coupon Qty,Kupon Kol,module,Magento_SalesRule
Code Length,Dužina koda,module,Magento_SalesRule
"Excluding prefix, suffix and separators.","Isključujući prefiks, sufiks i separatore.",module,Magento_SalesRule
Code Format,Kod Format,module,Magento_SalesRule
Code Prefix,Prefiks koda,module,Magento_SalesRule
Code Suffix,Sufiks koda,module,Magento_SalesRule
Dash Every X Characters,Odvoji crticom svaki X karakter,module,Magento_SalesRule
Generate,Generiši,module,Magento_SalesRule
Coupon Code,Kod kupona,module,Magento_SalesRule
Created,Kreiran,module,Magento_SalesRule
Used,Korišćeno,module,Magento_SalesRule
No,Ne,module,Magento_SalesRule
Yes,Da,module,Magento_SalesRule
Are you sure you want to delete the selected coupon(s)?,Da li ste sigurni želite da delete the selected coupon(s)?,module,Magento_SalesRule
Store View Specific Labels,Prodavnica Pregled Specific Labels,module,Magento_SalesRule
Rule,Pravilo,module,Magento_SalesRule
Start,Početak,module,Magento_SalesRule
End,Kraj,module,Magento_SalesRule
%1 - Discounts and Coupons,%1 - Discounts and Kuponi,module,Magento_SalesRule
Coupons/Discounts,Kuponi/Discounts,module,Magento_SalesRule
Promotions,Promocije,module,Magento_SalesRule
You deleted the rule.,Obrisali ste pravilo.,module,Magento_SalesRule
We can't delete the rule right now. Please review the log and try again.,We can't delete the rule right now. Please review the log and pokušajte ponovo.,module,Magento_SalesRule
This rule no longer exists.,Ovo pravilo se više ne postoji.,module,Magento_SalesRule
Edit Rule,Izmeni Pravilo,module,Magento_SalesRule
New Rule,Novo pravilo,module,Magento_SalesRule
New Cart Price Rule,Novo Korpa Cena Rule,module,Magento_SalesRule
Invalid data provided,Neispravan data provided,module,Magento_SalesRule
Something went wrong while generating coupons. Please review the log and try again.,Nešto nije u redu while generating coupons. Please review the log and pokušajte ponovo.,module,Magento_SalesRule
Catalog,Katalog,module,Magento_SalesRule
You saved the rule.,Sačuvali ste pravilo.,module,Magento_SalesRule
Something went wrong while saving the rule data. Please review the error log.,Došlo je do greške prilikom čuvanja podataka o pravilu. Molimo proverite evidenciju grešaka.,module,Magento_SalesRule
Alphanumeric,Slovno-numerički,module,Magento_SalesRule
Alphabetical,Azbučno,module,Magento_SalesRule
Numeric,Numerički,module,Magento_SalesRule
Incorrect CAPTCHA,Neispravna CAPTCHA,module,Magento_SalesRule
Error during coupons generator process occurred,Greška during coupons generator process occurred,module,Magento_SalesRule
Error during coupons generator process occurred. Please check logs for detail,Greška during coupons generator process occurred. Please check logs for detail,module,Magento_SalesRule
We cannot create the requested Coupon Qty. Please check your settings and try again.,We ne može create the requested Kupon Kol. Please check your settings and pokušajte ponovo.,module,Magento_SalesRule
Error occurred when saving coupon: %1,Greška occurred when saving coupon: %1,module,Magento_SalesRule
Discount (%1),Popust (%1),module,Magento_SalesRule
Discount,Popust,module,Magento_SalesRule
Coupon with the same code,Kupon with the same code,module,Magento_SalesRule
No Coupon,Ne Kupon,module,Magento_SalesRule
Specific Coupon,Specific Kupon,module,Magento_SalesRule
Update the Product,Ažuriraj Proizvod,module,Magento_SalesRule
Special Price,Posebna cena,module,Magento_SalesRule
To Fixed Value,Fiksna vrednost,module,Magento_SalesRule
To Percentage,Procenat,module,Magento_SalesRule
By Fixed value,Po fiksnoj vrednosti,module,Magento_SalesRule
By Percentage,Po procentu,module,Magento_SalesRule
Update product's %1 %2: %3,Ažuriraj proizvode %1%2:%3,module,Magento_SalesRule
Subtotal (Excl. Tax),Međuzbir (Excl. Porez),module,Magento_SalesRule
Subtotal (Incl. Tax),Međuzbir (Incl. Porez),module,Magento_SalesRule
Subtotal,Međuzbir,module,Magento_SalesRule
Total Items Quantity,Ukupno Items Količina,module,Magento_SalesRule
Total Weight,Ukupna težina,module,Magento_SalesRule
Payment Method,Način plaćanja,module,Magento_SalesRule
Shipping Method,Način dostave,module,Magento_SalesRule
Shipping Postcode,Dostava Poštanski broj,module,Magento_SalesRule
Shipping Region,Dostava Region,module,Magento_SalesRule
Shipping State/Province,Dostava Država/Province,module,Magento_SalesRule
Shipping Country,Dostava Zemlja,module,Magento_SalesRule
Product attribute combination,Proizvod attribute combination,module,Magento_SalesRule
Products subselection,Proizvodi subselection,module,Magento_SalesRule
Cart Attribute,Korpa Atribut,module,Magento_SalesRule
Quantity in cart,Količina in cart,module,Magento_SalesRule
Price in cart,Cena in cart,module,Magento_SalesRule
Category (Children Only),Kategorija (Children Only),module,Magento_SalesRule
Conditions Combination,Uslovi Kombinacije,module,Magento_SalesRule
Cart Item Attribute,Korpa Item Atribut,module,Magento_SalesRule
Product Attribute,Atributi proizvoda,module,Magento_SalesRule
is,je,module,Magento_SalesRule
is not,nije,module,Magento_SalesRule
equals or greater than,jednako ili veće od,module,Magento_SalesRule
equals or less than,manje ili jednako od,module,Magento_SalesRule
greater than,veće od,module,Magento_SalesRule
less than,manje od,module,Magento_SalesRule
is one of,ako je jedan od,module,Magento_SalesRule
is not one of,ako nije jedan od,module,Magento_SalesRule
Active,Aktivan,module,Magento_SalesRule
Inactive,Neaktivan,module,Magento_SalesRule
Error occurred when generating coupons: %1,Greška occurred when generating coupons: %1,module,Magento_SalesRule
Some coupons are invalid.,Some coupons are neispravan.,module,Magento_SalesRule
"%1 Cart Price Rules based on ""%2"" attribute have been disabled.","%1 pravila cene korpe na osnovu atributa ""%2"" su onemogućena.",module,Magento_SalesRule
The coupon code isn't valid. Verify the code and try again.,The coupon code isn't valid. Verify the code and pokušajte ponovo.,module,Magento_SalesRule
%1 coupon(s) have been generated.,%1 coupon(s) su generated.,module,Magento_SalesRule
Name,Ime,module,Magento_SalesRule
Please choose a condition to add.,Molimo odaberite koji ćete uslov dodati.,module,Magento_SalesRule
The entity sequence profile wasn't added to the meta active profile. Verify the profile and try again.,The entity sequence profile wasn't added to the meta active profile. Verify the profile and pokušajte ponovo.,module,Magento_SalesSequence
Credit Memos,Kreditna odobrenja,module,Magento_Sales
Orders,Porudžbine,module,Magento_Sales
Invoices,Fakture,module,Magento_Sales
We can't get the order instance right now.,Ne možemo dobiti instancu porudžbine trenutno.,module,Magento_Sales
Create New Order,Kreiraj porudžbinu,module,Magento_Sales
Save Order Address,Sačuvaj adresu porudžbine,module,Magento_Sales
Shipping,Dostava,module,Magento_Sales
Billing,Naplata,module,Magento_Sales
Edit Order %1 %2 Address,Uredi adresu porudžbine %1 %2,module,Magento_Sales
Order Address Information,Informacije o adresi porudžbine,module,Magento_Sales
Please correct the parent block for this block.,Korigujte roditeljski blok za ovaj blok.,module,Magento_Sales
Submit Comment,Pošalji komentar,module,Magento_Sales
Submit Order,Pošalji porudžbinu,module,Magento_Sales
Are you sure you want to cancel this order?,Da li ste sigurni da želite da otkažete ovu porudžbinu?,module,Magento_Sales
Cancel,Odustani,module,Magento_Sales
Billing Address,Adresa za fakturisanje,module,Magento_Sales
Payment Method,Način plaćanja,module,Magento_Sales
Order Comment,Komentar porudžbine,module,Magento_Sales
Coupons,Kuponi,module,Magento_Sales
Please select a customer,Izaberite kupca,module,Magento_Sales
Create New Customer,Kreiraj Novo Kupac,module,Magento_Sales
Account Information,Informacije o korisničkom nalogu,module,Magento_Sales
From,Od,module,Magento_Sales
To,Do,module,Magento_Sales
Message,Poruka,module,Magento_Sales
Edit Order #%1,Uredi porudžbinu #%1,module,Magento_Sales
Create New Order for %1 in %2,Kreiraj Novo Porudžbina for %1 in %2,module,Magento_Sales
Create New Order in %1,Kreiraj Novo Porudžbina in %1,module,Magento_Sales
Create New Order for %1,Kreiraj Novo Porudžbina for %1,module,Magento_Sales
Create New Order for New Customer,Kreiraj Novo Porudžbina for Novo Kupac,module,Magento_Sales
Items Ordered,Poručeni artikli,module,Magento_Sales
This product is disabled.,Ovaj proizvod je onemogućen.,module,Magento_Sales
Item ordered qty,Poručena količina artikla,module,Magento_Sales
%1 for %2,%1 za %2,module,Magento_Sales
Configure,Podesi,module,Magento_Sales
Newsletter Subscription,Prijava na Newsletter,module,Magento_Sales
Please select products,Izaberite proizvode,module,Magento_Sales
Add Selected Product(s) to Order,Dodaj Selected Proizvod(s) to Porudžbina,module,Magento_Sales
Product,Proizvod,module,Magento_Sales
SKU,Šifra,module,Magento_Sales
Price,Cena,module,Magento_Sales
Select,Izaberite,module,Magento_Sales
Quantity,Količina,module,Magento_Sales
Shipping Address,Adresa za isporuku,module,Magento_Sales
Shipping Method,Način dostave,module,Magento_Sales
Update Changes,Ažuriraj izmene,module,Magento_Sales
Shopping Cart,Korpa,module,Magento_Sales
Are you sure you want to delete all items from shopping cart?,Da li ste sigurni želite da delete all items from shopping cart?,module,Magento_Sales
Clear Shopping Cart,Isprazni korpu,module,Magento_Sales
Products in Comparison List,Proizvodi in Comparison Lista,module,Magento_Sales
Recently Compared Products,Nedavno Upoređeni Proizvodi,module,Magento_Sales
Recently Viewed Products,Nedavno pregledani proizvodi,module,Magento_Sales
Last Ordered Items,Poslednji poručeni artikli,module,Magento_Sales
Recently Viewed,Nedavno pogledano,module,Magento_Sales
Wish List,Lista želja,module,Magento_Sales
Please select a store,Izaberite prodavnicu,module,Magento_Sales
Order Totals,Ukupno porudžbine,module,Magento_Sales
Shipping Incl. Tax (%1),Dostava Incl. Porez (%1),module,Magento_Sales
Shipping Excl. Tax (%1),Dostava Excl. Porez (%1),module,Magento_Sales
New Credit Memo for Invoice #%1,Novo Kreditno odobrenje for Faktura #%1,module,Magento_Sales
New Credit Memo for Order #%1,Novo Kreditno odobrenje for Porudžbina #%1,module,Magento_Sales
Refund Shipping (Incl. Tax),Povraćaj Dostava (Incl. Porez),module,Magento_Sales
Refund Shipping (Excl. Tax),Povraćaj Dostava (Excl. Porez),module,Magento_Sales
Refund Shipping,Povraćaj dostave,module,Magento_Sales
Update Qty's,Ažuriraj količine,module,Magento_Sales
Refund,Refundacija,module,Magento_Sales
Refund Offline,Povraćaj Offline,module,Magento_Sales
Refund Amount,Iznos refundacije,module,Magento_Sales
Shipping Amount,Iznos dostave,module,Magento_Sales
Shipping Refund,Refundacija dostave,module,Magento_Sales
Order Grand Total,Ukupan iznos porudžbine,module,Magento_Sales
Adjustment Refund,Adjustment Povraćaj,module,Magento_Sales
Adjustment Fee,Naknada za prilagođavanje,module,Magento_Sales
Are you sure you want to send a credit memo email to customer?,Da li ste sigurni želite da send a credit memo email to customer?,module,Magento_Sales
Send Email,Pošalji email,module,Magento_Sales
Void,Poništi,module,Magento_Sales
Print,Ispišite,module,Magento_Sales
The credit memo email was sent.,Email kreditne napomene je poslat.,module,Magento_Sales
The credit memo email wasn't sent.,Email kreditne napomene nije poslat.,module,Magento_Sales
Credit Memo #%1 | %3 | %2 (%4),Kreditno odobrenje #%1 | %3 | %2 (%4),module,Magento_Sales
Total Refund,Ukupna refundacija,module,Magento_Sales
New Invoice and Shipment for Order #%1,Novo Faktura and Pošiljka for Porudžbina #%1,module,Magento_Sales
New Invoice for Order #%1,Novo Faktura for Porudžbina #%1,module,Magento_Sales
Submit Invoice and Shipment,Pošalji fakturu i isporuku,module,Magento_Sales
Submit Invoice,Pošalji fakturu,module,Magento_Sales
Are you sure you want to send an invoice email to customer?,Da li ste sigurni želite da send an invoice email to customer?,module,Magento_Sales
Credit Memo,Kreditno odobrenje,module,Magento_Sales
Capture,Naplata,module,Magento_Sales
The invoice email was sent.,Email fakture je poslat.,module,Magento_Sales
The invoice email wasn't sent.,Email fakture nije poslat.,module,Magento_Sales
Invoice #%1 | %2 | %4 (%3),Faktura #%1 | %2 | %4 (%3),module,Magento_Sales
Invalid parent block for this block,Neispravan parent block for this block,module,Magento_Sales
Order Statuses,Statusi porudžbina,module,Magento_Sales
Create New Status,Kreiraj Novo Status,module,Magento_Sales
Assign Status to State,Assign Status to Država,module,Magento_Sales
Save Status Assignment,Sačuvaj dodelu statusa,module,Magento_Sales
Assign Order Status to State,Assign Porudžbina Status to Država,module,Magento_Sales
Assignment Information,Assignment Informacije,module,Magento_Sales
Order Status,Status porudžbine,module,Magento_Sales
Order State,Stanje porudžbine,module,Magento_Sales
Use Order Status As Default,Use Porudžbina Status As Podrazumevano,module,Magento_Sales
Visible On Storefront,Vidljivo na izlogu,module,Magento_Sales
Edit Order Status,Izmeni Porudžbina Status,module,Magento_Sales
Save Status,Sačuvaj status,module,Magento_Sales
New Order Status,Novi status porudžbine,module,Magento_Sales
Order Status Information,Informacije o statusu porudžbine,module,Magento_Sales
Status Code,Status Kod,module,Magento_Sales
Status Label,Oznaka statusa,module,Magento_Sales
Store View Specific Labels,Prodavnica Pregled Specific Labels,module,Magento_Sales
Total Paid,Ukupno plaćeno,module,Magento_Sales
Total Refunded,Ukupno Refunded,module,Magento_Sales
Edit,Izmeni,module,Magento_Sales
Are you sure you want to send an order email to customer?,Da li ste sigurni želite da send an order email to customer?,module,Magento_Sales
"This will create an offline refund. To create an online refund, open an invoice and create credit memo for it. Do you want to continue?","This will create an offline refund. To create an online refund, open an invoice and create credit memo for it. Do želite da continue?",module,Magento_Sales
Are you sure you want to void the payment?,Da li ste sigurni želite da void the payment?,module,Magento_Sales
Hold,Zadrži,module,Magento_Sales
Unhold,Otpusti,module,Magento_Sales
Are you sure you want to accept this payment?,Da li ste sigurni želite da accept this payment?,module,Magento_Sales
Accept Payment,Prihvati plaćanje,module,Magento_Sales
Are you sure you want to deny this payment?,Da li ste sigurni želite da deny this payment?,module,Magento_Sales
Deny Payment,Odbij plaćanje,module,Magento_Sales
Get Payment Update,Get Plaćanje Ažuriraj,module,Magento_Sales
Invoice and Ship,Fakturiši i isporuči,module,Magento_Sales
Invoice,Faktura,module,Magento_Sales
Ship,Isporuči,module,Magento_Sales
Reorder,Ponovo Naruči,module,Magento_Sales
Order # %1 %2 | %3,Porudžbina # %1 %2 | %3,module,Magento_Sales
"This order contains (%1) items and therefore cannot be edited through the admin interface. If you wish to continue editing, the (%2) items will be removed,  the order will be canceled and a new order will be placed.","This order contains (%1) items and therefore ne može be edited through the admin interface. If you wish to continue editing, the (%2) items will be removed,  the order will be canceled and a new order will be placed.",module,Magento_Sales
Are you sure? This order will be canceled and a new one will be created instead.,Da li ste sigurni? This order will be canceled and a new one will be created instead.,module,Magento_Sales
Save Gift Message,Sačuvaj Poruka za poklon,module,Magento_Sales
Update,Ažuriraj,module,Magento_Sales
[deleted],[izbrisan],module,Magento_Sales
Order Credit Memos,Kreditne napomene porudžbine,module,Magento_Sales
Shipment #%1 created,Pošiljka #%1 created,module,Magento_Sales
Shipment #%1 comment added,Pošiljka #%1 comment added,module,Magento_Sales
Invoice #%1 created,Faktura #%1 created,module,Magento_Sales
Invoice #%1 comment added,Faktura #%1 comment added,module,Magento_Sales
Comments History,Istorija komentara,module,Magento_Sales
Order History,Istorija porudžbine,module,Magento_Sales
Information,Informacije,module,Magento_Sales
Order Information,Informacije o porudžbini,module,Magento_Sales
Order Invoices,Fakture porudžbine,module,Magento_Sales
Shipments,Isporuke,module,Magento_Sales
Order Shipments,Isporuke porudžbine,module,Magento_Sales
Transactions,Transakcije,module,Magento_Sales
Order View,Pregled porudžbine,module,Magento_Sales
Any,Bilo koji,module,Magento_Sales
Specified,Definisan,module,Magento_Sales
Applies to Any of the Specified Order Statuses except canceled orders,Applies to Bilo koji of the Specified Porudžbina Statuses except canceled orders,module,Magento_Sales
Cart Price Rule,Pravilo cene korpe,module,Magento_Sales
Yes,Da,module,Magento_Sales
No,Ne,module,Magento_Sales
Show Actual Values,Prikaži stvarne vrednosti,module,Magento_Sales
New Order RSS,RSS nove porudžbine,module,Magento_Sales
Subtotal,Međuzbir,module,Magento_Sales
Discount (%1),Popust (%1),module,Magento_Sales
Discount,Popust,module,Magento_Sales
Shipping & Handling,Dostava i rukovanje,module,Magento_Sales
Grand Total,Ukupna vrednost,module,Magento_Sales
Back,Nazad,module,Magento_Sales
Fetch,Dohvati,module,Magento_Sales
N/A,N/A - nije dostupno,module,Magento_Sales
Key,Ključ,module,Magento_Sales
Value,Vrednost,module,Magento_Sales
We found an invalid entity model.,Pronašli smo neispravan model entiteta.,module,Magento_Sales
Order # %1,Porudžbina #%1,module,Magento_Sales
Back to My Orders,Povratak na Moje Narudžbe,module,Magento_Sales
View Another Order,Pogledajte još jednu porudžbinu,module,Magento_Sales
About Your Refund,About Your Povraćaj,module,Magento_Sales
My Orders,Moje porudžbine,module,Magento_Sales
You have placed no orders.,Niste izvršili nijednu porudžbinu.,module,Magento_Sales
Subscribe to Order Status,Prijavi se na status porudžbine,module,Magento_Sales
About Your Invoice,About Your Faktura,module,Magento_Sales
Print Order # %1,Štampaj Porudžbina # %1,module,Magento_Sales
Grand Total to be Charged,Ukupan iznos za naplatu,module,Magento_Sales
You sent the message.,Poslali ste poruku.,module,Magento_Sales
Sales,Prodaja,module,Magento_Sales
Invoice capturing error,Greška pri naplati fakture,module,Magento_Sales
This order no longer exists.,Ova porudžbina više ne postoji.,module,Magento_Sales
We cannot add order history.,Ne možemo dodati istoriju porudžbine.,module,Magento_Sales
You updated the order address.,Ažurirali ste adresu porudžbine.,module,Magento_Sales
You canceled the order.,Otkazali ste porudžbinu.,module,Magento_Sales
The quote item ID needs to be received. Set the ID and try again.,Navedeni ID artikla mora biti primljen. Postavi ID i pokušaj ponovo.,module,Magento_Sales
The quote item needs to be loaded. Load the item and try again.,Navedeni artikal mora biti učitan. Učitaj artikal i pokušaj ponovo.,module,Magento_Sales
New Order,Nova porudžbina,module,Magento_Sales
You created the order.,Vi ste kreirali narudžbinu.,module,Magento_Sales
Order saving error: %1,Redosled čuvanja greške: %1,module,Magento_Sales
The comment is missing. Enter and try again.,Komentar nedostaje. Pokušajte ponovo.,module,Magento_Sales
Cannot add new comment.,Nije moguće dodati novi komentar.,module,Magento_Sales
The credit memo has been canceled.,Kreditna napomena je otkazana.,module,Magento_Sales
New Memo for #%1,Novo Memo for #%1,module,Magento_Sales
New Memo,Nova napomena,module,Magento_Sales
Cannot create online refund for Refund to Store Credit.,Ne može create online refund for Povraćaj to Prodavnica Credit.,module,Magento_Sales
You created the credit memo.,Kreirali ste kreditnu napomenu.,module,Magento_Sales
We can't save the credit memo right now.,Ne možemo sačuvati kreditnu napomenu trenutno.,module,Magento_Sales
You voided the credit memo.,Poništili ste kreditnu napomenu.,module,Magento_Sales
We can't void the credit memo.,Ne možemo poništiti kreditnu napomenu.,module,Magento_Sales
The order no longer exists.,Porudžbina više ne postoji.,module,Magento_Sales
Edit Order,Izmeni porudžbinu,module,Magento_Sales
You sent the order email.,Poslali ste email porudžbine.,module,Magento_Sales
You have not put the order on hold.,Niste stavili porudžbinu na čekanje.,module,Magento_Sales
You put the order on hold.,Stavili ste porudžbinu na čekanje.,module,Magento_Sales
You canceled the invoice.,Otkazali ste fakturu.,module,Magento_Sales
Invoice canceling error,Greška pri otkazivanju fakture,module,Magento_Sales
The invoice has been captured.,Faktura je naplaćena.,module,Magento_Sales
The invoice can't be created without products. Add products and try again.,The invoice can't be created without products. Dodaj products and pokušajte ponovo.,module,Magento_Sales
New Invoice,Nova faktura,module,Magento_Sales
The invoice can't be saved at this time. Please try again later.,The invoice can't be saved at this time. Pokušajte ponovo later.,module,Magento_Sales
We can't send the shipment right now.,Ne možemo poslati isporuku trenutno.,module,Magento_Sales
You created the invoice and shipment.,Kreirali ste fakturu i isporuku.,module,Magento_Sales
The invoice has been created.,Faktura je kreirana.,module,Magento_Sales
Cannot update item quantity.,Ne može update item quantity.,module,Magento_Sales
The invoice has been voided.,Faktura je poništena.,module,Magento_Sales
Invoice voiding error,Greška pri poništavanju fakture,module,Magento_Sales
%1 order(s) cannot be canceled.,%1 order(s) ne može be canceled.,module,Magento_Sales
You cannot cancel the order(s).,Ne možete otkazati porudžbinu(e).,module,Magento_Sales
%1 order(s) were not put on hold.,%1 order(s) nisu put on hold.,module,Magento_Sales
No order(s) were put on hold.,Nijedna porudžbina nije stavljena na čekanje.,module,Magento_Sales
%1 order(s) were not released from on hold status.,%1 order(s) nisu released from on hold status.,module,Magento_Sales
No order(s) were released from on hold status.,Ne order(s) were released from on hold status.,module,Magento_Sales
%1 order(s) have been released from on hold status.,%1 order(s) su released from on hold status.,module,Magento_Sales
The payment has been accepted.,Plaćanje je prihvaćeno.,module,Magento_Sales
The payment has been denied.,Plaćanje je odbijeno.,module,Magento_Sales
Transaction has been approved.,Transakcija je odobrena.,module,Magento_Sales
Transaction has been voided/declined.,Transakcija je poništena/odbijena.,module,Magento_Sales
There is no update for the transaction.,Nema ažuriranja za transakciju.,module,Magento_Sales
We can't update the payment right now.,Ne možemo ažurirati plaćanje trenutno.,module,Magento_Sales
You assigned the order status.,Dodelili ste status porudžbine.,module,Magento_Sales
Something went wrong while assigning the order status.,Nešto nije u redu while assigning the order status.,module,Magento_Sales
We can't find this order status.,Ne možemo pronaći ovaj status porudžbine.,module,Magento_Sales
Create New Order Status,Kreiraj Novo Porudžbina Status,module,Magento_Sales
You saved the order status.,Sačuvali ste status porudžbine.,module,Magento_Sales
You have unassigned the order status.,Uklonili ste dodelu statusa porudžbine.,module,Magento_Sales
Something went wrong while unassigning the order.,Nešto nije u redu while unassigning the order.,module,Magento_Sales
Can't unhold order.,Ne može se otpustiti porudžbina.,module,Magento_Sales
The order was not on hold.,Porudžbina nije bila na čekanju.,module,Magento_Sales
Exception occurred during order load,Došlo je do greške prilikom učitavanja porudžbine,module,Magento_Sales
Something went wrong while saving the gift message.,Nešto nije u redu while saving the gift message.,module,Magento_Sales
You saved the gift card message.,Sačuvali ste poruku poklon kartice.,module,Magento_Sales
The payment has been voided.,Plaćanje je poništeno.,module,Magento_Sales
We can't void the payment right now.,Ne možemo poništiti plaćanje trenutno.,module,Magento_Sales
Please correct the transaction ID and try again.,Molimo ispravite the transaction ID and pokušajte ponovo.,module,Magento_Sales
The transaction details have been updated.,The transaction details su updated.,module,Magento_Sales
Orders and Returns,Orders and Povraćaji,module,Magento_Sales
Home,Početna,module,Magento_Sales
Go to Home Page,Idi na početnu stranicu,module,Magento_Sales
You entered incorrect data. Please try again.,You entered netačan data. Pokušajte ponovo.,module,Magento_Sales
We can't find this wish list.,Ne možemo da ažuriramo listu želja.,module,Magento_Sales
"We could not add a product to cart by the ID ""%1"".","Nismo mogli dodati proizvod u korpu po ID ""%1"".",module,Magento_Sales
Shipping Address:,Adresa za dostavu:,module,Magento_Sales
Billing Address:,Adresa za fakturisanje:,module,Magento_Sales
Please specify order items.,Navedite artikle porudžbine.,module,Magento_Sales
The shipping method is missing. Select the shipping method and try again.,Nedostaje način dostave. Odaberite način dostave i pokušajte ponovo.,module,Magento_Sales
The payment method isn't selected. Enter the payment method and try again.,The payment method isn't selected. Enter the payment method and pokušajte ponovo.,module,Magento_Sales
This payment method is not available.,Ovaj način plaćanja nije dostupan.,module,Magento_Sales
Validation is failed.,Validacija nije uspela.,module,Magento_Sales
-- Please Select --,-- Molim odaberite --,module,Magento_Sales
"Path ""%1"" is not part of allowed directory ""%2""","Putanja ""%1"" nije deo dozvoljenog direktorijuma ""%2""",module,Magento_Sales
An ID is needed. Set the ID and try again.,An ID is needed. Set the ID and pokušajte ponovo.,module,Magento_Sales
"""Invoice Document Validation Error(s):\n"" .","""Greška(e) validacije dokumenta fakture:\n"" .",module,Magento_Sales
"Could not save an invoice, see error log for details","Nije mogao save an invoice, see error log for details",module,Magento_Sales
A hold action is not available.,Radnja zadržavanja nije dostupna.,module,Magento_Sales
You cannot remove the hold.,Ne možete ukloniti čekanje.,module,Magento_Sales
We cannot cancel this order.,We ne može cancel this order.,module,Magento_Sales
Guest,Gost,module,Magento_Sales
Please enter the first name.,Molimo upišite ime.,module,Magento_Sales
Please enter the last name.,Molimo upišite prezime.,module,Magento_Sales
Please enter the street.,Unesite ulicu.,module,Magento_Sales
Please enter the city.,Unesite grad.,module,Magento_Sales
Please enter the phone number.,Unesite broj telefona.,module,Magento_Sales
Please enter the company.,Unesite kompaniju.,module,Magento_Sales
Please enter the fax number.,Unesite broj faksa.,module,Magento_Sales
Please enter the zip/postal code.,Unesite poštanski broj.,module,Magento_Sales
Please enter the country.,Unesite državu.,module,Magento_Sales
Please enter the state/province.,Molimo upišite državu/pokrajinu.,module,Magento_Sales
The entity that was requested doesn't exist. Verify the entity and try again.,The entity that was requested ne postoji. Verify the entity and pokušajte ponovo.,module,Magento_Sales
The order address couldn't be deleted.,Adresa porudžbine nije mogla biti obrisana.,module,Magento_Sales
The order address couldn't be saved.,Adresa porudžbine nije mogla biti sačuvana.,module,Magento_Sales
"""%1"" coupon code was not applied. Do not apply discount is selected for item(s)","Kupon kod ""%1"" nije primenjen. Opcija ""Ne primenjuj popust"" je izabrana za stavku(e)",module,Magento_Sales
"The ""%1"" coupon code isn't valid. Verify the code and try again.","Kupon kod ""%1"" nije važeći. Proverite kod i pokušajte ponovo.",module,Magento_Sales
The coupon code has been accepted.,Kod kupona je prihvaćen.,module,Magento_Sales
Pending,Na čekanju,module,Magento_Sales
Refunded,Povraćen novac,module,Magento_Sales
Canceled,Otkazano,module,Magento_Sales
Unknown State,Nepoznato stanje,module,Magento_Sales
Could not delete the comment.,Nije moguće izbrisati komentar.,module,Magento_Sales
Could not save the creditmemo comment.,Ne moguće sačuvati kredit memorandum komentar.,module,Magento_Sales
"We found an invalid quantity to refund item ""%1"".","Pronađena je nevažeća količina za povraćaj stavke ""%1"".",module,Magento_Sales
The creditmemo contains incorrect product items.,The creditmemo contains netačan product items.,module,Magento_Sales
Could not delete the credit memo item.,Nije mogao delete the credit memo item.,module,Magento_Sales
Could not save the credit memo item.,Nije mogao save the credit memo item.,module,Magento_Sales
Order Id is required for creditmemo document,Porudžbina Id je obavezno for creditmemo document,module,Magento_Sales
You can't create a creditmemo without products.,Ne možete create a creditmemo without products.,module,Magento_Sales
"The creditmemo contains product SKU ""%1"" that is not part of the original order.","Kreditno odobrenje sadrži SKU proizvoda ""%1"" koji nije deo originalne porudžbine.",module,Magento_Sales
"The quantity to creditmemo must not be greater than the unrefunded quantity for product SKU ""%1"".","Količina za kreditno odobrenje ne sme biti veća od nevraćene količine za SKU proizvoda ""%1"".",module,Magento_Sales
The credit memo couldn't be deleted.,Kreditna napomena nije mogla biti obrisana.,module,Magento_Sales
The credit memo couldn't be saved.,Kreditna napomena nije mogla biti sačuvana.,module,Magento_Sales
Paid,Plaćeno,module,Magento_Sales
We cannot register an existing invoice,Ne možemo registrovati postojeću fakturu,module,Magento_Sales
Could not delete the invoice comment.,Nije mogao delete the invoice comment.,module,Magento_Sales
Could not save the invoice comment.,Nije mogao save the invoice comment.,module,Magento_Sales
Could not delete the invoice item.,Nije mogao delete the invoice item.,module,Magento_Sales
Could not save the invoice item.,Nije mogao save the invoice item.,module,Magento_Sales
Order Id is required for invoice document,Porudžbina Id je obavezno for invoice document,module,Magento_Sales
"The quantity to invoice must not be greater than the uninvoiced quantity for product SKU ""%1"".","Količina za fakturu ne sme biti veća od nefakturisane količine za SKU proizvoda ""%1"".",module,Magento_Sales
Unknown Status,Nepoznat Status,module,Magento_Sales
Ordered,Porućeno,module,Magento_Sales
Shipped,Isporučeno,module,Magento_Sales
Invoiced,Faktura,module,Magento_Sales
Backordered,Dopunjeno,module,Magento_Sales
Returned,Vraćeno,module,Magento_Sales
Partial,Delimično,module,Magento_Sales
Mixed,Mešovito,module,Magento_Sales
"IPN ""Refunded"". Refund issued by merchant. Registered notification about refunded amount of %1. Transaction ID: ""%2"". Credit Memo has not been created. Please create offline Credit Memo.","IPN ""Refundovano"". Povraćaj izdat od strane trgovca. Registrovano obaveštenje o refundiranom iznosu od %1. ID transakcije: ""%2"". Kreditno odobrenje nije kreirano. Molimo kreirajte offline kreditno odobrenje.",module,Magento_Sales
The credit memo has been created automatically.,The credit memo je created automatically.,module,Magento_Sales
Canceled order online,Otkazana porudžbina na mreži,module,Magento_Sales
Canceled order offline,Otkazana porudžbina van mreže,module,Magento_Sales
Approved the payment online.,Odobren the payment online.,module,Magento_Sales
There is no update for the payment.,Nema ažuriranja za plaćanje.,module,Magento_Sales
Voided authorization.,Poništena autorizacija.,module,Magento_Sales
Amount: %1.,Iznos: %1.,module,Magento_Sales
"Transaction ID: ""%1""","ID transakcije: ""%1""",module,Magento_Sales
The payment disallows storing objects.,Plaćanje ne dozvoljava čuvanje objekata.,module,Magento_Sales
"The transaction ""%1"" cannot be captured yet.","Transakcija ""%1"" još uvek ne može biti realizovana.",module,Magento_Sales
Payment transactions disallow storing objects.,Plaćanje transactions disallow storing objects.,module,Magento_Sales
"The transaction ""%1"" (%2) is already closed.","Transakcija ""%1"" (%2) je već zatvorena.",module,Magento_Sales
Order,Porudžbina,module,Magento_Sales
Authorization,Autorizacija,module,Magento_Sales
"We found an unsupported transaction type ""%1"".","Pronađen je nepodržan tip transakcije ""%1"".",module,Magento_Sales
Please enter a Transaction ID.,Molimo unesite a Transaction ID.,module,Magento_Sales
You can't do this without a transaction object.,Ne možete do this without a transaction object.,module,Magento_Sales
Order #,Porudžbina #,module,Magento_Sales
Order Date:,Datum porudžbine:,module,Magento_Sales
Sold to:,Prodato za:,module,Magento_Sales
Ship to:,Dostavi za:,module,Magento_Sales
Payment Method:,Način Plaćanja:,module,Magento_Sales
Shipping Method:,Način dostave:,module,Magento_Sales
Total Shipping Charges,Ukupni troškovi dostave,module,Magento_Sales
Title,Naslov,module,Magento_Sales
Number,Broj,module,Magento_Sales
We found an invalid renderer model.,We found an neispravan renderer model.,module,Magento_Sales
"We don't recognize the draw line data. Please define the ""lines"" array.","Ne prepoznajemo podatke linije crtanja. Molimo definišite niz ""lines"".",module,Magento_Sales
Products,Proizvodi,module,Magento_Sales
Total (ex),Ukupno (bez),module,Magento_Sales
Qty,Kol,module,Magento_Sales
Tax,Porez,module,Magento_Sales
Total (inc),Ukupno (sa),module,Magento_Sales
Credit Memo #,Kreditna napomena #,module,Magento_Sales
Invoice #,Faktura #,module,Magento_Sales
The order object is not specified.,Objekat porudžbine nije naveden.,module,Magento_Sales
The source object is not specified.,Izvorni objekat nije naveden.,module,Magento_Sales
An item object is not specified.,Objekat artikla nije naveden.,module,Magento_Sales
Excl. Tax,Bez poreza,module,Magento_Sales
Incl. Tax,Iznos sa PDV,module,Magento_Sales
Packing Slip #,Otpremnica #,module,Magento_Sales
title,naslov,module,Magento_Sales
The PDF total model %1 must be or extend \Magento\Sales\Model\Order\Pdf\Total\DefaultTotal.,The PDF total model %1 must be or extend \Magento\Prodaja\Model\Porudžbina\Pdf\Ukupno\DefaultTotal.,module,Magento_Sales
We cannot register an existing shipment,Ne možemo registrovati postojeću isporuku,module,Magento_Sales
Could not delete the shipment comment.,Nije mogao delete the shipment comment.,module,Magento_Sales
Could not save the shipment comment.,Nije mogao save the shipment comment.,module,Magento_Sales
Could not delete the shipment item.,Nije mogao delete the shipment item.,module,Magento_Sales
Could not save the shipment item.,Nije mogao save the shipment item.,module,Magento_Sales
"The ""%1"" validator is not an instance of the general validator interface.","Validator ""%1"" nije instanca opšteg interfejsa validatora.",module,Magento_Sales
Parent shipment cannot be loaded for track object.,Parent shipment ne može be loaded for track object.,module,Magento_Sales
Could not delete the shipment tracking.,Nije mogao delete the shipment tracking.,module,Magento_Sales
Could not save the shipment tracking.,Nije mogao save the shipment tracking.,module,Magento_Sales
Order Id is required for shipment document,Porudžbina Id je obavezno for shipment document,module,Magento_Sales
You can't create a shipment without products.,Ne možete create a shipment without products.,module,Magento_Sales
"The shipment contains product SKU ""%1"" that is not part of the original order.","Pošiljka sadrži SKU proizvoda ""%1"" koji nije deo originalne porudžbine.",module,Magento_Sales
"The quantity to ship must not be greater than the unshipped quantity for product SKU ""%1"".","Količina za isporuku ne sme biti veća od neisporučene količine za SKU proizvoda ""%1"".",module,Magento_Sales
Please enter a tracking number.,Molimo unesite Unesite broj za praćenje.,module,Magento_Sales
The shipment couldn't be deleted.,Isporuka nije mogla biti obrisana.,module,Magento_Sales
The shipment couldn't be saved.,Isporuka nije mogla biti sačuvana.,module,Magento_Sales
Could not delete the order status history.,Nije mogao delete the order status history.,module,Magento_Sales
Could not save the order status history.,Nije mogao save the order status history.,module,Magento_Sales
The total model should be extended from \Magento\Sales\Model\Order\Total\AbstractTotal.,The total model should be extended from \Magento\Prodaja\Model\Porudžbina\Ukupno\AbstractTotal.,module,Magento_Sales
An invoice cannot be created when an order has a status of %1,An invoice ne može be created when an order has a status of %1,module,Magento_Sales
A shipment cannot be created when an order has a status of %1,A shipment ne može be created when an order has a status of %1,module,Magento_Sales
"""Creditmemo Document Validation Error(s):\n"" .","""Greška(e) validacije dokumenta kreditne napomene:\n"" .",module,Magento_Sales
"Could not save a Creditmemo, see error log for details","Nije mogao save a Kreditno odobrenje, see error log for details",module,Magento_Sales
We cannot determine the field name.,Ne možemo da utvrdimo naziv polja.,module,Magento_Sales
City,Grad,module,Magento_Sales
Company,Kompanija,module,Magento_Sales
Country,Država,module,Magento_Sales
Email,E-pošta,module,Magento_Sales
First Name,Ime,module,Magento_Sales
Last Name,Prezime,module,Magento_Sales
State/Province,Država,module,Magento_Sales
Street Address,Adresa,module,Magento_Sales
Phone Number,Broj telefona,module,Magento_Sales
Zip/Postal Code,Poštanski broj,module,Magento_Sales
We can't save the address:\n%1,Ne možemo sačuvati adresu:\n%1,module,Magento_Sales
Cannot save comment:\n%1,Ne može save comment:\n%1,module,Magento_Sales
We cannot create an empty shipment.,Ne možemo kreirati praznu isporuku.,module,Magento_Sales
Cannot save track:\n%1,Ne može se sačuvati praćenje:\n%1,module,Magento_Sales
New Orders,Nove porudžbine,module,Magento_Sales
Order #%1 created at %2,Porudžbina #%1 created at %2,module,Magento_Sales
Details for %1 #%2,Detalji for %1 #%2,module,Magento_Sales
Notified Date: %1,Notified Datum: %1,module,Magento_Sales
Total: %1<br/>,Ukupno: %1<br/>,module,Magento_Sales
Order # %1 Notification(s),Porudžbina # %1 Obaveštenje(s),module,Magento_Sales
You can not cancel Credit Memo,Ne možete otkazati kreditnu napomenu,module,Magento_Sales
We cannot register an existing credit memo.,We ne može register an existing credit memo.,module,Magento_Sales
"We found an invalid quantity to invoice item ""%1"".","Pronađena je nevažeća količina za fakturisanje stavke ""%1"".",module,Magento_Sales
"The Order State ""%1"" must not be set manually.","Status porudžbine ""%1"" ne sme biti postavljen ručno.",module,Magento_Sales
"""Shipment Document Validation Error(s):\n"" .","""Greška(e) validacije dokumenta isporuke:\n"" .",module,Magento_Sales
"Could not save a shipment, see error log for details","Nije mogao save a shipment, see error log for details",module,Magento_Sales
VAT Request Identifier,Identifikator zahteva za PIB,module,Magento_Sales
VAT Request Date,Datum zahteva za PIB,module,Magento_Sales
Pending Payment,Plaćanje na čekanju,module,Magento_Sales
Processing,Obrada,module,Magento_Sales
On Hold,Na čekanju,module,Magento_Sales
Complete,Završeno,module,Magento_Sales
Closed,Zatvoreno,module,Magento_Sales
Suspected Fraud,Sumnja na prevaru,module,Magento_Sales
Payment Review,Pregled plaćanja,module,Magento_Sales
New,Novo,module,Magento_Sales
This product is out of stock.,Ovaj proizvod nemamo na stanju.,module,Magento_Sales
Product doesn't exist,Proizvod ne postoji,module,Magento_Sales
test message,tekstualna poruka,module,Magento_Sales
Email has not been sent,Email nije poslan,module,Magento_Sales
Sample message.,Primer poruke.,module,Magento_Sales
View,Pregled,module,Magento_Sales
Group was removed,Grupa je uklonjena,module,Magento_Sales
Update Totals,Ažuriraj ukupne vrednosti,module,Magento_Sales
"Changing address information will not recalculate shipping, tax or other order amount.","Promenom podataka o adresi neće se preračunati iznos poštarine, poreza ili drugog naloga.",module,Magento_Sales
Comment Text,Tekst komentara,module,Magento_Sales
Notify Customer by Email,Obavesti Kupca Mejlom,module,Magento_Sales
Visible on Storefront,Vidljivo na izlogu,module,Magento_Sales
Customer,Kupac,module,Magento_Sales
Notified,Obavešten,module,Magento_Sales
Not Notified,Nije obavešteno,module,Magento_Sales
No Payment Methods,Način plaćanja,module,Magento_Sales
Order Comments,Komentari porudžbine,module,Magento_Sales
Apply Coupon Code,Primeni kod kupona,module,Magento_Sales
Apply,Primeni,module,Magento_Sales
Remove Coupon Code,Uklonite kod kupona,module,Magento_Sales
Remove,Ukloni,module,Magento_Sales
Address Information,Informacija o Adresi,module,Magento_Sales
Payment &amp; Shipping Information,Informacije o plaćanju i dostavi,module,Magento_Sales
Order Total,Ukupan iznos,module,Magento_Sales
Order Currency:,Osnovna Valuta:,module,Magento_Sales
Same As Billing Address,Adresa je ista kao i za Fakturu,module,Magento_Sales
Select from existing customer addresses:,Izaberite između postojećih adresa kupaca:,module,Magento_Sales
Add New Address,Dodajte novu adresu,module,Magento_Sales
You don't need to select a shipping address.,Ne morate da odaberete adresu za isporuku.,module,Magento_Sales
Gift Message for the Entire Order,Poklon Opcije za Celu Porudžbinu,module,Magento_Sales
Leave this box blank if you don't want to leave a gift message for the entire order.,Ostavite ovo polje prazno ako ne želite da ostavite poklon poruku za celu porudžbinu.,module,Magento_Sales
Row Subtotal,Red međuzbira,module,Magento_Sales
Action,Akcija,module,Magento_Sales
No ordered items,Nema porućenih artikala,module,Magento_Sales
Update Items and Quantities,Ažuriranje stavki i količine,module,Magento_Sales
Total %1 product(s),Ukupno %1 proizvod(a),module,Magento_Sales
Subtotal:,Međuzbir:,module,Magento_Sales
Tier Pricing,Cenovnik za sloj,module,Magento_Sales
Custom Price,Prilagođena cena,module,Magento_Sales
Please select,Izaberite,module,Magento_Sales
Move to Shopping Cart,Dodaj u korpu,module,Magento_Sales
Move to Wish List,Prebaci u listu želja,module,Magento_Sales
Subscribe to Newsletter,Prijavi se na Newsletter,module,Magento_Sales
Click to change shipping method,Kliknite da biste promenili način isporuke,module,Magento_Sales
You don't need to select a shipping method.,Ne morate da odaberete adresu za isporuku.,module,Magento_Sales
Customer's Activities,Aktivnost Korisnika,module,Magento_Sales
Refresh,Osveži,module,Magento_Sales
Item,Artikal,module,Magento_Sales
Add To Order,Dodaj u narudžbu,module,Magento_Sales
Configure and Add to Order,Configure and Dodaj to Porudžbina,module,Magento_Sales
No items,Nema artikala,module,Magento_Sales
Append Comments,Dodaj komentare,module,Magento_Sales
Email Order Confirmation,Potvrda porudžbine emailom,module,Magento_Sales
Grand Total Excl. Tax,Ukupno bez Poreza,module,Magento_Sales
Grand Total Incl. Tax,Ukupno s Porezom,module,Magento_Sales
Subtotal (Excl. Tax),Međuzbir (Excl. Porez),module,Magento_Sales
Subtotal (Incl. Tax),Međuzbir (Incl. Porez),module,Magento_Sales
Payment &amp; Shipping Method,Način plaćanja i dostave,module,Magento_Sales
Payment Information,Informacije o Plaćanju,module,Magento_Sales
Shipping Information,Informacije o dostavi,module,Magento_Sales
Items to Refund,Stavke za Povrat,module,Magento_Sales
Return to Stock,Povratak na zalihe,module,Magento_Sales
Qty to Refund,Kol za Povrat,module,Magento_Sales
Tax Amount,Iznos poreza,module,Magento_Sales
Discount Amount,Iznos popusta,module,Magento_Sales
Row Total,Red ukupno,module,Magento_Sales
No Items To Refund,Nema artikala za refundaciju,module,Magento_Sales
Credit Memo Comments,Kreditno odobrenje Comments,module,Magento_Sales
Refund Totals,Ukupno refundacije,module,Magento_Sales
Email Copy of Credit Memo,E-pošta Kopiraj of Kreditno odobrenje,module,Magento_Sales
Please enter a positive number in this field.,Molimo unesite a positive number in this field.,module,Magento_Sales
Items Refunded,Refundirani artikli,module,Magento_Sales
No Items,Nema artikala,module,Magento_Sales
Memo Total,Ukupno napomene,module,Magento_Sales
Credit Memo History,Kreditno odobrenje History,module,Magento_Sales
Credit Memo Totals,Kreditno odobrenje Totals,module,Magento_Sales
Customer Name: %1,Kupac Naziv: %1,module,Magento_Sales
Gift Message,Poklon poruka,module,Magento_Sales
From:,Od:,module,Magento_Sales
To:,Za:,module,Magento_Sales
Message:,Poruka:,module,Magento_Sales
Shipping &amp; Handling,Dostava i rukovanje,module,Magento_Sales
Gift Options,Poklon Opcije,module,Magento_Sales
Create Shipment,Kreiraj isporuku,module,Magento_Sales
Invoice and shipment types do not match for some items on this order. You can create a shipment only after creating the invoice.,Faktura and shipment types do not match for some items on this order. You can create a shipment only after creating the invoice.,module,Magento_Sales
Qty to Invoice,Količina za fakturisanje,module,Magento_Sales
Invoice History,Istorija fakture,module,Magento_Sales
Invoice Comments,Faktura Comments,module,Magento_Sales
Invoice Totals,Faktura Totals,module,Magento_Sales
Amount,Iznos,module,Magento_Sales
Capture Online,Naplata na mreži,module,Magento_Sales
Not Capture,Nije naplaćeno,module,Magento_Sales
Email Copy of Invoice,E-pošta Kopiraj of Faktura,module,Magento_Sales
Invoice Date,Faktura Datum,module,Magento_Sales
Transaction ID,ID тransakcije,module,Magento_Sales
Items Invoiced,Fakturisani artikli,module,Magento_Sales
Total Due,Dospelo za naplatu,module,Magento_Sales
Total Tax,Ukupan porez,module,Magento_Sales
From Name,From Naziv,module,Magento_Sales
To Name,To Naziv,module,Magento_Sales
Comment,Komentar,module,Magento_Sales
Notification Not Applicable,Obaveštenje nije primenljivo,module,Magento_Sales
Order & Account Information,Informacije o porudžbini i nalogu,module,Magento_Sales
The order confirmation email was sent,Email potvrde porudžbine je poslat,module,Magento_Sales
Order Date,Datum porudžbine,module,Magento_Sales
Order Date (%1),Datum porudžbine (%1),module,Magento_Sales
Purchased From,Kupljeno iz,module,Magento_Sales
Link to the New Order,Link ka novoj porudžbini,module,Magento_Sales
Link to the Previous Order,Link ka prethodnoj porudžbini,module,Magento_Sales
Placed from IP,Poručeno sa IP,module,Magento_Sales
Edit Customer,Izmeni Kupac,module,Magento_Sales
Customer Name,Kupac Naziv,module,Magento_Sales
Customer Group,Grupa kupaca,module,Magento_Sales
Notes for this Order,Beleške za ovu porudžbinu,module,Magento_Sales
Comment added,Komentar dodat,module,Magento_Sales
Parent Transaction ID,ID roditeljske transakcije,module,Magento_Sales
Order ID,ID porudžbine,module,Magento_Sales
Transaction Type,Vrsta transakcije,module,Magento_Sales
Is Closed,Zatvoreno je,module,Magento_Sales
Created At,Kreirano,module,Magento_Sales
Child Transactions,Podređene transakcije,module,Magento_Sales
Transaction Details,Detalji transakcije,module,Magento_Sales
Items,Stavke,module,Magento_Sales
Gift Message for this Order,Poruka za poklon for this Porudžbina,module,Magento_Sales
Shipped By,Isporučio,module,Magento_Sales
Tracking Number,Broj za praćenje,module,Magento_Sales
Billing Last Name,Prezime za Naplatu,module,Magento_Sales
Find Order By,Pronađi porudžbinu po,module,Magento_Sales
ZIP Code,Poštanski broj,module,Magento_Sales
Billing ZIP Code,Poštanski broj za naplatu,module,Magento_Sales
Continue,Nastavi,module,Magento_Sales
Print All Refunds,Štampaj sve refundacije,module,Magento_Sales
Refund #,Refundacija #,module,Magento_Sales
Print Refund,Štampaj refundaciju,module,Magento_Sales
Product Name,Naziv proizvoda,module,Magento_Sales
Order #,Porudžbina #,module,Magento_Sales
Date,Datum,module,Magento_Sales
Actions,Radnje,module,Magento_Sales
View Order,Pregledaj porudžbinu,module,Magento_Sales
No shipping information available,Ne shipping information available,module,Magento_Sales
Print Order,Štampanje narudžbine,module,Magento_Sales
Print All Invoices,Štampaj sve fakture,module,Magento_Sales
Invoice #,Faktura #,module,Magento_Sales
Print Invoice,Štampaj fakturu,module,Magento_Sales
Qty Invoiced,Fakturisana kol.,module,Magento_Sales
Close,Zatvori,module,Magento_Sales
About Your Order,O vašoj porudžbini,module,Magento_Sales
"<span class=""label"">Order Date:</span> %1","<span class=""label"">Datum porudžbine:</span> %1",module,Magento_Sales
Refund #%1,Povrat #%1,module,Magento_Sales
Shipment #%1,Pošiljke #%1,module,Magento_Sales
Qty Shipped,Isporučena kol.,module,Magento_Sales
Recent Orders,Nedavne porudžbine,module,Magento_Sales
View All,Prikaži svе,module,Magento_Sales
Ship To,Dostava Na,module,Magento_Sales
Gift Message for This Order,Poklon poruka za ovu porudžbinu,module,Magento_Sales
Recently Ordered,Nedavne porudžbine,module,Magento_Sales
Add to Cart,Dodaj u korpu,module,Magento_Sales
Product is not salable.,Proizvod nije dostupan.,module,Magento_Sales
Search,Pretraga,module,Magento_Sales
File not found,Datoteka nije pronađeno,module,Magento_SampleData
Search Term,Pojmovi za pretragu,module,Magento_Search
Results,Rezultati,module,Magento_Search
Uses,Upotrebljeno,module,Magento_Search
Search Terms,Pojmovi za pretragu,module,Magento_Search
Search Synonyms,Sinonimi pretrage,module,Magento_Search
New Synonym Group,Nova grupa sinonima,module,Magento_Search
Back,Nazad,module,Magento_Search
Are you sure you want to delete this synonym group?,Da li ste sigurni želite da delete this synonym group?,module,Magento_Search
Delete Synonym Group,Obriši Synonym Grupa,module,Magento_Search
Reset,Resetovati,module,Magento_Search
Save and Continue Edit,Sačuvaj i nastavi uređivanje,module,Magento_Search
Save Synonym Group,Sačuvaj grupu sinonima,module,Magento_Search
Search,Pretraga,module,Magento_Search
Add New Search Term,Dodaj novi termin za pretragu,module,Magento_Search
Save Search,Sačuvaj pretragu,module,Magento_Search
Delete Search,Obriši Pretraga,module,Magento_Search
Edit Search '%1',Izmeni Pretraga '%1',module,Magento_Search
New Search,Novo Pretraga,module,Magento_Search
Search Information,Informacije o pretrazi,module,Magento_Search
General Information,Opšte informacije,module,Magento_Search
No,Ne,module,Magento_Search
Yes,Da,module,Magento_Search
Search Query,Upit za pretragu,module,Magento_Search
Store,Prodavnica,module,Magento_Search
Redirect URL,Preusmjeravanje URL,module,Magento_Search
The synonym group has been deleted.,Grupa sinonima je obrisana.,module,Magento_Search
Edit Synonym Group,Izmeni Synonym Grupa,module,Magento_Search
Synonym Group,Grupa sinonima,module,Magento_Search
Failed to delete %1 synonym group(s).,Neuspešno delete %1 synonym group(s).,module,Magento_Search
A total of %1 synonym group(s) have been deleted.,A total of %1 synonym group(s) su deleted.,module,Magento_Search
Search synonyms are not supported by the %1 search engine. Any synonyms you enter won't be used.,Pretraga synonyms are not supported by the %1 search engine. Bilo koji synonyms you enter won't be used.,module,Magento_Search
You saved the synonym group.,Sačuvali ste grupu sinonima.,module,Magento_Search
"The terms you entered, (%1), belong to 1 existing synonym group, %2. Select the ""Merge existing synonyms"" checkbox so the terms can be merged.","Termini koje ste uneli, (%1), pripadaju 1 postojećoj grupi sinonima, %2. Označite polje ""Spoji postojeće sinonime"" da bi termini mogli biti spojeni.",module,Magento_Search
"The terms you entered, (%1), belong to %2 existing synonym groups, %3 and %4. Select the ""Merge existing synonyms"" checkbox so the terms can be merged.","Termini koje ste uneli, (%1), pripadaju %2 postojeće grupe sinonima, %3 i %4. Označite polje ""Spoji postojeće sinonime"" da bi termini mogli biti spojeni.",module,Magento_Search
You deleted the search.,Obrisali ste pretragu.,module,Magento_Search
This search no longer exists.,Ova pretraga više ne postoji.,module,Magento_Search
Edit Search,Izmeni Pretraga,module,Magento_Search
Please select searches.,Molimo izaberite searches.,module,Magento_Search
Total of %1 record(s) were deleted.,Ukupno %1 zapis(a) je obrisano.,module,Magento_Search
Reports,Izveštaji,module,Magento_Search
Search Terms Report,Izveštaj pojmova pretrage,module,Magento_Search
You saved the search term.,Sačuvali ste pojam pretrage.,module,Magento_Search
Something went wrong while saving the search query.,Nešto nije u redu while saving the search query.,module,Magento_Search
--Please Select--,--- Molimo odaberite ---,module,Magento_Search
"The synonym group with the ""%1"" ID can't be deleted. %2","Grupa sinonima sa ID ""%1"" ne može biti obrisana. %2",module,Magento_Search
Merge conflict with existing synonym group(s): %1,Spoji conflict with existing synonym group(s): %1,module,Magento_Search
Delete,Obrisati,module,Magento_Search
Are you sure you want to delete synonym group with id: %1?,Da li ste sigurni želite da delete synonym group with id: %1?,module,Magento_Search
View/Edit,Pregled/Promena,module,Magento_Search
All Websites,Sve Web lokacije,module,Magento_Search
All Store Views,Svi pregledi prodavnica,module,Magento_Search
All Store Views,Svi pregledi prodavnica,module,Magento_Search
Search entire store here...,Ovde Pretražite celu prodavnicu...,module,Magento_Search
There are no search terms available.,Nema dostupnih pojmova pretrage.,module,Magento_Search
Account Activity,Nalog Activity,module,Magento_Security
All other open sessions for this account were terminated.,Sve other open sessions for this account were terminated.,module,Magento_Security
Your account is temporarily disabled. Please try again later.,Your account is temporarily disabled. Pokušajte ponovo later.,module,Magento_Security
Your current session has been expired.,Vaša trenutna sesija je istekla.,module,Magento_Security
By IP and Email,By IP and E-pošta,module,Magento_Security
By Email,By E-pošta,module,Magento_Security
None,Ništa,module,Magento_Security
Expiration Date,Datum isteka,module,Magento_Security
We received too many requests for password resets. Please wait and try again later or contact %1.,We received too many requests for password resets. Sačekajte and pokušajte ponovo later or contact %1.,module,Magento_Security
Incorrect Security Checker class. It has to implement SecurityCheckerInterface,Netačan Security Checker class. It has to implement SecurityCheckerInterface,module,Magento_Security
The account sign-in was incorrect or your account is disabled temporarily. Please wait and try again later.,Ulogovali ste se sa pogrešnom šifrom ili je Vaš nalog privremeno onemogućen. Molimo sačekajte i pokušajte ponovo kasnije.,module,Magento_Security
some error,neka greška,module,Magento_Security
This administrator account is open in more than one location. Note that other locations might be different browsers or sessions on the same computer.,This administrator account is open in more than one location. Napomena that other locations might be different browsers or sessions on the same computer.,module,Magento_Security
IP Address,IP Adresa,module,Magento_Security
Time of session start,Vreme of session start,module,Magento_Security
Are you sure that you want to log out all other sessions?,Da li ste sigurni that želite da log out all other sessions?,module,Magento_Security
Log out all other sessions,Odjavi sve druge sesije,module,Magento_Security
The product that was requested doesn't exist. Verify the product and try again.,Traženi proizvod ne postoji. Proverite proizvod i pokušajte kasnije.,module,Magento_SendFriendGraphQl
Please provide Name for all of recipients.,Molimo obezbedite Naziv for all of recipients.,module,Magento_SendFriendGraphQl
Please provide Email for all of recipients.,Molimo obezbedite E-pošta for all of recipients.,module,Magento_SendFriendGraphQl
Please provide Name of sender.,Molimo obezbedite Naziv of sender.,module,Magento_SendFriendGraphQl
Please provide Email of sender.,Molimo obezbedite E-pošta of sender.,module,Magento_SendFriendGraphQl
Please provide Message.,Molimo obezbedite Message.,module,Magento_SendFriendGraphQl
You can't send messages more than %1 times an hour.,Ne možete send messages more than %1 times an hour.,module,Magento_SendFriendGraphQl
Page not found.,Stranica nije pronađena.,module,Magento_SendFriend
You can't send messages more than %1 times an hour.,Ne možete send messages more than %1 times an hour.,module,Magento_SendFriend
Some emails were not sent.,Some emails nisu sent.,module,Magento_SendFriend
Incorrect CAPTCHA,Neispravna CAPTCHA,module,Magento_SendFriend
Please enter a sender name.,Molimo unesite a sender name.,module,Magento_SendFriend
Invalid Sender Email,Neispravan Sender E-pošta,module,Magento_SendFriend
Please enter a message.,Molimo unesite a message.,module,Magento_SendFriend
Please specify at least one recipient.,Molimo navedite at least one recipient.,module,Magento_SendFriend
Please enter a correct recipient email address.,Molimo unesite a correct recipient email address.,module,Magento_SendFriend
No more than %1 emails can be sent at a time.,Ne more than %1 emails can be sent at a time.,module,Magento_SendFriend
Invalid Sender Information,Neispravan Sender Informacije,module,Magento_SendFriend
IP Address,IP Adresa,module,Magento_SendFriend
Remove Recipent,Ukloni Recipent,module,Magento_SendFriend
Remove,Ukloni,module,Magento_SendFriend
Name,Ime,module,Magento_SendFriend
Email,E-pošta,module,Magento_SendFriend
* Required Fields,* Obavezna polja,module,Magento_SendFriend
Sender,Pošiljalac,module,Magento_SendFriend
Message,Poruka,module,Magento_SendFriend
Invitee,Pozivnice,module,Magento_SendFriend
Add Invitee,Dodaj Pozivnicu,module,Magento_SendFriend
Send Email,Pošalji email,module,Magento_SendFriend
Back,Nazad,module,Magento_SendFriend
New Shipment for Order #%1,Novo Pošiljka for Porudžbina #%1,module,Magento_Shipping
Submit Shipment,Pošaljite pošiljku,module,Magento_Shipping
Products should be added to package(s),Proizvodi treba da budu dodati u paket(e),module,Magento_Shipping
Add Tracking Number,Broj za praćenje,module,Magento_Shipping
Custom Value,Prilagođene vrednosti,module,Magento_Shipping
Add,Dodaj,module,Magento_Shipping
Are you sure you want to send a Shipment email to customer?,Da li ste sigurni želite da send a Pošiljka email to customer?,module,Magento_Shipping
Send Tracking Information,Pošaljite informacije o praćenju,module,Magento_Shipping
Print,Ispišite,module,Magento_Shipping
the shipment email was sent,email isporuke je poslat,module,Magento_Shipping
the shipment email is not sent,email isporuke nije poslat,module,Magento_Shipping
Shipment #%1 | %3 (%2),Pošiljka #%1 | %3 (%2),module,Magento_Shipping
Create Shipping Label...,Kreiraj nalepnicu za dostavu...,module,Magento_Shipping
Print Shipping Label,Štampaj nalepnicu za dostavu,module,Magento_Shipping
Show Packages,Prikaži pakete,module,Magento_Shipping
Delivered on:,Dostavljeno:,module,Magento_Shipping
About Your Shipment,O vašoj pošiljci,module,Magento_Shipping
Order # %1,Porudžbina #%1,module,Magento_Shipping
Back to My Orders,Povratak na Moje Narudžbe,module,Magento_Shipping
View Another Order,Pogledajte još jednu porudžbinu,module,Magento_Shipping
The comment is missing. Enter and try again.,Komentar nedostaje. Pokušajte ponovo.,module,Magento_Shipping
Cannot add new comment.,Nije moguće dodati novi komentar.,module,Magento_Shipping
Please specify a carrier.,Navedite operatera.,module,Magento_Shipping
Please enter a tracking number.,Molimo unesite Unesite broj za praćenje.,module,Magento_Shipping
Shipments,Isporuke,module,Magento_Shipping
Cannot add tracking number.,Ne može se dodati broj za praćenje.,module,Magento_Shipping
You created the shipping label.,Kreirali ste nalepnicu za dostavu.,module,Magento_Shipping
An error occurred while creating shipping label.,Došlo je do greške while creating shipping label.,module,Magento_Shipping
You sent the shipment.,Poslali ste isporuku.,module,Magento_Shipping
Cannot send shipment information.,Ne mogu se poslati informacije o isporuci.,module,Magento_Shipping
New Shipment,Nova isporuka,module,Magento_Shipping
We can't delete tracking number.,Ne možemo obrisati broj za praćenje.,module,Magento_Shipping
We can't save the shipment right now.,Ne možemo sačuvati isporuku trenutno.,module,Magento_Shipping
"""Shipment Document Validation Error(s):\n"" .","""Greška(e) validacije dokumenta isporuke:\n"" .",module,Magento_Shipping
The shipment has been created.,Isporuka je kreirana.,module,Magento_Shipping
Cannot save shipment.,Ne može se sačuvati isporuka.,module,Magento_Shipping
The order no longer exists.,Porudžbina više ne postoji.,module,Magento_Shipping
Cannot do shipment for the order separately from invoice.,Ne može do shipment for the order separately from invoice.,module,Magento_Shipping
Cannot do shipment for the order.,Ne može se izvršiti isporuka za porudžbinu.,module,Magento_Shipping
Page not found.,Stranica nije pronađena.,module,Magento_Shipping
Tracking Information,Informacije o praćenju,module,Magento_Shipping
The shipping module is not available.,Modul dostave nije dostupan.,module,Magento_Shipping
This shipping method is not available. Please specify the zip code.,This shipping method is not available. Molimo navedite the zip code.,module,Magento_Shipping
No packages for request,Nema pakovanja za zahtev,module,Magento_Shipping
The security validation of the XML document has failed.,Sigurnosna validacija za XML dokument nije uspeo.,module,Magento_Shipping
All Allowed Countries,Sve Allowed Countries,module,Magento_Shipping
Specific Countries,Određene zemlje,module,Magento_Shipping
Packages,Paketi,module,Magento_Shipping
Package,Paket,module,Magento_Shipping
Type,Tip,module,Magento_Shipping
Length,Dužina,module,Magento_Shipping
Customs Value,Carinska vrednost,module,Magento_Shipping
Width,Širina,module,Magento_Shipping
Contents,Sadržaj,module,Magento_Shipping
Total Weight,Ukupna težina,module,Magento_Shipping
Height,Visina,module,Magento_Shipping
Size,Veličina,module,Magento_Shipping
Girth,Obim,module,Magento_Shipping
Items in the Package,Predmeti u paketu,module,Magento_Shipping
Product,Proizvod,module,Magento_Shipping
Weight,Težina,module,Magento_Shipping
Qty Ordered,Naručena količina,module,Magento_Shipping
Qty,Kol,module,Magento_Shipping
"No detail for number ""%1""","Nema detalja za broj ""%1""",module,Magento_Shipping
Shipping labels is not available.,Nalepnice za dostavu nisu dostupne.,module,Magento_Shipping
Response info is not exist.,Informacije o odgovoru ne postoje.,module,Magento_Shipping
"The ""%1"" carrier is invalid. Verify and try again.","Kurir ""%1"" je nevažeći. Proverite i pokušajte ponovo.",module,Magento_Shipping
Shipping labels can't be created. Verify that the store information and settings are complete and try again.,Dostava labels can't be created. Verify that the store information and settings are complete and pokušajte ponovo.,module,Magento_Shipping
Per Order,Po porudžbini,module,Magento_Shipping
Per Package,Po paketu,module,Magento_Shipping
Fixed,Fiksno,module,Magento_Shipping
Percent,Procenat,module,Magento_Shipping
Tracking information is unavailable.,Praćenje pošiljke trenutno nije dostupno.,module,Magento_Shipping
message,poruka,module,Magento_Shipping
Email has not been sent,Email nije poslan,module,Magento_Shipping
Payment &amp; Shipping Method,Način plaćanja i dostave,module,Magento_Shipping
Payment Information,Informacije o Plaćanju,module,Magento_Shipping
Shipping Information,Informacije o dostavi,module,Magento_Shipping
Total Shipping Charges,Ukupni troškovi dostave,module,Magento_Shipping
Incl. Tax,Iznos sa PDV,module,Magento_Shipping
Items to Ship,Artikli za isporuku,module,Magento_Shipping
Qty to Ship,Količina za slanje,module,Magento_Shipping
Ship,Isporuči,module,Magento_Shipping
Shipment Total,Detalji isporuke,module,Magento_Shipping
Shipment Comments,Komentari isporuke,module,Magento_Shipping
Comment Text,Tekst komentara,module,Magento_Shipping
Shipment Options,Opcije isporuke,module,Magento_Shipping
Create Shipping Label,Kreiraj nalepnicu za dostavu,module,Magento_Shipping
Append Comments,Dodaj komentare,module,Magento_Shipping
Email Copy of Shipment,E-pošta Kopiraj of Pošiljka,module,Magento_Shipping
Invalid value(s) for Qty to Ship,Neispravan value(s) for Kol to Ship,module,Magento_Shipping
Select All,Izaberi sve,module,Magento_Shipping
Product Name,Naziv proizvoda,module,Magento_Shipping
Delete,Obrisati,module,Magento_Shipping
Create Packages,Kreiraj pakete,module,Magento_Shipping
Cancel,Odustani,module,Magento_Shipping
Save,Sačuvaj,module,Magento_Shipping
Add Package,Dodaj paket,module,Magento_Shipping
Add Selected Product(s) to Package,Dodaj Selected Proizvod(s) to Package,module,Magento_Shipping
Add Products to Package,Dodaj proizvode u paket,module,Magento_Shipping
in,u,module,Magento_Shipping
Delete Package,Obriši paket,module,Magento_Shipping
Carrier,Prevoznik,module,Magento_Shipping
Title,Naslov,module,Magento_Shipping
Number,Broj,module,Magento_Shipping
Action,Akcija,module,Magento_Shipping
Are you sure?,Da li ste sigurni?,module,Magento_Shipping
Shipping &amp; Handling Information,Informacije o dostavi i rukovanju,module,Magento_Shipping
Track Order,Prati porudžbinu,module,Magento_Shipping
No shipping information available,Ne shipping information available,module,Magento_Shipping
Shipping and Tracking Information,Informacije o dostavi i praćenju,module,Magento_Shipping
Track this shipment,Prati ovu isporuku,module,Magento_Shipping
Items Shipped,Isporučeni artikli,module,Magento_Shipping
Order Total,Ukupan iznos,module,Magento_Shipping
Shipment History,Istorija isporuke,module,Magento_Shipping
Qty Shipped,Isporučena kol.,module,Magento_Shipping
Print All Shipments,Štampaj sve isporuke,module,Magento_Shipping
Shipment #,Isporuke #,module,Magento_Shipping
Print Shipment,Štampaj isporuku,module,Magento_Shipping
Tracking Number(s):,Broj za praćenje:,module,Magento_Shipping
SKU,Šifra,module,Magento_Shipping
Order tracking,Praćenje porudžbina,module,Magento_Shipping
Tracking Number:,Broj za praćenje:,module,Magento_Shipping
Carrier:,Kurirska služba:,module,Magento_Shipping
Error:,Greška:,module,Magento_Shipping
Tracking information is currently not available. Please,Informacije o praćenju Pošiljke trenutno nisu dostupne. Molimo vas,module,Magento_Shipping
contact us,kontaktirajte nas,module,Magento_Shipping
for more information or,za više informacija ili,module,Magento_Shipping
email us at,pošaljite nam e-mail na,module,Magento_Shipping
Info:,Informacija:,module,Magento_Shipping
Track:,Prati:,module,Magento_Shipping
N/A,N/A - nije dostupno,module,Magento_Shipping
There is no tracking available for this shipment.,Ovde nije dostupno praćenje za ovu pošiljku.,module,Magento_Shipping
There is no tracking available.,Nije dostupno praćenje pošiljke.,module,Magento_Shipping
Close Window,Zatvori prozor,module,Magento_Shipping
Track history,Prati istoriju,module,Magento_Shipping
Location,Lokacija,module,Magento_Shipping
Date,Datum,module,Magento_Shipping
Local Time,Lokalno vreme,module,Magento_Shipping
Description,Opis,module,Magento_Shipping
Save & Generate,Sačuvaj & Generate,module,Magento_Sitemap
Edit Sitemap,Izmeni Mapa sajta,module,Magento_Sitemap
New Sitemap,Novo Mapa sajta,module,Magento_Sitemap
Sitemap Information,Mapa sajta Informacije,module,Magento_Sitemap
Sitemap,Mapa sajta,module,Magento_Sitemap
Path,Putanja,module,Magento_Sitemap
Store View,Prikaz prodavnice,module,Magento_Sitemap
Generate,Generiši,module,Magento_Sitemap
XML Sitemap,XML mapa sajta,module,Magento_Sitemap
Add Sitemap,Dodaj Mapa sajta,module,Magento_Sitemap
Catalog,Katalog,module,Magento_Sitemap
Site Map,Mapa sajta,module,Magento_Sitemap
New Site Map,Novo Mapa sajta,module,Magento_Sitemap
"The sitemap ""%1"" has been generated.","Mapa sajta ""%1"" je generisana.",module,Magento_Sitemap
Always,Uvek,module,Magento_Sitemap
Daily,Dnevno,module,Magento_Sitemap
Weekly,Sedmično,module,Magento_Sitemap
Monthly,Mesečno,module,Magento_Sitemap
Never,Nikada,module,Magento_Sitemap
File handler unreachable,Datoteka handler unreachable,module,Magento_Sitemap
"Please create the specified folder ""%1"" before saving the sitemap.","Molimo kreirajte navedeni folder ""%1"" pre čuvanja mape sajta.",module,Magento_Sitemap
"Please make sure that ""%1"" is writable by the web-server.","Molimo proverite da ""%1"" može da piše veb server.",module,Magento_Sitemap
"Please use only letters (a-z or A-Z), numbers (0-9) or underscores (_) in the filename. No spaces or other characters are allowed.","Please use only letters (a-z or A-Z), numbers (0-9) or underscores (_) in the filename. Ne spaces or other characters are allowed.",module,Magento_Sitemap
None,Ništa,module,Magento_Sitemap
All,Sve,module,Magento_Sitemap
Invalid store requested.,Neispravna prodavnica zahtevana.,module,Magento_Store
Current store is not active.,Trenutna prodavnica nije aktivna.,module,Magento_Store
Requested store is inactive,Tražena prodavnica je neaktivna,module,Magento_Store
The store that was requested wasn't found. Verify the store and try again.,The store that was requested wasn't found. Verify the store and pokušajte ponovo.,module,Magento_Store
The website wasn't found. Verify the website and try again.,The website wasn't found. Verify the website and pokušajte ponovo.,module,Magento_Store
The group wasn't found. Verify the group and try again.,The group wasn't found. Verify the group and pokušajte ponovo.,module,Magento_Store
The store wasn't found. Verify the store and try again.,The store wasn't found. Verify the store and pokušajte ponovo.,module,Magento_Store
"The class for ""%1"" type wasn't declared. Enter the class and try again.","Klasa za ""%1"" tip nije upisana. Unesite klasu i pokušajte ponovo.",module,Magento_Store
%1 should implement %2,%1 treba da implementira %2,module,Magento_Store
The scope object is invalid. Verify the scope object and try again.,The scope object is neispravan. Verify the scope object and pokušajte ponovo.,module,Magento_Store
Group with the same code,Grupa sa istim kodom,module,Magento_Store
Store with the same code,Prodavnica sa istim kodom,module,Magento_Store
Website with the same code,Veb sajt sa istim kodom,module,Magento_Store
"Website code may only contain letters (a-z), numbers (0-9) or underscore (_), and the first character must be a letter.","Veb sajt code may only contain letters (a-z), numbers (0-9) or underscore (_), and the first character must be a letter.",module,Magento_Store
Store is inactive,Prodavnica je neaktivna,module,Magento_Store
Invalid store parameter.,Neispravan parametar prodavnice.,module,Magento_Store
Default store is inactive,Podrazumevana prodavnica je neaktivna,module,Magento_Store
The store cannot be switched.,Prodavnica ne može biti promenjena.,module,Magento_Store
Something went wrong.,Nešto krenulo naopako.,module,Magento_Store
All Store Views,Svi pregledi prodavnica,module,Magento_Store
-- Please Select --,-- Molim odaberite --,module,Magento_Store
Name is required,Naziv je obavezan,module,Magento_Store
The default website isn't defined. Set the website and try again.,The default website isn't defined. Set the website and pokušajte ponovo.,module,Magento_Store
The default website is invalid. Make sure no more than one default is defined and try again.,The default website is neispravan. Make sure no more than one default is defined and pokušajte ponovo.,module,Magento_Store
Your Language:,Your Jezik:,module,Magento_Store
Your Language,Your Jezik,module,Magento_Store
Language,Jezik,module,Magento_Store
Select Store,Izaberi prodavnicu,module,Magento_Store
Unknown schema type supplied,Nepoznat schema type supplied,module,Magento_Swagger
Page not found.,Stranica nije pronađena.,module,Magento_Swagger
Admin is a required field in each row,Admin je zatražio polje u svakom redu,module,Magento_Swatches
Update Product Preview Image,Ažuriraj Proizvod Pregled Slika,module,Magento_Swatches
Use Product Image for Swatch if Possible,Use Proizvod Slika for Swatch if Possible,module,Magento_Swatches
Visual Swatch,Vizuelni uzorak,module,Magento_Swatches
Text Swatch,Tekstualni uzorak,module,Magento_Swatches
Manage Swatch (Values of Your Attribute),Manage Swatch (Values of Your Atribut),module,Magento_Swatches
Is Default,Je podrazumevano,module,Magento_Swatches
Add Swatch,Dodaj Swatch,module,Magento_Swatches
Sort Option,Opciju sortiranja,module,Magento_Swatches
Swatch,Uzorak,module,Magento_Swatches
Description,Opis,module,Magento_Swatches
Delete,Obrisati,module,Magento_Swatches
The value of Admin must be unique.,Vrednost atributa Admin mora biti jedinstven.,module,Magento_Swatches
Choose a color,Izaberi a color,module,Magento_Swatches
Upload a file,Otpremi a file,module,Magento_Swatches
Clear,Očisti,module,Magento_Swatches
Step 2: Attribute Values,Korak 2: Vrednosti Atributa,module,Magento_Swatches
Select from the following attribute values for this product. Each unique combination of values creates a unique product SKU.,Izaberi from the following attribute values for this product. Each unique combination of values creates a unique product SKU.,module,Magento_Swatches
Sort Variations,Sortiranje Varijacija,module,Magento_Swatches
Options,Opcije,module,Magento_Swatches
Select All,Izaberi sve,module,Magento_Swatches
Deselect All,Opozovi sve izbore,module,Magento_Swatches
Remove Attribute,Ukloni Atribut,module,Magento_Swatches
Save Option,Sačuvaj Opciju,module,Magento_Swatches
Remove Option,Ukloni Opciju,module,Magento_Swatches
Create New Value,Kreiraj Novu Vrednost,module,Magento_Swatches
Code,Kod,module,Magento_TaxImportExport
Country,Država,module,Magento_TaxImportExport
State,Država,module,Magento_TaxImportExport
Zip/Post Code,Poštanski broj/Post Kod,module,Magento_TaxImportExport
Zip/Post is Range,Poštanski broj/Post is Range,module,Magento_TaxImportExport
Tax Zones and Rates,Porez Zones and Rates,module,Magento_TaxImportExport
Import and Export Tax Rates,Uvezi and Izvezi Porez Rates,module,Magento_TaxImportExport
The tax rate has been imported.,The tax rate je imported.,module,Magento_TaxImportExport
Invalid file upload attempt,Neispravan file upload attempt,module,Magento_TaxImportExport
Invalid file upload attempt.,Neispravan file upload attempt.,module,Magento_TaxImportExport
Invalid file format.,Neispravan file format.,module,Magento_TaxImportExport
Country code is invalid: %1,Zemlja code is neispravan: %1,module,Magento_TaxImportExport
Import Tax Rates,Uvezi Porez Rates,module,Magento_TaxImportExport
Export Tax Rates,Izvezi Porez Rates,module,Magento_TaxImportExport
Tax Rate Information,Porez Rate Informacije,module,Magento_Tax
Tax Identifier,Porez Identifier,module,Magento_Tax
Zip/Post is Range,Poštanski broj/Post is Range,module,Magento_Tax
Zip/Post Code,Poštanski broj/Post Kod,module,Magento_Tax
State,Država,module,Magento_Tax
Country,Država,module,Magento_Tax
Tax Titles,Porez Titles,module,Magento_Tax
Add New Tax Rate,Dodaj Novo Porez Rate,module,Magento_Tax
Back,Nazad,module,Magento_Tax
Reset,Resetovati,module,Magento_Tax
Are you sure you want to do this?,Jeste li sigurni da želite da uradite ovo?,module,Magento_Tax
Delete Rate,Obriši Rate,module,Magento_Tax
Save Rate,Sačuvaj Rate,module,Magento_Tax
Manage Tax Rules,Manage Porez Rules,module,Magento_Tax
Add New Tax Rule,Dodaj Novo Porez Rule,module,Magento_Tax
Save Rule,Sačuvaj Rule,module,Magento_Tax
Delete Rule,Obriši Pravilo,module,Magento_Tax
Save and Continue Edit,Sačuvaj i nastavi uređivanje,module,Magento_Tax
Tax Rule Information,Porez Rule Informacije,module,Magento_Tax
Name,Ime,module,Magento_Tax
Customer Tax Class,Kupac Porez Class,module,Magento_Tax
Product Tax Class,Proizvod Porez Class,module,Magento_Tax
Tax Rate,Porez Rate,module,Magento_Tax
Priority,Prioritet,module,Magento_Tax
"Tax rates at the same priority are added, others are compounded.","Porez rates at the same priority are added, others are compounded.",module,Magento_Tax
Calculate Off Subtotal Only,Calculate Isključeno Međuzbir Only,module,Magento_Tax
Sort Order,Redosled porudžbina,module,Magento_Tax
Add New Tax Class,Dodaj Novo Porez Class,module,Magento_Tax
Shipping Incl. Tax (%1),Dostava Incl. Porez (%1),module,Magento_Tax
Shipping Excl. Tax (%1),Dostava Excl. Porez (%1),module,Magento_Tax
Subtotal (Excl.Tax),Međuzbir (Excl.Porez),module,Magento_Tax
Subtotal (Incl.Tax),Međuzbir (Incl.Porez),module,Magento_Tax
Shipping & Handling (Excl.Tax),Dostava & Handling (Excl.Porez),module,Magento_Tax
Shipping & Handling (Incl.Tax),Dostava & Handling (Incl.Porez),module,Magento_Tax
Grand Total (Excl.Tax),Grand Ukupno (Excl.Porez),module,Magento_Tax
Grand Total (Incl.Tax),Grand Ukupno (Incl.Porez),module,Magento_Tax
Sales,Prodaja,module,Magento_Tax
Tax,Porez,module,Magento_Tax
Manage Tax Rates,Manage Porez Rates,module,Magento_Tax
New Tax Rate,Novo Porez Rate,module,Magento_Tax
Tax Zones and Rates,Porez Zones and Rates,module,Magento_Tax
An error occurred while loading this tax rate.,Došlo je do greške while loading this tax rate.,module,Magento_Tax
We can't delete this rate because of an incorrect rate ID.,We can't delete this rate because of an netačan rate ID.,module,Magento_Tax
Something went wrong deleting this rate.,Nešto nije u redu deleting this rate.,module,Magento_Tax
Edit Tax Rate,Izmeni Porez Rate,module,Magento_Tax
Tax Rules,Porez Rules,module,Magento_Tax
An error occurred while loading tax rates.,Došlo je do greške while loading tax rates.,module,Magento_Tax
The tax rule has been deleted.,The tax rule je deleted.,module,Magento_Tax
This rule no longer exists.,Ovo pravilo se više ne postoji.,module,Magento_Tax
Something went wrong deleting this tax rule.,Nešto nije u redu deleting this tax rule.,module,Magento_Tax
New Tax Rule,Novo Porez Rule,module,Magento_Tax
Edit Rule,Izmeni Pravilo,module,Magento_Tax
New Rule,Novo pravilo,module,Magento_Tax
Invalid name of tax class specified.,Neispravan name of tax class specified.,module,Magento_Tax
The required information is invalid. Verify the information and try again.,The required information is neispravan. Verify the information and pokušajte ponovo.,module,Magento_Tax
The Rate Percent is invalid. Enter a positive number and try again.,The Rate Percent is neispravan. Enter a positive number and pokušajte ponovo.,module,Magento_Tax
The ZIP Code length is invalid. Verify that the length is nine characters or fewer and try again.,The ZIP Kod length is neispravan. Verify that the length is nine characters or fewer and pokušajte ponovo.,module,Magento_Tax
The ZIP Code is invalid. Use numbers only.,The ZIP Kod is neispravan. Use numbers only.,module,Magento_Tax
"""%fieldName"" is required. Enter and try again.","""%imePolja"" je obavezno. Unesite i probajte ponovo.",module,Magento_Tax
"Invalid value of ""%value"" provided for the %fieldName field.","Neispravna vrednost u ""%value"" obezbeđenoj za %fieldName polje.",module,Magento_Tax
You cannot delete this tax class because it is used in Tax Rules. You have to delete the rules it is used in first.,You ne može delete this tax class because it is used in Porez Rules. You have to delete the rules it is used in first.,module,Magento_Tax
You cannot delete this tax class because it is used in existing %1(s).,You ne može delete this tax class because it is used in existing %1(s).,module,Magento_Tax
Shipping Address,Adresa za isporuku,module,Magento_Tax
Billing Address,Adresa za fakturisanje,module,Magento_Tax
Shipping Origin,Dostava Origin,module,Magento_Tax
No (price without tax),Ne (price without tax),module,Magento_Tax
Yes (only price with tax),Da (only price with tax),module,Magento_Tax
Both (without and with tax),Oba (without and with tax),module,Magento_Tax
Invalid attribute %1,Nevažeći atribut %1,module,Magento_Tax
Code,Kod,module,Magento_Tax
Invalid type supplied,Neispravan type supplied,module,Magento_Tax
Grand Total (Excl. Tax),Grand Ukupno (Excl. Porez),module,Magento_Tax
Grand Total (Incl. Tax),Grand Ukupno (Incl. Porez),module,Magento_Tax
Shipping (Excl. Tax),Dostava (Excl. Porez),module,Magento_Tax
Shipping (Incl. Tax),Dostava (Incl. Porez),module,Magento_Tax
Subtotal (Excl. Tax),Međuzbir (Excl. Porez),module,Magento_Tax
Subtotal (Incl. Tax),Međuzbir (Incl. Porez),module,Magento_Tax
Subtotal,Međuzbir,module,Magento_Tax
Unit Price,Cena po Jedinici,module,Magento_Tax
Row Total,Red ukupno,module,Magento_Tax
Total,Ukupno,module,Magento_Tax
Before Discount,Before Popust,module,Magento_Tax
After Discount,After Popust,module,Magento_Tax
Excluding Tax,Excluding Porez,module,Magento_Tax
Including Tax,Including Porez,module,Magento_Tax
None,Ništa,module,Magento_Tax
Including and Excluding Tax,Including and Excluding Porez,module,Magento_Tax
"To apply the discount on prices including tax and apply the tax after discount, set Catalog Prices to “Including Tax”.","To apply the discount on prices including tax and apply the tax after discount, set Katalog Prices to “Including Porez”.",module,Magento_Tax
Store(s) affected:,Prodavnica(s) affected:,module,Magento_Tax
"Click on the link to <a href=""%1"">ignore this notification</a>","Kliknite na link da <a href=""%1"">ignorišete ovo obaveštenje</a>",module,Magento_Tax
"With customer tax applied “Before Discount”, the final discount calculation may not match customers’ expectations.","With customer tax applied “Before Popust”, the final discount calculation may not match customers’ expectations.",module,Magento_Tax
"Please see <a href=""%1"">documentation</a> for more details.","Molimo pogledajte <a href=""%1"">dokumentaciju</a> za više detalja.",module,Magento_Tax
"Click here to go to <a href=""%1"">Tax Configuration</a> and change your settings.","Kliknite ovde da odete na <a href=""%1"">Konfiguraciju poreza</a> i promenite podešavanja.",module,Magento_Tax
"Invalid type of tax class ""%1""","Nevažeći tip poreske klase ""%1""",module,Magento_Tax
Incl. Tax,Iznos sa PDV,module,Magento_Tax
Cannot save titles,Ne može save titles,module,Magento_Tax
Something went wrong,Nešto nije u redu,module,Magento_Tax
Could not save,Nije mogao save,module,Magento_Tax
No such entity,Ne such entity,module,Magento_Tax
Excl. Tax,Bez poreza,module,Magento_Tax
Note:,Napomena:,module,Magento_Tax
An error occurred,Došlo je do greške,module,Magento_Tax
Save,Sačuvaj,module,Magento_Tax
Add New Class,Dodaj Novo Class,module,Magento_Tax
Grand Total Excl. Tax,Ukupno bez Poreza,module,Magento_Tax
Grand Total Incl. Tax,Ukupno s Porezom,module,Magento_Tax
Back,Nazad,module,Magento_Theme
Save and Continue,Sačuvaj i nastavi,module,Magento_Theme
Save Configuration,Sačuvaj Konfiguracija,module,Magento_Theme
Default,Podrazumevani,module,Magento_Theme
Themes,Teme,module,Magento_Theme
Save and Continue Edit,Sačuvaj i nastavi uređivanje,module,Magento_Theme
Are you sure you want to delete this theme?,Da li ste sigurni želite da delete this theme?,module,Magento_Theme
Theme: %1,Tema: %1,module,Magento_Theme
New Theme,Nova Tema,module,Magento_Theme
Theme CSS,CSS teme,module,Magento_Theme
Theme CSS Assets,Tema CSS Assets,module,Magento_Theme
Select CSS File to Upload,Izaberi CSS Datoteka to Otpremi,module,Magento_Theme
Upload CSS File,Otpremi CSS fajl,module,Magento_Theme
Download CSS File,Preuzmi CSS Datoteka,module,Magento_Theme
Manage,Upravljaj,module,Magento_Theme
Upload Images,Ubaci Slike,module,Magento_Theme
Upload Fonts,Otpremi Fonts,module,Magento_Theme
Edit custom.css,Izmeni custom.css,module,Magento_Theme
Theme Settings,Podešavanja teme,module,Magento_Theme
Parent Theme,Roditeljska tema,module,Magento_Theme
Theme Path,Putanja teme,module,Magento_Theme
Theme Title,Naslov teme,module,Magento_Theme
Theme Preview Image,Pregled slike teme,module,Magento_Theme
General,Opšte,module,Magento_Theme
Copy of %1,Kopiraj of %1,module,Magento_Theme
Theme JavaScript,JavaScript teme,module,Magento_Theme
Select JS Files to Upload,Izaberi JS Files to Otpremi,module,Magento_Theme
Upload JS Files,Otpremi JS fajlove,module,Magento_Theme
Theme,Tema,module,Magento_Theme
Media Storage,Skladište Media sadržaja,module,Magento_Theme
Create Folder,Kreiraj direktorijum,module,Magento_Theme
Delete Folder,Izbrišite fasciklu,module,Magento_Theme
Delete File,Izbriši datoteku,module,Magento_Theme
Insert File,Ubaci Datoteka,module,Magento_Theme
New Folder Name:,Novi Naziv Foldera:,module,Magento_Theme
Are you sure you want to delete this folder?,Da li ste sigurni da želite da izbrišete ovaj folder?,module,Magento_Theme
Are you sure you want to delete this file?,Da li ste sigurni da želite da obrišete ovu datoteku?,module,Magento_Theme
Global,Globalno,module,Magento_Theme
Design Configuration,Konfiguracija dizajna,module,Magento_Theme
Page not found.,Stranica nije pronađena.,module,Magento_Theme
You saved the configuration.,Sačuvali ste konfiguraciju.,module,Magento_Theme
Something went wrong while saving this configuration:,Došlo je do greške prilikom čuvanja ove konfiguracije:,module,Magento_Theme
"We cannot find a theme with id ""%1"".","Ne možemo pronaći temu sa ID ""%1"".",module,Magento_Theme
You deleted the theme.,Obrisali ste temu.,module,Magento_Theme
We cannot delete the theme.,Ne možemo obrisati temu.,module,Magento_Theme
"File not found: ""%1"".","Datoteka nije pronađena: ""%1"".",module,Magento_Theme
"We cannot find theme ""%1"".","Ne možemo pronaći temu ""%1"".",module,Magento_Theme
We cannot find the theme.,Ne možemo pronaći temu.,module,Magento_Theme
This theme is not editable.,Ova tema nije za uređivanje.,module,Magento_Theme
You saved the theme.,Sačuvali ste temu.,module,Magento_Theme
We can't upload the CSS file right now.,Ne možemo otpremiti CSS fajl trenutno.,module,Magento_Theme
We can't upload the JS file right now.,Ne možemo otpremiti JS fajl trenutno.,module,Magento_Theme
"Sorry, something went wrong. That's all we know.","Sorry, nešto nije u redu. That's all we know.",module,Magento_Theme
Invalid type,Neispravan tip,module,Magento_Theme
"The ""%1"" path doesn't exist. Verify and try again.","""%1"" putanja ne postoji. Proverite i pokušajte ponovo.",module,Magento_Theme
The scope or scope ID is invalid. Verify both and try again.,The scope or scope ID is neispravan. Verify both and pokušajte ponovo.,module,Magento_Theme
"Invalid regular expression: ""%1"".","Nevažeći regularni izraz: ""%1"".",module,Magento_Theme
"The backend model isn't specified for ""%1"".","Model pozadine nije naveden za ""%1"".",module,Magento_Theme
"The ""%templateName"" template contains an incorrect configuration, with a reference to itself. Remove or change the reference, then try again.","Šablon ""%templateName"" sadrži neispravnu konfiguraciju, sa referencom na sebe. Uklonite ili promenite referencu, zatim pokušajte ponovo.",module,Magento_Theme
The config can't be saved because it's empty. Complete the config and try again.,The config can't be saved because it's empty. Završen the config and pokušajte ponovo.,module,Magento_Theme
label,oznaka,module,Magento_Theme
-- Please Select --,-- Molim odaberite --,module,Magento_Theme
Copy,Kopiraj,module,Magento_Theme
Theme id should be set,Tema id should be set,module,Magento_Theme
"Circular-reference in theme inheritance detected for ""%1""","Kružna referenca u nasleđivanju teme otkrivena za ""%1""",module,Magento_Theme
We can't upload the file right now.,Ne možemo otpremiti fajl trenutno.,module,Magento_Theme
We cannot find a directory with this name.,We ne može find a directory with this name.,module,Magento_Theme
Theme isn't deletable.,Tema isn't deletable.,module,Magento_Theme
Exception message,Poruka o izuzeću,module,Magento_Theme
Message,Poruka,module,Magento_Theme
Test Label,Test oznaka,module,Magento_Theme
Edit,Izmeni,module,Magento_Theme
View,Pregled,module,Magento_Theme
We found no files.,Nismo pronašli nijedan fajl.,module,Magento_Theme
Remove,Ukloni,module,Magento_Theme
Help Us Keep Magento Healthy,Pomozite nam da održimo Magento zdravim,module,Magento_Theme
Report All Bugs,Report Sve Bugs,module,Magento_Theme
Toggle Nav,Uključi/isključi navigaciju,module,Magento_Theme
Loading...,Učitavanje...,module,Magento_Theme
This is a demo store. No orders will be fulfilled.,This is a demo store. Ne orders will be fulfilled.,module,Magento_Theme
%1 Item,%1 stavka,module,Magento_Theme
%1 Item(s),%1 artikal/artikala,module,Magento_Theme
Page,Stranica,module,Magento_Theme
Previous,Prethodni,module,Magento_Theme
You're currently reading page,Trenutno čitate stranicu,module,Magento_Theme
Next,Sledeće,module,Magento_Theme
Show,Prikaži,module,Magento_Theme
per page,po stranici,module,Magento_Theme
About the calendar,O kalendaru,module,Magento_Theme
Close,Zatvori,module,Magento_Theme
Go Today,Idem danas,module,Magento_Theme
Time,Vreme,module,Magento_Theme
Hour,Sat,module,Magento_Theme
Minute,Minut,module,Magento_Theme
"Error while translating phrase ""%s"" in file %s.","Greška prilikom prevođenja fraze ""%s"" u datoteci %s.",module,Magento_Translation
"Error while generating js translation dictionary: ""%s""","Greška prilikom generisanja js prevodilačkog rečnika: ""%s""",module,Magento_Translation
Username,Korisničko ime,module,Magento_TwoFactorAuth
The account sign-in was incorrect or your account is disabled temporarily. Please wait and try again later.,Ulogovali ste se sa pogrešnom šifrom ili je Vaš nalog privremeno onemogućen. Molimo sačekajte i pokušajte ponovo kasnije.,module,Magento_TwoFactorAuth
Apply,Primeni,module,Magento_TwoFactorAuth
"Condition type ""%1"" is not allowed","Tip uslova ""%1"" nije dozvoljen",module,Magento_Ui
Insert Images...,Ubaci Images...,module,Magento_Ui
"The ""formElement"" configuration parameter is required for the ""%1"" field.","Parametar konfiguracije ""formElement"" je obavezan za polje ""%1"".",module,Magento_Ui
Remove %1,Ukloni %1,module,Magento_Ui
Add New %1,Dodaj Novo %1,module,Magento_Ui
New %1,Novo %1,module,Magento_Ui
An item needs to be selected. Select and try again.,Morate odabrati artikl. Odaberite i pokušajte ponovo.,module,Magento_Ui
"'The XML in file ""%1"" is invalid:' . ""\n%2\nVerify the XML and try again.""","'XML u datoteci ""%1"" je neispravan:' . ""\n%2\nVerify the XML and try again.""",module,Magento_Ui
"'The XML in file ""%1"" is invalid.' . ""\n%2\nVerify the XML and try again.""","'XML u datoteci ""%1"" je nevažeći.' . ""\n%2\nProverite XML i pokušajte ponovo.""",module,Magento_Ui
UI component could not be rendered because of system exception,UI component nije mogao be rendered because of system exception,module,Magento_Ui
"The parameter ""class"" is missing. Set the ""class"" and try again.","Parametar ""class"" nedostaje. Postavite ""class"" i pokušajte ponovo.",module,Magento_Ui
"The parameter ""sortOrder"" is missing. Set the ""sortOrder"" and try again.","Parametar ""sortOrder"" nedostaje. Postavite ""sortOrder"" i pokušajte ponovo.",module,Magento_Ui
"The ""%1"" UI component element name is invalid. Verify the name and try again.","Naziv elementa UI komponente ""%1"" je nevažeći. Proverite naziv i pokušajte ponovo.",module,Magento_Ui
"The bookmark with ""%1"" ID doesn't exist. Verify your information and try again.","Zabeleška sa ID ""%1"" ne postoji. Proverite svoje podatke i pokušajte ponovo.",module,Magento_Ui
"The """" UI component element name is invalid. Verify the name and try again.","Naziv elementa UI komponente """" je nevažeći. Proverite naziv i pokušajte ponovo.",module,Magento_Ui
Select,Izaberite,module,Magento_Ui
Cancel,Odustani,module,Magento_Ui
Back,Nazad,module,Magento_Ui
Next,Sledeće,module,Magento_Ui
UPS Next Day Air,UPS Sledeći Day Air,module,Magento_Ups
UPS Three-Day Select,UPS Three-Day Izaberi,module,Magento_Ups
UPS Next Day Air Saver,UPS Sledeći Day Air Saver,module,Magento_Ups
UPS Next Day Air Early A.M.,UPS Sledeći Day Air Early A.M.,module,Magento_Ups
Next Day Air Early AM,Sledeći Day Air Early AM,module,Magento_Ups
Next Day Air Early AM Letter,Sledeći Day Air Early AM Letter,module,Magento_Ups
Next Day Air,Sledeći Day Air,module,Magento_Ups
Next Day Air Letter,Sledeći Day Air Letter,module,Magento_Ups
Next Day Air Intra (Puerto Rico),Sledeći Day Air Intra (Puerto Rico),module,Magento_Ups
Next Day Air Saver,Sledeći Day Air Saver,module,Magento_Ups
Next Day Air Saver Letter,Sledeći Day Air Saver Letter,module,Magento_Ups
3 Day Select,3 Day Izaberi,module,Magento_Ups
Ground,Zemlja,module,Magento_Ups
Customer Packaging,Kupac Packaging,module,Magento_Ups
Customer Supplied Package,Kupac Supplied Package,module,Magento_Ups
Pounds,Funte,module,Magento_Ups
Kilograms,Kilogrami,module,Magento_Ups
"Sorry, something went wrong. Please try again or contact us and we'll try to help.","Sorry, nešto nije u redu. Pokušajte ponovo or contact us and we'll try to help.",module,Magento_Ups
"We can't convert a rate from ""%1-%2"".",Ne može da se konvertuje po stopi od „%1-%2”.,module,Magento_Ups
Empty response,Prazan odgovor,module,Magento_Ups
No packages for request,Nema pakovanja za zahtev,module,Magento_Ups
Signature Required,Signature Obavezno,module,Magento_Ups
Adult Signature Required,Adult Signature Obavezno,module,Magento_Ups
Not Required,Nije Zahtevano,module,Magento_Ups
None,Ništa,module,Magento_Ups
label,oznaka,module,Magento_Ups
Cannot retrieve shipping rates,Ne može retrieve shipping rates,module,Magento_Ups
"""url"" argument should be specified and not empty","Argument ""url"" treba da bude naveden i neprazan",module,Magento_UrlRewriteGraphQl
"""model"" value should be specified","Vrednost ""modela"" treba biti određena",module,Magento_UrlRewriteGraphQl
Edit URL Rewrite for a Category,Izmeni Prepravka URL-a for a Kategorija,module,Magento_UrlRewrite
Add URL Rewrite for a Category,Dodaj Prepravka URL-a for a Kategorija,module,Magento_UrlRewrite
Category:,Kategorija:,module,Magento_UrlRewrite
Edit URL Rewrite for a Product,Izmeni Prepravka URL-a for a Proizvod,module,Magento_UrlRewrite
Add URL Rewrite for a Product,Dodaj Prepravka URL-a for a Proizvod,module,Magento_UrlRewrite
Product:,Proizvod:,module,Magento_UrlRewrite
Skip Category Selection,Skip Kategorija Selection,module,Magento_UrlRewrite
Name,Ime,module,Magento_UrlRewrite
SKU,Šifra,module,Magento_UrlRewrite
Edit URL Rewrite for CMS page,Izmeni Prepravka URL-a for CMS page,module,Magento_UrlRewrite
Add URL Rewrite for CMS page,Dodaj Prepravka URL-a for CMS page,module,Magento_UrlRewrite
Title,Naslov,module,Magento_UrlRewrite
URL Key,URL Ključ,module,Magento_UrlRewrite
Store View,Prikaz prodavnice,module,Magento_UrlRewrite
Edit URL Rewrite,Izmeni Prepravka URL-a,module,Magento_UrlRewrite
Add New URL Rewrite,Dodaj Novo Prepravka URL-a,module,Magento_UrlRewrite
Reset,Resetovati,module,Magento_UrlRewrite
Back,Nazad,module,Magento_UrlRewrite
Delete,Obrisati,module,Magento_UrlRewrite
Are you sure you want to do this?,Jeste li sigurni da želite da uradite ovo?,module,Magento_UrlRewrite
Save,Sačuvaj,module,Magento_UrlRewrite
Block Information,Blok informacija,module,Magento_UrlRewrite
URL Rewrite Information,Prepravka URL-a Informacije,module,Magento_UrlRewrite
Request Path,Zahtev Path,module,Magento_UrlRewrite
Redirect Type,Redirect Tip,module,Magento_UrlRewrite
Description,Opis,module,Magento_UrlRewrite
Store,Prodavnica,module,Magento_UrlRewrite
URL Rewrite Management,Prepravka URL-a Management,module,Magento_UrlRewrite
Add URL Rewrite,Dodaj Prepravka URL-a,module,Magento_UrlRewrite
Custom,Izborno,module,Magento_UrlRewrite
For Category,For Kategorija,module,Magento_UrlRewrite
For Product,For Proizvod,module,Magento_UrlRewrite
Create URL Rewrite,Kreiraj Prepravka URL-a,module,Magento_UrlRewrite
We can't delete URL Rewrite right now.,We can't delete Prepravka URL-a right now.,module,Magento_UrlRewrite
URL Rewrites,Prepravke URL-a,module,Magento_UrlRewrite
Please correct the data sent.,Ispravite poslate podatke.,module,Magento_UrlRewrite
A total of %1 record(s) have been deleted.,Ukupno %1 zapis(a) je uklonjeno.,module,Magento_UrlRewrite
The URL Rewrite has been saved.,The Prepravka URL-a je saved.,module,Magento_UrlRewrite
An error occurred while saving the URL rewrite. Please try to save again.,Došlo je do greške while saving the URL rewrite. Please try to save again.,module,Magento_UrlRewrite
No,Ne,module,Magento_UrlRewrite
Request Path for Specified Store,Zahtev Path for Specified Prodavnica,module,Magento_UrlRewrite
message,poruka,module,Magento_UrlRewrite
Edit,Izmeni,module,Magento_UrlRewrite
Select Category,Odaberi Kategoriju,module,Magento_UrlRewrite
"To resolve this conflict, you can either change the value of the URL Key field (located in the Search Engine Optimization section) to a unique value, or change the Request Path fields in all locations listed below:","To resolve this conflict, you can either change the value of the URL Key field (located in the Pretraga Engine Optimization section) to a unique value, or change the Zahtev Path fields in all locations listed below:",module,Magento_UrlRewrite
Back,Nazad,module,Magento_User
Reset,Resetovati,module,Magento_User
Are you sure you want to do this?,Jeste li sigurni da želite da uradite ovo?,module,Magento_User
Delete Role,Obriši Role,module,Magento_User
Save Role,Sačuvaj ulogu,module,Magento_User
Roles,Uloge,module,Magento_User
Add New Role,Dodaj Novo Role,module,Magento_User
Role Information,Informacije o ulozi,module,Magento_User
Role Users,Korisnici uloge,module,Magento_User
User ID,ID korisnika,module,Magento_User
User Name,Korisničko ime,module,Magento_User
First Name,Ime,module,Magento_User
Last Name,Prezime,module,Magento_User
Email,E-pošta,module,Magento_User
Active,Aktivan,module,Magento_User
Inactive,Neaktivan,module,Magento_User
Role Resources,Resursi uloge,module,Magento_User
Role Info,Info o ulozi,module,Magento_User
Role Name,Naziv uloge,module,Magento_User
Current User Identity Verification,Verifikacija identiteta trenutnog korisnika,module,Magento_User
Your Password,Vaša lozinka,module,Magento_User
Add New User,Dodaj novog korisnika,module,Magento_User
Users,Korisnici,module,Magento_User
Save User,Sačuvaj korisnika,module,Magento_User
Delete User,Obriši User,module,Magento_User
Are you sure you want to revoke the user's tokens?,Da li ste sigurni želite da revoke the user's tokens?,module,Magento_User
Force Sign-In,Prinudno Registrovanje,module,Magento_User
Edit User '%1',Izmeni User '%1',module,Magento_User
New User,Novo User,module,Magento_User
Account Information,Informacije o korisničkom nalogu,module,Magento_User
User Email,Korisnička e-pošta,module,Magento_User
Password,Lozinka,module,Magento_User
New Password,Nova lozinka,module,Magento_User
Password Confirmation,Ponoviti lozinku,module,Magento_User
Interface Locale,Lokalni interfejs,module,Magento_User
This account is,Ovaj nalog je,module,Magento_User
Account Status,Status naloga,module,Magento_User
User Roles Information,Informacije o ulogama korisnika,module,Magento_User
Assigned,Dodeljeno,module,Magento_User
Role,Uloga,module,Magento_User
User Information,Informacije o korisniku,module,Magento_User
User Info,Informacije o korisniku,module,Magento_User
User Role,Uloga korisnika,module,Magento_User
Please correct the password reset token.,Molimo ispravite the password reset token.,module,Magento_User
Please specify the correct account and try again.,Molimo navedite the correct account and pokušajte ponovo.,module,Magento_User
Your password reset link has expired.,Link za oporavak vaše lozinke je istekao.,module,Magento_User
We're unable to send the password reset email.,Nismo u mogućnosti poslati email za ponovno postavljanje lozinke.,module,Magento_User
We'll email you a link to reset your password.,Poslaćemo email sa linkom za reset vaše šifre.,module,Magento_User
Please correct this email address:,Molimo ispravite this email address:,module,Magento_User
Please enter an email address.,Molimo unesite an email address.,module,Magento_User
You updated your password.,Ažurirali ste lozinku.,module,Magento_User
Locked Users,Zaključani korisnici,module,Magento_User
Unlocked %1 user(s).,Otklučaj %1 korisnika(e).,module,Magento_User
System,Sistem,module,Magento_User
Permissions,Dozvole,module,Magento_User
You cannot delete your own account.,Ne možete obrisati sopstveni nalog.,module,Magento_User
The password entered for the current user is invalid. Verify the password and try again.,The password entered for the current user is neispravan. Verify the password and pokušajte ponovo.,module,Magento_User
You deleted the user.,Obrisali ste korisnika.,module,Magento_User
We can't find a user to delete.,Ne možemo pronaći korisnika za brisanje.,module,Magento_User
This user no longer exists.,Ovaj korisnik više ne postoji.,module,Magento_User
Edit User,Uredi korisnika,module,Magento_User
You have revoked the user's tokens.,Opovrgli ste tokene korisnika.,module,Magento_User
We can't find a user to revoke.,Ne možemo pronaći korisnika kojeg bi opozvali.,module,Magento_User
You cannot delete self-assigned roles.,Ne možete obrisati samododeljene uloge.,module,Magento_User
You deleted the role.,Obrisali ste ulogu.,module,Magento_User
An error occurred while deleting this role.,Došlo je do greške while deleting this role.,module,Magento_User
Edit Role,Izmeni Role,module,Magento_User
New Role,Novo Role,module,Magento_User
This role no longer exists.,Ova uloga više ne postoji.,module,Magento_User
You saved the role.,Sačuvali ste ulogu.,module,Magento_User
An error occurred while saving this role.,Došlo je do greške while saving this role.,module,Magento_User
You saved the user.,Sačuvali ste korisnika.,module,Magento_User
A user with the same user name or email already exists.,Korisnik sa istim korisničkim imenom ili emajl adresom već postoji.,module,Magento_User
Recommended,Preporučeno,module,Magento_User
Forced,Prinuđeno,module,Magento_User
"Sorry, but this password has already been used. Please create another.","Izvinite, ali ova šifra se već bila korišćena. Molimo napravite novu.",module,Magento_User
email,emajl,module,Magento_User
password,lozinka,module,Magento_User
username,korisničko ime,module,Magento_User
The account sign-in was incorrect or your account is disabled temporarily. Please wait and try again later.,Ulogovali ste se sa pogrešnom šifrom ili je Vaš nalog privremeno onemogućen. Molimo sačekajte i pokušajte ponovo kasnije.,module,Magento_User
More permissions are needed to access this.,Treba vam više dozvola da bi pristupili.,module,Magento_User
The password reset token is incorrect. Verify the token and try again.,The password reset token is netačan. Verify the token and pokušajte ponovo.,module,Magento_User
Your account is temporarily disabled. Please try again later.,Your account is temporarily disabled. Pokušajte ponovo later.,module,Magento_User
"""User Name"" is required. Enter and try again.","""Korisničko ime"" je obavezno. Unesite i pokušajte ponovo.",module,Magento_User
"""First Name"" is required. Enter and try again.","""Ime"" je obavezno. Unesite i pokušajte ponovo.",module,Magento_User
"""Last Name"" is required. Enter and try again.","""Prezime"" je obavezno. Unesite i pokušajte ponovo.",module,Magento_User
Please enter a valid email.,Unesite ispravan Email.,module,Magento_User
Password is required field.,Lozinka je obavezno polje.,module,Magento_User
Your password must be at least %1 characters.,Vaš šifra mora imati najmanje %1 karaktera.,module,Magento_User
Your password must include both numeric and alphabetic characters.,Vaša šifra mora da sadrži i numeričke i alfanumeričke karaktere.,module,Magento_User
Your password confirmation must match your password.,Vaša potvrda šifre mora bude identična vašoj šifri.,module,Magento_User
It's time to change your password.,Vreme je da promenite vašu lozinku.,module,Magento_User
"It's time to <a href=""%1"">change your password</a>.","Vreme je da <a href=""%1""> promenite vašu lozinku</a>.",module,Magento_User
Your password has expired; please contact your administrator.,Vaša šifra je istekla; Molimo kontaktirajte vašeg administratora.,module,Magento_User
Password Help,Pomoć za lozinku,module,Magento_User
Enter your email address.  You will receive an email with a link to reset your password.,Unesti vašu emajl adresu. Primićete emajl sa linkom da resetujete svoju lozinku.,module,Magento_User
Email address,Email adresa,module,Magento_User
Retrieve Password,Povrati lozinku,module,Magento_User
Back to Sign in,Nazad to Sign in,module,Magento_User
Forgot your password?,Zaboravili ste lozinku?,module,Magento_User
Reset a Password,Resetuj a Lozinka,module,Magento_User
Confirm New Password,Potvrdi Novu Šifru,module,Magento_User
Reset Password,Resetovanje Lozinke,module,Magento_User
Roles Resources,Resursi uloga,module,Magento_User
Resource Access,Pristup resursu,module,Magento_User
Custom,Izborno,module,Magento_User
All,Sve,module,Magento_User
Resources,Resursi,module,Magento_User
First-Class Mail Large Envelope,Prvi-Class Mail Large Envelope,module,Magento_Usps
First-Class Mail Letter,Prvi-Class Mail Letter,module,Magento_Usps
First-Class Package Service - Retail,Prvi-Class Package Service - Retail,module,Magento_Usps
First-Class Mail Postcards,Prvi-Class Mail Postcards,module,Magento_Usps
First-Class Mail Large Postcards,Prvi-Class Mail Large Postcards,module,Magento_Usps
Priority Mail Gift Card Flat Rate Envelope,Priority Mail Poklon kartica Flat Rate Envelope,module,Magento_Usps
Priority Mail Gift Card Flat Rate Envelope Hold For Pickup,Priority Mail Poklon kartica Flat Rate Envelope Hold For Pickup,module,Magento_Usps
First-Class Package Service Hold For Pickup,Prvi-Class Package Service Hold For Pickup,module,Magento_Usps
First-Class Package Service,Prvi-Class Package Service,module,Magento_Usps
First-Class Mail International Letter,Prvi-Class Mail International Letter,module,Magento_Usps
First-Class Mail International Large Envelope,Prvi-Class Mail International Large Envelope,module,Magento_Usps
First-Class Package International Service,Prvi-Class Package International Service,module,Magento_Usps
Priority Mail International Gift Card Flat Rate Envelope,Priority Mail International Poklon kartica Flat Rate Envelope,module,Magento_Usps
First-Class Mail International Postcard,Prvi-Class Mail International Postcard,module,Magento_Usps
Variable,Varijabla,module,Magento_Usps
Gift Card Flat-Rate Envelope,Poklon kartica Flat-Rate Envelope,module,Magento_Usps
Regular,Standardno,module,Magento_Usps
Yes,Da,module,Magento_Usps
No,Ne,module,Magento_Usps
Not Required,Nije Zahtevano,module,Magento_Usps
Required,Obavezno,module,Magento_Usps
"Sorry, something went wrong. Please try again or contact us and we'll try to help.","Sorry, nešto nije u redu. Pokušajte ponovo or contact us and we'll try to help.",module,Magento_Usps
Empty response,Prazan odgovor,module,Magento_Usps
Sample,Primerak,module,Magento_Usps
Documents,Dokumenta,module,Magento_Usps
Return,Povraćaj,module,Magento_Usps
Other,Ostalo,module,Magento_Usps
None,Ništa,module,Magento_Usps
Custom Variables,Prilagođene varijable,module,Magento_Variable
Add New Variable,Dodaj Novo Varijabla,module,Magento_Variable
Save and Continue Edit,Sačuvaj i nastavi uređivanje,module,Magento_Variable
"Custom Variable ""%1""","Prilagođena varijabla ""%1""",module,Magento_Variable
New Custom Variable,Novo Custom Varijabla,module,Magento_Variable
Variable,Varijabla,module,Magento_Variable
Variable Code,Varijabla Kod,module,Magento_Variable
Variable Name,Varijabla Naziv,module,Magento_Variable
Use Default Variable Values,Use Podrazumevano Varijabla Values,module,Magento_Variable
No,Ne,module,Magento_Variable
Yes,Da,module,Magento_Variable
Variable HTML Value,Varijabla HTML Vrednost,module,Magento_Variable
Variable Plain Value,Varijabla Plain Vrednost,module,Magento_Variable
Variable Code must be unique.,Varijabla Kod must be unique.,module,Magento_Variable
Insert Variable...,Ubaci promenljivu...,module,Magento_Variable
Custom Variable,Prilagođena varijabla,module,Magento_Variable
Base URL,Osnovni URL,module,Magento_Variable
Secure Base URL,Siguran osnovni URL,module,Magento_Variable
Could not find a token using public hash: %1,Nije mogao find a token using public hash: %1,module,Magento_VaultGraphQl
No token found.,Ne token found.,module,Magento_Vault
Wrong request.,Pogrešan zahtev.,module,Magento_Vault
Deletion failure. Please try again.,Deletion failure. Pokušajte ponovo.,module,Magento_Vault
Stored Payment Method was successfully removed,Stored Plaćanje Method was uspešno removed,module,Magento_Vault
Stored Payment Methods,Stored Plaćanje Methods,module,Magento_Vault
No payment tokens are available for the specified order payment.,Ne payment tokens are available for the specified order payment.,module,Magento_Vault
Expiration Date,Datum isteka,module,Magento_Vault
Type,Tip,module,Magento_Vault
ending,krajnji,module,Magento_Vault
Actions,Radnje,module,Magento_Vault
Delete,Obrisati,module,Magento_Vault
Account,Nalog,module,Magento_Vault
"WebapiAsync config for ""%lookupKey"" does not exist.","WebapiAsync konfiguracija za ""%lookupKey"" ne postoji.",module,Magento_WebapiAsync
Cannot perform GET operation with store code 'all',Ne može perform GET operation with store code 'all',module,Magento_Webapi
Specified request cannot be processed.,Specified request ne može be processed.,module,Magento_Webapi
Request does not match any route.,Zahtev does not match any route.,module,Magento_Webapi
"Requested service is not available: ""%1""","Traženi servis nije dostupan: ""%1""",module,Magento_Webapi
"Operation ""%1"" not found.","Operacija ""%1"" nije pronađena.",module,Magento_Webapi
Invalid XML,Neispravan XML,module,Magento_Webapi
Invalid XML: Detected use of illegal DOCTYPE,Neispravan XML: Detected use of illegal DOCTYPE,module,Magento_Webapi
message,poruka,module,Magento_Webapi
Message,Poruka,module,Magento_Webapi
"""model"" value should be specified","Vrednost ""modela"" treba biti određena",module,Magento_WeeeGraphQl
Add Tax,Dodaj Porez,module,Magento_Weee
Delete Tax,Obriši Porez,module,Magento_Weee
All Websites,Sve Web lokacije,module,Magento_Weee
Set unique country-state combinations within the same fixed product tax. Verify the combinations and try again.,Set unique country-state combinations within the same fixed product tax. Verify the combinations and pokušajte ponovo.,module,Magento_Weee
Fixed Product Tax,Fixed Proizvod Porez,module,Magento_Weee
Country/State,Zemlja/Država,module,Magento_Weee
Tax,Porez,module,Magento_Weee
Website,Web sajt,module,Magento_Weee
Action,Akcija,module,Magento_Weee
Excl. Tax,Bez poreza,module,Magento_Weee
Total,Ukupno,module,Magento_Weee
Incl. Tax,Iznos sa PDV,module,Magento_Weee
Total Incl. Tax,Ukupno Incl. Porez,module,Magento_Weee
Final Price,Final Cena,module,Magento_Weee
Insert Widget,Ubaci Vidžet,module,Magento_Widget
Cancel,Odustani,module,Magento_Widget
label,oznaka,module,Magento_Widget
Choose...,Izaberi...,module,Magento_Widget
Close,Zatvori,module,Magento_Widget
Not Selected,Nije izabrano,module,Magento_Widget
Widget Type,Widget Tip,module,Magento_Widget
-- Please Select --,-- Molim odaberite --,module,Magento_Widget
Add Widget,Dodaj Widget,module,Magento_Widget
Save and Continue Edit,Sačuvaj i nastavi uređivanje,module,Magento_Widget
New Widget Instance,Novo Widget Instance,module,Magento_Widget
Page Layouts,Stranica Layouts,module,Magento_Widget
Please Select Container First,Please Izaberi Container Prvi,module,Magento_Widget
Storefront Properties,Osobine izloga prodavnice,module,Magento_Widget
Type,Tip,module,Magento_Widget
Design Package/Theme,Dizajn Package/Tema,module,Magento_Widget
Widget Title,Widget Naslov,module,Magento_Widget
Assign to Store Views,Assign to Prodavnica Views,module,Magento_Widget
Sort Order,Redosled porudžbina,module,Magento_Widget
Sort Order of widget instances in the same container,Sortiraj Porudžbina of widget instances in the same container,module,Magento_Widget
Categories,Kategorije,module,Magento_Widget
Anchor Categories,Anchor Kategorije,module,Magento_Widget
Non-Anchor Categories,Non-Anchor Kategorije,module,Magento_Widget
All Product Types,Sve Proizvod Types,module,Magento_Widget
Products,Proizvodi,module,Magento_Widget
Generic Pages,Generic Stranice,module,Magento_Widget
All Pages,Sve Stranice,module,Magento_Widget
Specified Page,Specified Stranica,module,Magento_Widget
Add Layout Update,Dodaj Layout Ažuriraj,module,Magento_Widget
Settings,Podešavanja,module,Magento_Widget
Design Theme,Dizajniraj Temu,module,Magento_Widget
Continue,Nastavi,module,Magento_Widget
Please specify a Widget Type.,Molimo navedite a Widget Tip.,module,Magento_Widget
Please specify a correct widget.,Molimo navedite a correct widget.,module,Magento_Widget
The widget instance has been deleted.,The widget instance je deleted.,module,Magento_Widget
New Widget,Novo Widget,module,Magento_Widget
Widgets,Widgeti,module,Magento_Widget
A total of %1 record(s) have been deleted.,Ukupno %1 zapis(a) je uklonjeno.,module,Magento_Widget
The widget instance has been saved.,The widget instance je saved.,module,Magento_Widget
name,naziv,module,Magento_Widget
We cannot create the widget instance because it is missing required information.,We ne može create the widget instance because it is nedostaje required information.,module,Magento_Widget
Remove Layout Update,Ukloni Layout Ažuriraj,module,Magento_Widget
Template,Šablon,module,Magento_Widget
All,Sve,module,Magento_Widget
Open Chooser,Otvori Chooser,module,Magento_Widget
Apply,Primeni,module,Magento_Widget
Page,Stranica,module,Magento_Widget
"Missing key ""model"" in Wishlist Item value data","Nedostaje ključ ""model"" u podacima vrednosti stavke liste želja",module,Magento_WishlistGraphQl
"Product ""%product_type"" type is not supported","Tip proizvoda ""%product_type"" nije podržan",module,Magento_WishlistGraphQl
"Missing key ""model"" in Wishlist value data","Nedostaje ključ ""model"" u podacima vrednosti liste želja",module,Magento_WishlistGraphQl
"Option type ""%1"" is not supported","Tip opcije ""%1"" nije podržan",module,Magento_WishlistGraphQl
Wish List,Lista želja,module,Magento_Wishlist
Wish List Sharing,Wish Lista Sharing,module,Magento_Wishlist
My Wish List,Moja lista želja,module,Magento_Wishlist
%1's Wish List,%1's Wish Lista,module,Magento_Wishlist
Page not found.,Stranica nije pronađena.,module,Magento_Wishlist
We can't add the item to Wish List right now: %1.,We can't add the item to Wish Lista right now: %1.,module,Magento_Wishlist
We can't add the item to Wish List right now.,We can't add the item to Wish Lista right now.,module,Magento_Wishlist
This product(s) is out of stock.,Ovog(ih) proizvoda nema na stanju.,module,Magento_Wishlist
The Wish List item can't load at this time. Please try again later.,The Wish Lista item can't load at this time. Pokušajte ponovo later.,module,Magento_Wishlist
The cart item doesn't exist.,The cart item ne postoji.,module,Magento_Wishlist
%1 has been moved to your wish list.,%1 je moved to your wish list.,module,Magento_Wishlist
We can't delete the item from Wish List right now because of an error: %1.,We can't delete the item from Wish Lista right now because of an error: %1.,module,Magento_Wishlist
We can't delete the item from the Wish List right now.,We can't delete the item from the Wish Lista right now.,module,Magento_Wishlist
Incorrect CAPTCHA,Neispravna CAPTCHA,module,Magento_Wishlist
Please enter an email address.,Molimo unesite an email address.,module,Magento_Wishlist
Please enter a valid email address.,Molimo unesite ispravnu email adresu.,module,Magento_Wishlist
Your wish list has been shared.,Your wish list je shared.,module,Magento_Wishlist
We can't delete item from Wish List right now.,We can't delete item from Wish Lista right now.,module,Magento_Wishlist
%1 has been updated in your Wish List.,%1 je updated in your Wish Lista.,module,Magento_Wishlist
We can't update your Wish List right now.,We can't update your Wish Lista right now.,module,Magento_Wishlist
You added %1 to your shopping cart.,Uspešno ste dodali %1 u vašu korpu.,module,Magento_Wishlist
The requested Wish List doesn't exist.,The requested Wish Lista ne postoji.,module,Magento_Wishlist
We can't create the Wish List right now.,We can't create the Wish Lista right now.,module,Magento_Wishlist
%1 items,%1 stavke,module,Magento_Wishlist
1 item,1 stavka,module,Magento_Wishlist
Comment,Komentar,module,Magento_Wishlist
Display item quantities,Prikaži količine proizvoda,module,Magento_Wishlist
An item option with code %1 already exists.,Opcija stavke sa kodom %1 već postoji.,module,Magento_Wishlist
Cannot specify product.,Ne može specify product.,module,Magento_Wishlist
Product is not salable.,Proizvod nije dostupan.,module,Magento_Wishlist
Invalid item option format.,Neispravan item option format.,module,Magento_Wishlist
"%1 for ""%2"".","%1 za ""%2"".",module,Magento_Wishlist
We can't add this item to your shopping cart right now.,Trenutno ovaj proizvod nije moguće dodati u vašu korpu.,module,Magento_Wishlist
We can't update the Wish List right now.,We can't update the Wish Lista right now.,module,Magento_Wishlist
%1 product(s) have been added to shopping cart: %2.,%1 product(s) su added to shopping cart: %2.,module,Magento_Wishlist
We cannot retrieve the Wish List.,We ne može retrieve the Wish Lista.,module,Magento_Wishlist
%1's Wishlist,%1's Lista želja,module,Magento_Wishlist
The product does not exist.,Proizvod ne postoji.,module,Magento_Wishlist
"Could not find a product with SKU ""%sku""","Nije moguće pronaći proizvod sa SKU ""%sku""",module,Magento_Wishlist
Test Phrase,Test fraza,module,Magento_Wishlist
message,poruka,module,Magento_Wishlist
Message,Poruka,module,Magento_Wishlist
LocalizedException,Lokalizovani izuzetak,module,Magento_Wishlist
Product Exception.,Proizvod Exception.,module,Magento_Wishlist
Are you sure you want to remove this item?,Jeste li sigurni da želite da uklonite ovaj artikal?,module,Magento_Wishlist
Special Price,Posebna cena,module,Magento_Wishlist
Regular Price,Redovna cena,module,Magento_Wishlist
Share Wish List,Share Wish Lista,module,Magento_Wishlist
Add All to Cart,Dodaj Sve to Korpa,module,Magento_Wishlist
Update Wish List,Ažuriraj Wish Lista,module,Magento_Wishlist
Move to Wishlist,Premesti to Lista želja,module,Magento_Wishlist
Add to Wish List,Dodaj u listu želja,module,Magento_Wishlist
View Product,Pregled Proizvod,module,Magento_Wishlist
Qty,Kol,module,Magento_Wishlist
Add to Cart,Dodaj u korpu,module,Magento_Wishlist
Availability,Dostupnost,module,Magento_Wishlist
In stock,Na stanju,module,Magento_Wishlist
Out of stock,Nema na lageru,module,Magento_Wishlist
Edit,Izmeni,module,Magento_Wishlist
Remove Item,Ukloni stavku,module,Magento_Wishlist
Remove item,Ukloni stavku,module,Magento_Wishlist
Add to Compare,Dodaj za upoređivanje,module,Magento_Wishlist
This Wish List has no Items,This Wish Lista has no Items,module,Magento_Wishlist
%1 has been added to your Wish List.,%1 je added to your Wish Lista.,module,Magento_Wishlist
"Click <a href=""%1"">here</a> to continue shopping.","Kliknite <a href=""%1"">ovde</a> da nastavite kupovinu.",module,Magento_Wishlist
%1 has been removed from your Wish List.,%1 je removed from your Wish Lista.,module,Magento_Wishlist
See Details,Pogledaj detalje,module,Magento_Wishlist
Options Details,Detalji Opcija,module,Magento_Wishlist
Product,Proizvod,module,Magento_Wishlist
Back,Nazad,module,Magento_Wishlist
Wish List is empty now.,Wish Lista is empty now.,module,Magento_Wishlist
* Required Fields,* Obavezna polja,module,Magento_Wishlist
Sharing Information,Deljenje Informacija,module,Magento_Wishlist
"Email addresses, separated by commas","E-pošta addresses, separated by commas",module,Magento_Wishlist
Check here to link an RSS feed to your Wish List.,Check here to link an RSS feed to your Wish Lista.,module,Magento_Wishlist
Last Added Items,Poslednji Added Items,module,Magento_Wishlist
Remove This Item,Ukloni ovu stavku,module,Magento_Wishlist
Go to Wish List,Go to Wish Lista,module,Magento_Wishlist
Now Shopping by,Sada kupiti preko,theme,frontend/Magento/luma
Previous,Prethodni,theme,frontend/Magento/luma
Remove,Ukloni,theme,frontend/Magento/luma
Remove This Item,Ukloni ovu stavku,theme,frontend/Magento/luma
Shop By,Kupiti po,theme,frontend/Magento/luma
Clear All,Očisti sve,theme,frontend/Magento/luma
Shopping Options,Opcije kupovine,theme,frontend/Magento/luma
No,Ne,module,MagePal_Core
Please select indexers.,Molimo izaberite indexers.,module,MagePal_Reindex
Invalid method %1::%2,Neispravan method %1::%2,module,Mageplaza_Core
Promotions,Promocije,module,Mageplaza_Core
All Countries,Sve zemlje,module,Mageplaza_DeleteOrders
Specific Countries,Određene zemlje,module,Mageplaza_DeleteOrders
Disable,Onemogući,module,Mageplaza_DeleteOrders
All Store Views,Svi pregledi prodavnica,module,Mageplaza_DeleteOrders
label,oznaka,module,Mageplaza_DeleteOrders
Delete,Obrisati,module,Mageplaza_DeleteOrders
Date,Datum,module,Mollie_HyvaCompatibility
Description,Opis,module,Mollie_HyvaCompatibility
Amount,Iznos,module,Mollie_HyvaCompatibility
Action,Akcija,module,Mollie_HyvaCompatibility
Cancel,Odustani,module,Mollie_HyvaCompatibility
Total,Ukupno,module,Mollie_HyvaCompatibility
Actions,Radnje,module,Mollie_HyvaCompatibility
Unknown,Nepoznato,module,Mollie_Payment
Your session has expired,Vaša sesija je istekla,module,Mollie_Payment
We can't add this item to your shopping cart right now.,Trenutno ovaj proizvod nije moguće dodati u vašu korpu.,module,Mollie_Payment
"Required parameter ""cart_id"" is missing","Obavezni parametar ""cart_id"" nedostaje",module,Mollie_Payment
"The current user cannot perform operations on cart ""%masked_cart_id""","Trenutni korisnik ne može da izvršava operacije na korpi ""%masked_cart_id""",module,Mollie_Payment
Subscribe,Pretplati se,module,Mollie_Payment
Order,Porudžbina,module,Mollie_Payment
Support,Podrška,module,Mollie_Payment
None,Ništa,module,Mollie_Payment
Direct,Direktno,module,Mollie_Payment
Dropdown,Padajuća lista,module,Mollie_Payment
No,Ne,module,Mollie_Payment
Please select,Izaberite,module,Mollie_Payment
Enabled,Omogućeno,module,Mollie_Payment
Disabled,Onemogućeno,module,Mollie_Payment
-- Please Select --,-- Molim odaberite --,module,Mollie_Payment
Store Credit,Kredit Prodavnice,module,Mollie_Payment
Delete,Obrisati,module,Mollie_Payment
Checkout Type,Način obrade porudžbine,module,Mollie_Payment
Copy,Kopiraj,module,Mollie_Payment
Retry,Pokušaj ponovo,module,Mollie_Payment
Back,Nazad,module,MaxServ_YoastSeo
Delete Template,Obriši šablon,module,MaxServ_YoastSeo
Are you sure you want to delete this item?,Da li ste sigurni želite da delete this item?,module,MaxServ_YoastSeo
Reset,Resetovati,module,MaxServ_YoastSeo
Save and Continue Edit,Sačuvaj i nastavi uređivanje,module,MaxServ_YoastSeo
Save,Sačuvaj,module,MaxServ_YoastSeo
Category Page,Stranica kategorije,module,MaxServ_YoastSeo
CMS Page,CMS Stranica,module,MaxServ_YoastSeo
Use system value,Koristi sistemsku vrednost,module,MaxServ_YoastSeo
Edit,Izmeni,module,MaxServ_YoastSeo
Delete,Obrisati,module,MaxServ_YoastSeo
Search Engine,Pretraživač,module,Smile_ElasticsuiteAnalytics
Analytics,Analitika,module,Smile_ElasticsuiteAnalytics
Company:,Kompanija:,module,Smile_ElasticsuiteAnalytics
Customer Group:,Grupa kupaca:,module,Smile_ElasticsuiteAnalytics
All Customer Groups,Sve Grupe Kupaca,module,Smile_ElasticsuiteAnalytics
Apply,Primeni,module,Smile_ElasticsuiteAnalytics
Sales,Prodaja,module,Smile_ElasticsuiteAnalytics
Visitors,Posetioci,module,Smile_ElasticsuiteAnalytics
label,oznaka,module,Smile_ElasticsuiteCatalogGraphQl
'search' or 'filter' input argument is required.,'search' or 'filter' input argument je obavezno.,module,Smile_ElasticsuiteCatalogGraphQl
Back,Nazad,module,Smile_ElasticsuiteCatalogOptimizer
Delete,Obrisati,module,Smile_ElasticsuiteCatalogOptimizer
Are you sure you want to do this?,Jeste li sigurni da želite da uradite ovo?,module,Smile_ElasticsuiteCatalogOptimizer
Save,Sačuvaj,module,Smile_ElasticsuiteCatalogOptimizer
Save and Continue Edit,Sačuvaj i nastavi uređivanje,module,Smile_ElasticsuiteCatalogOptimizer
Replace,Zameni,module,Smile_ElasticsuiteCatalogOptimizer
Average,Prosek,module,Smile_ElasticsuiteCatalogOptimizer
First,Prvi,module,Smile_ElasticsuiteCatalogOptimizer
End Date must follow Start Date.,Kraj Datum must follow Početak Datum.,module,Smile_ElasticsuiteCatalogOptimizer
label,oznaka,module,Smile_ElasticsuiteCatalogOptimizer
Edit,Izmeni,module,Smile_ElasticsuiteCatalogOptimizer
Delete %1,Obriši %1,module,Smile_ElasticsuiteCatalogOptimizer
Yes,Da,module,Smile_ElasticsuiteCatalogOptimizer
No,Ne,module,Smile_ElasticsuiteCatalogOptimizer
Search Query,Upit za pretragu,module,Smile_ElasticsuiteCatalogOptimizer
Preview,Pregled,module,Smile_ElasticsuiteCatalogOptimizer
Conditions Combination,Uslovi Kombinacije,module,Smile_ElasticsuiteCatalogRule
Product Attribute,Atributi proizvoda,module,Smile_ElasticsuiteCatalogRule
Back,Nazad,module,Smile_ElasticsuiteCatalog
Reset,Resetovati,module,Smile_ElasticsuiteCatalog
Save and Continue Edit,Sačuvaj i nastavi uređivanje,module,Smile_ElasticsuiteCatalog
Save,Sačuvaj,module,Smile_ElasticsuiteCatalog
Search Weight,Pretraži Težinu,module,Smile_ElasticsuiteCatalog
First,Prvi,module,Smile_ElasticsuiteCatalog
Catalog Search,Pretraga kataloga,module,Smile_ElasticsuiteCatalog
This search no longer exists.,Ova pretraga više ne postoji.,module,Smile_ElasticsuiteCatalog
Name,Ime,module,Smile_ElasticsuiteCatalog
Relevance,Relevantnost,module,Smile_ElasticsuiteCatalog
Default,Podrazumevani,module,Smile_ElasticsuiteCatalog
%1 and above,%1 i iznad,module,Smile_ElasticsuiteCatalog
%1 - %2,%1 x %2,module,Smile_ElasticsuiteCatalog
Update,Ažuriraj,module,Smile_ElasticsuiteCatalog
Yes,Da,module,Smile_ElasticsuiteCatalog
No,Ne,module,Smile_ElasticsuiteCatalog
item,stavka,module,Smile_ElasticsuiteCatalog
items,stavke,module,Smile_ElasticsuiteCatalog
Shop By,Kupiti po,module,Smile_ElasticsuiteCatalog
Clear All,Očisti sve,module,Smile_ElasticsuiteCatalog
Shopping Options,Opcije kupovine,module,Smile_ElasticsuiteCatalog
Save Config,Sačuvaj Konfiguraciju,module,Smile_ElasticsuiteCore
Use Default,Koristi podrazumevano,module,Smile_ElasticsuiteCore
All Store Views,Svi pregledi prodavnica,module,Smile_ElasticsuiteCore
Search Engine,Pretraživač,module,Smile_ElasticsuiteCore
Relevance,Relevantnost,module,Smile_ElasticsuiteCore
You saved the configuration.,Sačuvali ste konfiguraciju.,module,Smile_ElasticsuiteCore
Something went wrong while saving this configuration:,Došlo je do greške prilikom čuvanja ove konfiguracije:,module,Smile_ElasticsuiteCore
N/A,N/A - nije dostupno,module,Smile_ElasticsuiteCore
The scope object is invalid. Verify the scope object and try again.,The scope object is neispravan. Verify the scope object and pokušajte ponovo.,module,Smile_ElasticsuiteCore
label,oznaka,module,Smile_ElasticsuiteCore
Identifier,Identifikator,module,Smile_ElasticsuiteCore
Description,Opis,module,Smile_ElasticsuiteCore
Severity,Ozbiljnost,module,Smile_ElasticsuiteCore
Please confirm scope switching. All data that hasn't been saved will be lost.,Molimo vas potvrdite promenu opsega. Svi podaci nisu dačuvani i biće obrisani.,module,Smile_ElasticsuiteCore
Search,Pretraga,module,Smile_ElasticsuiteCore
Search entire store here...,Ovde Pretražite celu prodavnicu...,module,Smile_ElasticsuiteCore
Back,Nazad,module,Smile_ElasticsuiteIndices
Position,Pozicija,module,Smile_ElasticsuiteIndices
Are you sure?,Da li ste sigurni?,module,Smile_ElasticsuiteIndices
Remove All,Ukloni sve,module,Smile_ElasticsuiteIndices
Synonym,Sinonim,module,Smile_ElasticsuiteThesaurus
Type,Tip,module,Smile_ElasticsuiteThesaurus
Save and Continue Edit,Sačuvaj i nastavi uređivanje,module,Smile_ElasticsuiteThesaurus
General Information,Opšte informacije,module,Smile_ElasticsuiteThesaurus
Active,Aktivan,module,Smile_ElasticsuiteThesaurus
Store,Prodavnica,module,Smile_ElasticsuiteThesaurus
Synonyms,Sinonimi,module,Smile_ElasticsuiteThesaurus
Please select searches.,Molimo izaberite searches.,module,Smile_ElasticsuiteThesaurus
Total of %1 record(s) were deleted.,Ukupno %1 zapis(a) je obrisano.,module,Smile_ElasticsuiteThesaurus
"""%fieldName"" is required. Enter and try again.","""%imePolja"" je obavezno. Unesite i probajte ponovo.",module,Smile_ElasticsuiteThesaurus
Action,Akcija,module,Smile_ElasticsuiteThesaurus
Add,Dodaj,module,Smile_ElasticsuiteThesaurus
Add after,Dodaj nakon,module,Smile_ElasticsuiteThesaurus
Delete,Obrisati,module,Smile_ElasticsuiteThesaurus
"Could not save product ""%1"" with position %2 to category %3",Nije moguće sačuvati proizvod „%1” sa pozicije %2 u kategoriju %3,module,Smile_ElasticsuiteVirtualCategory
Billing Info,Informacije o plaćanju,module,Smdesign_Intesapay
Shipping Info,Informacije o isporuci,module,Smdesign_Intesapay
Payment Method,Način plaćanja,module,Smdesign_Intesapay
Shipping Method,Način dostave,module,Smdesign_Intesapay
Place Order,Postavite porudžbinu,module,Smdesign_Intesapay
Import,Uvesti,module,Hryvinskyi_Csp
Footer,Podnožje stranice,module,Magento_AdminAdobeIms
Customer Support,Podrška za korisnike,module,Magento_AdminAdobeIms
Header,Zaglavlje,module,Magento_AdminAdobeIms
Previous,Prethodni,module,Magento_AdobeStockImageAdminUi
Next,Sledeće,module,Magento_AdobeStockImageAdminUi
Close,Zatvori,module,Magento_AdobeStockImageAdminUi
Remove,Ukloni,module,Magento_AdobeStockImageAdminUi
Clear all,Očisti all,module,Magento_AdobeStockImageAdminUi
User Agent Rules,Pravila korisničkih agenata,module,Magento_Backend
Use Default Value,Koristite podrazumevane vrednosti,module,Magento_Backend
Attention: Captcha is case sensitive.,Pažnja: Captcha je osetljiva na mala i velika slova.,module,Magento_Captcha
Payment Transaction Failed Reminder,Potsetnik neuspešnih transakcija plaćanja,module,Magento_Checkout
Payment Transaction Failed,Neuspešna transakcija plaćanja,module,Magento_Checkout
Reason,Razlog,module,Magento_Checkout
Checkout Type,Način obrade porudžbine,module,Magento_Checkout
Customer:,Kupac:,module,Magento_Checkout
Items,Stavke,module,Magento_Checkout
Total:,Ukupno:,module,Magento_Checkout
Billing Address:,Adresa za fakturisanje:,module,Magento_Checkout
Shipping Address:,Adresa za dostavu:,module,Magento_Checkout
Shipping Method:,Način dostave:,module,Magento_Checkout
Payment Method:,Način Plaćanja:,module,Magento_Checkout
Date & Time:,Datum & vreme:,module,Magento_Checkout
Sign In,Prijava,module,Magento_Checkout
Email Address,Email adresa,module,Magento_Checkout
Password,Lozinka,module,Magento_Checkout
Forgot Your Password?,Zaboravili ste lozinku?,module,Magento_Checkout
or,ili,module,Magento_Checkout
* Required Fields,* Obavezna polja,module,Magento_Checkout
My billing and shipping address are the same,Moja adresa za dostavu i plaćanje su iste,module,Magento_Checkout
Update,Ažuriraj,module,Magento_Checkout
Cancel,Odustani,module,Magento_Checkout
Save in address book,Sačuvaj u adresaru,module,Magento_Checkout
Billing Address,Adresa za fakturisanje,module,Magento_Checkout
"Sorry, no quotes are available for this order at this time","Izvinite, tražene količine nisu dostupne za naručivanje u ovom trenutku",module,Magento_Checkout
Total,Ukupno,module,Magento_Checkout
Estimated Total,Procena Ukupno,module,Magento_Checkout
You can create an account after checkout.,Možete kreirati profil korisnika nakon naplate.,module,Magento_Checkout
You already have an account with us. Sign in or continue as guest.,Već imate profil kod nas. Prijavite se ili nastavite kao gost.,module,Magento_Checkout
Login,Prijava,module,Magento_Checkout
Close,Zatvori,module,Magento_Checkout
of,od,module,Magento_Checkout
Items in Cart,Proizvoda u Korpi,module,Magento_Checkout
Item in Cart,Proizvod u Korpi,module,Magento_Checkout
Recently added item(s),Nedavno dodan(i) proizvod(i),module,Magento_Checkout
View and Edit Cart,Pregled i Izmena Korpe,module,Magento_Checkout
See Details,Pogledaj detalje,module,Magento_Checkout
Options Details,Detalji Opcija,module,Magento_Checkout
Remove,Ukloni,module,Magento_Checkout
Edit item,Izmeni item,module,Magento_Checkout
Cart Subtotal,Zbir u Korpi,module,Magento_Checkout
No Payment Methods,Način plaćanja,module,Magento_Checkout
Payment Information,Informacije o Plaćanju,module,Magento_Checkout
No Payment method available.,Nije dostupan nijedan način plaćanja.,module,Magento_Checkout
You can track your order status by creating an account.,Status vaše porudžbine možete pratiti stvaranjem korisničkog profila.,module,Magento_Checkout
Create an Account,Kreiraj Nalog,module,Magento_Checkout
Place Order,Postavite porudžbinu,module,Magento_Checkout
Forgot an Item?,Zaboravili ste stavku?,module,Magento_Checkout
Edit Your Cart,Izmeni Korpu,module,Magento_Checkout
Ship Here,Dostavi Ovde,module,Magento_Checkout
Select Method,Izaberite metod,module,Magento_Checkout
Method Title,Naziv metoda,module,Magento_Checkout
Carrier Title,Naziv prevoznika,module,Magento_Checkout
Ship To:,Dostava Na:,module,Magento_Checkout
edit,izmeni,module,Magento_Checkout
Shipping Address,Adresa za isporuku,module,Magento_Checkout
New Address,Nova adresa,module,Magento_Checkout
Shipping Methods,Način Dostave,module,Magento_Checkout
Next,Sledeće,module,Magento_Checkout
Order Summary,Rezime porudžbine,module,Magento_Checkout
View Details,Pogledaj detalje,module,Magento_Checkout
Disable Product,Onemogući Proizvod,module,Magento_ConfigurableProduct
Enable Product,Omogući Proizvod,module,Magento_ConfigurableProduct
Enabled,Omogućeno,module,Magento_ConfigurableProduct
Disabled,Onemogućeno,module,Magento_ConfigurableProduct
Contact Form,Kontakt forma,module,Magento_Contact
Phone,Telefon,module,Magento_Contact
Message,Poruka,module,Magento_Contact
Welcome to %store_name,Dobrodošli u %store_name,module,Magento_Customer
"%name,","%naziv,",module,Magento_Customer
Welcome to %store_name.,Dobrodošli u %store_name.,module,Magento_Customer
"To sign in to our site, use these credentials during checkout or on the <a href=""%customer_url"">My Account</a> page:","Da biste se prijavili na naš sajt, koristite ove akreditive tokom provere ili na stranici <a href=""%customer_url"">Moj račun</a>:",module,Magento_Customer
Email:,E-mail:,module,Magento_Customer
Password:,Lozinka:,module,Magento_Customer
Password you set when creating account,Lozinka koju ste postavili prilikom kreiranja naloga,module,Magento_Customer
"Forgot your account password? Click <a href=""%reset_url"">here</a> to reset it.","Zaboravili ste lozinku svog naloga? Kliknite <a href=""%reset_url""> ovde</a> da biste poništili to.",module,Magento_Customer
"When you sign in to your account, you will be able to:","Kada se prijavite na svoj nalog, moći ćete da:",module,Magento_Customer
Proceed through checkout faster,Nastavite brže kroz proveru,module,Magento_Customer
Check the status of orders,Proverite status porudžbine,module,Magento_Customer
View past orders,Vidi sve porudžbine,module,Magento_Customer
Store alternative addresses (for shipping to multiple family members and friends),Snimi alternativne adrese (za slanje članovima porodice ili prijateljima),module,Magento_Customer
Please confirm your %store_name account,Molimo potvrdite svoj %store_name Profil,module,Magento_Customer
You must confirm your %customer_email email before you can sign in (link is only valid once):,Morate potvrditi %customer_email pre prijavljivanja (link je validan samo jednom):,module,Magento_Customer
Confirm Your Account,Potvrdite svoj Profil,module,Magento_Customer
Thank you for confirming your %store_name account.,Hvala Vam za potvrđivanje svog %store_name Profila.,module,Magento_Customer
"To sign in to our site and set a password, click on the <a href=""%create_password_url"">link</a>:","Da biste se prijavili na naš saj i podesili Lozinku, kliknite na <a href=""%create_password_url"">link</a>:",module,Magento_Customer
Your %store_name email has been changed,Vaš %store_name mejl je promenjen,module,Magento_Customer
We have received a request to change the following information associated with your account at %store_name: email.,Primili smo zahteva za promenu sledećih informacija povezanih sa tvojim nalogom u %store_name: email.,module,Magento_Customer
"If you have not authorized this action, please contact us immediately at <a href=""mailto:%store_email"">%store_email</a>","Ako niste autorizovani za ovo, molimo kontaktirajte nas odmah na <a href=""mailto:%store_email"">%store_name</a>",module,Magento_Customer
"or call us at <a href=""tel:%store_phone"">%store_phone</a>","ili nas pozovite na <a href=""tel:%store_phone"">%store_phone</a>",module,Magento_Customer
Your %store_name email and password has been changed,Vaš %store_name mejl i šifra su promenjeni,module,Magento_Customer
"We have received a request to change the following information associated with your account at %store_name: email, password.","Primili smo zahteva za promenu sledećih informacija povezanih sa tvojim nalogom u %store_name: email, šifra.",module,Magento_Customer
Reset your %store_name password,Resetujte %store_name šifru,module,Magento_Customer
There was recently a request to change the password for your account.,Nedavno smo primili zahtev za promenu šifre za vaš nalog.,module,Magento_Customer
"If you requested this change, set a new password here:","Ukoliko ste vi zatražili promenu, podesite novu šifru ovde:",module,Magento_Customer
"If you did not make this request, you can ignore this email and your password will remain the same.","Ako vi niste tražili, možete ignorisati ovaj mejl i šifra će ostati ista.",module,Magento_Customer
Your %store_name password has been changed,Vaša %store_name šifra je promenjena,module,Magento_Customer
We have received a request to change the following information associated with your account at %store_name: password.,Primili smo zahteva za promenu sledećih informacija povezanih sa tvojim nalogom u %store_name: šifra.,module,Magento_Customer
Checkout as a new customer,Platite kao novi kupac,module,Magento_Customer
Creating an account has many benefits:,Kreiranje naloga ima puno prednosti:,module,Magento_Customer
See order and shipping status,Vidite porudžbinu i status pošiljke,module,Magento_Customer
Track order history,Istorija porudžbina,module,Magento_Customer
Check out faster,Brže plaćanje,module,Magento_Customer
Checkout using your account,Plaćanje preko ličnog naloga,module,Magento_Customer
Email Address,Email adresa,module,Magento_Customer
Currency Update Warnings,Upozorenja o Ažuriranjima Valute,module,Magento_Directory
Footer,Podnožje stranice,module,Magento_Email
"Thank you, %store_name","Hvala, %store_name",module,Magento_Email
Header,Zaglavlje,module,Magento_Email
Gift Message (optional),Poklon Poruka (opciono),module,Magento_GiftMessage
To:,Za:,module,Magento_GiftMessage
From:,Od:,module,Magento_GiftMessage
Message:,Poruka:,module,Magento_GiftMessage
Update,Ažuriraj,module,Magento_GiftMessage
Gift options,Poklon Opcije,module,Magento_GiftMessage
Edit,Izmeni,module,Magento_GiftMessage
Delete,Obrisati,module,Magento_GiftMessage
Enabled,Omogućeno,module,Magento_InventoryCatalogAdminUi
Disabled,Onemogućeno,module,Magento_InventoryCatalogAdminUi
Shipping,Dostava,module,Magento_InventoryInStorePickupFrontend
Email Address,Email adresa,module,Magento_InventoryInStorePickupFrontend
Forgot Your Password?,Zaboravili ste lozinku?,module,Magento_InventoryInStorePickupFrontend
You can create an account after checkout.,Možete kreirati profil korisnika nakon naplate.,module,Magento_InventoryInStorePickupFrontend
Password,Lozinka,module,Magento_InventoryInStorePickupFrontend
You already have an account with us. Sign in or continue as guest.,Već imate profil kod nas. Prijavite se ili nastavite kao gost.,module,Magento_InventoryInStorePickupFrontend
Login,Prijava,module,Magento_InventoryInStorePickupFrontend
Ship To:,Dostava Na:,module,Magento_InventoryInStorePickupFrontend
edit,izmeni,module,Magento_InventoryInStorePickupFrontend
Shipping Method:,Način dostave:,module,Magento_InventoryInStorePickupFrontend
Store,Prodavnica,module,Magento_InventoryInStorePickupFrontend
Select Store,Izaberi prodavnicu,module,Magento_InventoryInStorePickupFrontend
Next,Sledeće,module,Magento_InventoryInStorePickupFrontend
Ship Here,Dostavi Ovde,module,Magento_InventoryInStorePickupFrontend
Search,Pretraga,module,Magento_InventoryInStorePickupFrontend
Action,Akcija,module,Magento_InventoryInStorePickupFrontend
Shipping Info,Informacije o isporuci,module,Magento_InventoryInStorePickupSales
Shipping Method,Način dostave,module,Magento_InventoryInStorePickupSales
Changes have been made to this section that have not been saved.,Promene koje su napravljene u ovoj sekciji nisu sačuvane.,module,Magento_InventorySalesAdminUi
This tab contains invalid data. Please resolve this before saving.,Ova kartica sadrži nevažeće podatke. Molim vas rešite ovo pre snimanja.,module,Magento_InventorySalesAdminUi
Close,Zatvori,module,Magento_MediaGalleryUi
Delete Selected,Izbriši odabrano,module,Magento_MediaGalleryUi
Details,Detalji,module,Magento_MediaGalleryUi
Description,Opis,module,Magento_MediaGalleryUi
Tags,Oznake,module,Magento_MediaGalleryUi
Title,Naslov,module,Magento_MediaGalleryUi
Newsletter subscription confirmation,Bilten subscription confirmation,module,Magento_Newsletter
Newsletter subscription success,Uspešna pretplata na bilten,module,Magento_Newsletter
You have been successfully subscribed to our newsletter.,You su uspešno subscribed to our newsletter.,module,Magento_Newsletter
Newsletter unsubscription success,Bilten unsubscription success,module,Magento_Newsletter
You have been unsubscribed from the newsletter.,You su unsubscribed from the newsletter.,module,Magento_Newsletter
Place Order,Postavite porudžbinu,module,Magento_OfflinePayments
"%name,","%naziv,",module,Magento_OrderCancellation
"If you have questions about your order, you can email us at <a href=""mailto:%store_email"">%store_email</a>","Ako imate pitanja o porudžbini, možete nam pisati na <a href=""mailto:%store_email"">%store_email</a>",module,Magento_OrderCancellation
"or call us at <a href=""tel:%store_phone"">%store_phone</a>","ili nas pozovite na <a href=""tel:%store_phone"">%store_phone</a>",module,Magento_OrderCancellation
"Our hours are <span class=""no-link"">%store_hours</span>.","Naše radno vreme je <span class=""no-link"">%store_hours</span>.",module,Magento_OrderCancellation
Block,Blokovi,module,Magento_PageBuilder
Not Selected,Nije izabrano,module,Magento_PageBuilder
Insert Variable...,Ubaci promenljivu...,module,Magento_PageBuilder
Browse to find or drag image here,Pretražite da pronađete i ubacite sliku ovde,module,Magento_PageBuilder
Delete image,Obriši sliku,module,Magento_PageBuilder
Select,Izaberite,module,Magento_PageBuilder
Apply,Primeni,module,Magento_PageBuilder
Width,Širina,module,Magento_PageBuilder
Email Address,Email adresa,module,Magento_PaymentServicesPaypal
You can create an account after checkout.,Možete kreirati profil korisnika nakon naplate.,module,Magento_PaymentServicesPaypal
Password,Lozinka,module,Magento_PaymentServicesPaypal
You already have an account with us. Sign in or continue as guest.,Već imate profil kod nas. Prijavite se ili nastavite kao gost.,module,Magento_PaymentServicesPaypal
Login,Prijava,module,Magento_PaymentServicesPaypal
Forgot Your Password?,Zaboravili ste lozinku?,module,Magento_PaymentServicesPaypal
What is this?,Šta je ovo?,module,Magento_PaymentServicesPaypal
Express Checkout,Express Naplata,module,Magento_PaymentServicesPaypal
Ship To:,Dostava Na:,module,Magento_PaymentServicesPaypal
edit,izmeni,module,Magento_PaymentServicesPaypal
Shipping Method:,Način dostave:,module,Magento_PaymentServicesPaypal
Place Order,Postavite porudžbinu,module,Magento_Payment
Forgot an Item?,Zaboravili ste stavku?,module,Magento_Payment
Edit Your Cart,Izmeni Korpu,module,Magento_Payment
Save credit card information for future use.,Sačuvaj credit card information for future use.,module,Magento_PaypalCaptcha
Place Order,Postavite porudžbinu,module,Magento_PaypalCaptcha
Continue to PayPal,Nastavi to PayPal,module,Magento_Paypal
Save credit card information for future use.,Sačuvaj credit card information for future use.,module,Magento_Paypal
Product alerts Cron error,Proizvod alerts Cron error,module,Magento_ProductAlert
Product alerts cron warnings,Proizvod alerts cron warnings,module,Magento_ProductAlert
Products price changed alert,Obaveštenje o promeni cene proizvoda,module,Magento_ProductAlert
"%name,","%naziv,",module,Magento_ProductAlert
Products back in stock alert,Obaveštenje o proizvodima ponovo na zalihama,module,Magento_ProductAlert
Apply Discount Code,Primeni kod za popust,module,Magento_SalesRule
Enter discount code,Unesi kod za popust,module,Magento_SalesRule
Apply Discount,Primeni popust,module,Magento_SalesRule
Cancel coupon,Otkaži coupon,module,Magento_SalesRule
Cancel,Odustani,module,Magento_SalesRule
Credit memo for your %store_name order,Profaktura za vašu %store_name porudžbinu,module,Magento_Sales
"%name,","%naziv,",module,Magento_Sales
Thank you for your order from %store_name.,Hvala vam za porudžbinu %store_name.,module,Magento_Sales
"You can check the status of your order by <a href=""%account_url"">logging into your account</a>.","Možete da proverite status Vaše porudžbine prijavljivanjem <a href=""%account_url"">u Vaš nalog</a>.",module,Magento_Sales
"If you have questions about your order, you can email us at <a href=""mailto:%store_email"">%store_email</a>","Ako imate pitanja o porudžbini, možete nam pisati na <a href=""mailto:%store_email"">%store_email</a>",module,Magento_Sales
"or call us at <a href=""tel:%store_phone"">%store_phone</a>","ili nas pozovite na <a href=""tel:%store_phone"">%store_phone</a>",module,Magento_Sales
"Our hours are <span class=""no-link"">%store_hours</span>.","Naše radno vreme je <span class=""no-link"">%store_hours</span>.",module,Magento_Sales
Your Credit Memo #%creditmemo_id for Order #%order_id,Vaša profaktura #%creditmemo_id za Porudžbinu #%order_id,module,Magento_Sales
Billing Info,Informacije o plaćanju,module,Magento_Sales
Shipping Info,Informacije o isporuci,module,Magento_Sales
Update to your %store_name credit memo,Ažurirajate Vašu %store_name profakturu,module,Magento_Sales
Your order #%increment_id has been updated with a status of <strong>%order_status</strong>.,Vaša porudžbina #%increment_id je ažurirana sa statusom <strong>%order_status</strong>.,module,Magento_Sales
Invoice for your %store_name order,Faktura za Vašu %store_name porudžbinu,module,Magento_Sales
Your Invoice #%invoice_id for Order #%order_id,Vaša faktura #%invoice_id za Porudžbinu #%order_id,module,Magento_Sales
Update to your %store_name invoice,Ažurirajte Vašu %store_name fakturu,module,Magento_Sales
Your %store_name order confirmation,Potvrda %store_name Vaše porudžbine,module,Magento_Sales
Once your package ships we will send you a tracking number.,"Kada Vaša porudžbina bude poslata, poslaćemo Vam broj za praćenje porudžbine.",module,Magento_Sales
"Your Order <span class=""no-link"">#%increment_id</span>","Vaša porudžbina <span class=""no-link"">#%increment_id</span>",module,Magento_Sales
"Placed on <span class=""no-link"">%created_at</span>","Postavljeno na <span class=""no-link"">%created_at</span>",module,Magento_Sales
Once your package ships we will send an email with a link to track your order.,"Nakon što se vaš paket otpremi, poslat ćemo vam email sa vezom za praćenje vaše narudžbe.",module,Magento_Sales
Update to your %store_name order,Ažurirajte Vašu %store_name porudžbinu,module,Magento_Sales
Your %store_name order has shipped,Vaša %store_name porudžbina je poslata,module,Magento_Sales
Your shipping confirmation is below. Thank you again for your business.,Vaša potvrda o isporuci je ispod. Hvala Vam još jednom za Vaše poslovanje.,module,Magento_Sales
Your Shipment #%shipment_id for Order #%order_id,Isporuka za #%shipment_id za porudžbinu #%order_id,module,Magento_Sales
Update to your %store_name shipment,Ažurirano na Vašoj %store_name pošiljci,module,Magento_Sales
"%name,","%naziv,",module,Magento_SendFriend
See our Shipping Policy,Pogledajte našu politiku isporuke,module,Magento_Shipping
Sitemap generate Warnings,Mapa sajta generate Warnings,module,Magento_Sitemap
Sitemap Generation Warnings,Mapa sajta Generation Warnings,module,Magento_Sitemap
"%name,","%naziv,",module,Magento_Theme
Welcome to %store_name.,Dobrodošli u %store_name.,module,Magento_Theme
"To sign in to our site, use these credentials during checkout or on the <a href=""%customer_url"">My Account</a> page:","Da biste se prijavili na naš sajt, koristite ove akreditive tokom provere ili na stranici <a href=""%customer_url"">Moj račun</a>:",module,Magento_Theme
Email:,E-mail:,module,Magento_Theme
Password:,Lozinka:,module,Magento_Theme
Password you set when creating account,Lozinka koju ste postavili prilikom kreiranja naloga,module,Magento_Theme
"Forgot your account password? Click <a href=""%reset_url"">here</a> to reset it.","Zaboravili ste lozinku svog naloga? Kliknite <a href=""%reset_url""> ovde</a> da biste poništili to.",module,Magento_Theme
"When you sign in to your account, you will be able to:","Kada se prijavite na svoj nalog, moći ćete da:",module,Magento_Theme
Proceed through checkout faster,Nastavite brže kroz proveru,module,Magento_Theme
Check the status of orders,Proverite status porudžbine,module,Magento_Theme
View past orders,Vidi sve porudžbine,module,Magento_Theme
Store alternative addresses (for shipping to multiple family members and friends),Snimi alternativne adrese (za slanje članovima porodice ili prijateljima),module,Magento_Theme
"Thank you,","Hvala,",module,Magento_TwoFactorAuth
Loading...,Učitavanje...,module,Magento_TwoFactorAuth
Delete,Obrisati,module,Magento_Ui
per page,po stranici,module,Magento_Ui
This element contains invalid data. Please resolve this before saving.,This element contains neispravan data. Please resolve this before saving.,module,Magento_Ui
Use Default Value,Koristite podrazumevane vrednosti,module,Magento_Ui
What is this?,Šta je ovo?,module,Magento_Ui
Yes,Da,module,Magento_Ui
No,Ne,module,Magento_Ui
Browse to find or drag image here,Pretražite da pronađete i ubacite sliku ovde,module,Magento_Ui
Delete image,Obriši sliku,module,Magento_Ui
Changes have been made to this section that have not been saved.,Promene koje su napravljene u ovoj sekciji nisu sačuvane.,module,Magento_Ui
This tab contains invalid data. Please resolve this before saving.,Ova kartica sadrži nevažeće podatke. Molim vas rešite ovo pre snimanja.,module,Magento_Ui
Actions,Radnje,module,Magento_Ui
Show more,Prikaži more,module,Magento_Ui
Previous,Prethodni,module,Magento_Ui
Close,Zatvori,module,Magento_Ui
Options,Opcije,module,Magento_Ui
Save View As...,Sačuvaj Pregled As...,module,Magento_Ui
Submit,Pošalji,module,Magento_Ui
New View,Novo Pregled,module,Magento_Ui
Edit,Izmeni,module,Magento_Ui
Reset,Resetovati,module,Magento_Ui
Apply,Primeni,module,Magento_Ui
Save,Sačuvaj,module,Magento_Ui
Export,Izvezi,module,Magento_Ui
Remove,Ukloni,module,Magento_Ui
Clear all,Očisti all,module,Magento_Ui
Apply Filters,Primeni Filters,module,Magento_Ui
We couldn't find any records.,Nismo pronašli ni jedan zapis.,module,Magento_Ui
records found,zapisi pronađeni,module,Magento_Ui
selected,izabrano,module,Magento_Ui
of,od,module,Magento_Ui
Custom,Izborno,module,Magento_Ui
Search,Pretraga,module,Magento_Ui
Select Items,Izaberi Items,module,Magento_Ui
New admin user '%user_name' created,Novo admin user '%user_name' created,module,Magento_User
"Hello,","Zdravo,",module,Magento_User
"A new admin account was created for %first_name, %last_name using %email.","Novi admin nalog je kreiran za %first?name, %last_name koristeći %email.",module,Magento_User
"If you have not authorized this action, please contact us immediately at %store_email","Ako niste autorizovani za ovu akciju, molimo kontaktirajte nas odmah putem %store_name",module,Magento_User
or call us at %store_phone,ili nas pozovite na %store_phone,module,Magento_User
"Thanks,","Hvala,",module,Magento_User
Password Reset Confirmation for %name,Lozinka Resetuj Confirmation for %name,module,Magento_User
"%name,","%naziv,",module,Magento_User
There was recently a request to change the password for your account.,Nedavno smo primili zahtev za promenu šifre za vaš nalog.,module,Magento_User
"If you requested this change, reset your password here:","Ukoliko ste vi zatražili ovu izmenu, resetujte novu šifru ovde:",module,Magento_User
"If you did not make this request, you can ignore this email and your password will remain the same.","Ako vi niste tražili, možete ignorisati ovaj mejl i šifra će ostati ista.",module,Magento_User
"Thank you,","Hvala,",module,Magento_User
New %changes for %user_name,Novo %changes for %user_name,module,Magento_User
expires,ističe,module,Magento_Vault
Place Order,Postavite porudžbinu,module,Magento_Vault
Take a look at %customer_name's Wish List,Take a look at %customer_name's Wish Lista,module,Magento_Wishlist
%customer_name wants to share this Wish List from %store_name with you:,%customer_name wants to share this Wish Lista from %store_name with you:,module,Magento_Wishlist
View all Wish List items,Pregled all Wish Lista items,module,Magento_Wishlist
Welcome to %store_name,Dobrodošli u %store_name,theme,frontend/Magento/luma
"%name,","%naziv,",theme,frontend/Magento/luma
Welcome to %store_name.,Dobrodošli u %store_name.,theme,frontend/Magento/luma
"To sign in to our site, use these credentials during checkout or on the <a href=""%customer_url"">My Account</a> page:","Da biste se prijavili na naš sajt, koristite ove akreditive tokom provere ili na stranici <a href=""%customer_url"">Moj račun</a>:",theme,frontend/Magento/luma
Email:,E-mail:,theme,frontend/Magento/luma
Password:,Lozinka:,theme,frontend/Magento/luma
Password you set when creating account,Lozinka koju ste postavili prilikom kreiranja naloga,theme,frontend/Magento/luma
"Forgot your account password? Click <a href=""%reset_url"">here</a> to reset it.","Zaboravili ste lozinku svog naloga? Kliknite <a href=""%reset_url""> ovde</a> da biste poništili to.",theme,frontend/Magento/luma
"When you sign in to your account, you will be able to:","Kada se prijavite na svoj nalog, moći ćete da:",theme,frontend/Magento/luma
Quick Checkout,Brza provera,theme,frontend/Magento/luma
Proceed through checkout faster,Nastavite brže kroz proveru,theme,frontend/Magento/luma
Order Status,Status porudžbine,theme,frontend/Magento/luma
Check the status of orders,Proverite status porudžbine,theme,frontend/Magento/luma
Manage Addresses,Upravljajte adresama,theme,frontend/Magento/luma
Store alternative addresses,Skladištenje alternativnih adresa,theme,frontend/Magento/luma
For shipping to multiple family members and friends,Za isporuku više članova porodice i prijateljima,theme,frontend/Magento/luma
Order History,Istorija porudžbine,theme,frontend/Magento/luma
View past orders,Vidi sve porudžbine,theme,frontend/Magento/luma
Footer,Podnožje stranice,theme,frontend/Magento/luma
<a href=%url_about_us>About Us</a>,<a href=%url_about_us>O nama</a>,theme,frontend/Magento/luma
<a href=url_customer_service>Customer Service</a>,<a href=url_customer_service>Korisnčki Servis</a>,theme,frontend/Magento/luma
"Hours of Operation:<br /><span class=""no-link"">%store_hours</span>.","Radno vreme:<br /><span class=""no-link"">%store_hours</span>.",theme,frontend/Magento/luma
Credit memo for your %store_name order,Profaktura za vašu %store_name porudžbinu,theme,frontend/Magento/luma
Thank you for your order from %store_name.,Hvala vam za porudžbinu %store_name.,theme,frontend/Magento/luma
"You can check the status of your order by <a href=""%account_url"">logging into your account</a>.","Možete da proverite status Vaše porudžbine prijavljivanjem <a href=""%account_url"">u Vaš nalog</a>.",theme,frontend/Magento/luma
"If you have questions about your order, you can email us at <a href=""mailto:%store_email"">%store_email</a>.","Ako imate pitanja o porudžbini, možete nam pisati na <a href=""mailto:%store_email"">%store_email</a>.",theme,frontend/Magento/luma
Your Credit Memo #%creditmemo_id for Order #%order_id,Vaša profaktura #%creditmemo_id za Porudžbinu #%order_id,theme,frontend/Magento/luma
Billing Info,Informacije o plaćanju,theme,frontend/Magento/luma
Shipping Info,Informacije o isporuci,theme,frontend/Magento/luma
Payment Method,Način plaćanja,theme,frontend/Magento/luma
Shipping Method,Način dostave,theme,frontend/Magento/luma
Update to your %store_name credit memo,Ažurirajate Vašu %store_name profakturu,theme,frontend/Magento/luma
Your order #%increment_id has been updated with a status of <strong>%order_status</strong>.,Vaša porudžbina #%increment_id je ažurirana sa statusom <strong>%order_status</strong>.,theme,frontend/Magento/luma
Invoice for your %store_name order,Faktura za Vašu %store_name porudžbinu,theme,frontend/Magento/luma
Your Invoice #%invoice_id for Order #%order_id,Vaša faktura #%invoice_id za Porudžbinu #%order_id,theme,frontend/Magento/luma
Update to your %store_name invoice,Ažurirajte Vašu %store_name fakturu,theme,frontend/Magento/luma
Your %store_name order confirmation,Potvrda %store_name Vaše porudžbine,theme,frontend/Magento/luma
Once your package ships we will send you a tracking number.,"Kada Vaša porudžbina bude poslata, poslaćemo Vam broj za praćenje porudžbine.",theme,frontend/Magento/luma
"Your Order <span class=""no-link"">#%increment_id</span>","Vaša porudžbina <span class=""no-link"">#%increment_id</span>",theme,frontend/Magento/luma
"Placed on <span class=""no-link"">%created_at</span>","Postavljeno na <span class=""no-link"">%created_at</span>",theme,frontend/Magento/luma
Update to your %store_name order,Ažurirajte Vašu %store_name porudžbinu,theme,frontend/Magento/luma
Your %store_name order has shipped,Vaša %store_name porudžbina je poslata,theme,frontend/Magento/luma
Your shipping confirmation is below. Thank you again for your business.,Vaša potvrda o isporuci je ispod. Hvala Vam još jednom za Vaše poslovanje.,theme,frontend/Magento/luma
Your Shipment #%shipment_id for Order #%order_id,Isporuka za #%shipment_id za porudžbinu #%order_id,theme,frontend/Magento/luma
Update to your %store_name shipment,Ažurirano na Vašoj %store_name pošiljci,theme,frontend/Magento/luma
Error:,Greška:,module,Mageplaza_DeleteOrders
Save for later use.,Sačuvati za kasniju upotrebu.,module,Mollie_Payment
Place Order,Postavite porudžbinu,module,Mollie_Payment
ending,krajnji,module,Mollie_Payment
Changes have been made to this section that have not been saved.,Promene koje su napravljene u ovoj sekciji nisu sačuvane.,module,MaxServ_YoastSeo
This tab contains invalid data. Please resolve this before saving.,Ova kartica sadrži nevažeće podatke. Molim vas rešite ovo pre snimanja.,module,MaxServ_YoastSeo
Other Settings,Druge postavke,module,MaxServ_YoastSeo
Use Default Value,Koristite podrazumevane vrednosti,module,Smile_ElasticsuiteCatalog
Visible,Vidljivo,module,Smile_ElasticsuiteCatalog
Cancel,Odustani,lib,lib/web/mage/adminhtml/backup.js
Ok,U redu,lib,lib/web/mage/adminhtml/backup.js
Insert Variable,Ubaci promenljivu,lib,lib/web/mage/adminhtml/wysiwyg/tiny_mce/plugins/magentovariable/editor_plugin.js
Insert Widget,Ubaci Vidžet,lib,lib/web/mage/adminhtml/wysiwyg/tiny_mce/plugins/magentowidget/editor_plugin.js
No records found.,Zapisi nisu pronađeni.,lib,lib/web/mage/backend/suggest.js
Close,Zatvori,lib,lib/web/mage/dropdown.js
Next,Sledeće,lib,lib/web/mage/gallery/gallery.js
Previous,Prethodni,lib,lib/web/mage/gallery/gallery.js
Please wait...,Molimo sačekajte...,lib,lib/web/mage/loader.js
Loading...,Učitavanje...,lib,lib/web/mage/loader.js
Please wait...,Molimo sačekajte...,lib,lib/web/mage/loader_old.js
Loading...,Učitavanje...,lib,lib/web/mage/loader_old.js
more,više,lib,lib/web/mage/menu.js
Cancel,Odustani,lib,lib/web/mage/translate-inline-vde.js
Save,Sačuvaj,lib,lib/web/mage/translate-inline-vde.js
Submit,Pošalji,lib,lib/web/mage/translate-inline.js
Close,Zatvori,lib,lib/web/mage/translate-inline.js
Please enter {0} words or less.,Unesite {0} ili manje reči.,lib,lib/web/mage/validation.js
Please enter at least {0} words.,Unesite bar {0} reči.,lib,lib/web/mage/validation.js
Please enter between {0} and {1} words.,Unesite između {0} i {1} reči.,lib,lib/web/mage/validation.js
Letters or punctuation only please,Samo slova i znakovi interpunkcije,lib,lib/web/mage/validation.js
"Letters, numbers, spaces or underscores only please","Samo slova, brojevi, razmaci ili podvlake",lib,lib/web/mage/validation.js
Letters only please,Samo slova,lib,lib/web/mage/validation.js
No white space please,"Bez razmaka, molim Vas",lib,lib/web/mage/validation.js
No marginal white space please,"Bez marginalnih razmaka, molim Vas",lib,lib/web/mage/validation.js
Your ZIP-code must be in the range 902xx-xxxx to 905-xx-xxxx,Vaš poštanski broj mora biti u opsegu 902xx-xxxx do 905-xx-xxxx,lib,lib/web/mage/validation.js
A positive or negative non-decimal number please,Samo pozitivni ili negativni ne-decimalni brojevi,lib,lib/web/mage/validation.js
The specified vehicle identification number (VIN) is invalid.,Navedeni identifikacioni broj vozila (VIN) je neispravan.,lib,lib/web/mage/validation.js
Please enter a correct date,Unesite ispravan datum,lib,lib/web/mage/validation.js
"Please enter a valid time, between 00:00 and 23:59","Unesite ispravno vreme, između 00:00 i 23:59",lib,lib/web/mage/validation.js
"Please enter a valid time, between 00:00 am and 12:00 pm","Unesite ispravno vreme, između 00:00 am i 12:00 pm",lib,lib/web/mage/validation.js
Please specify a valid phone number,Unesite ispravan broj telefona,lib,lib/web/mage/validation.js
Please specify a valid mobile number,Unesite ispravan broj mobilnog telefona,lib,lib/web/mage/validation.js
Please enter at least {0} characters,Unesite barem {0} karaktera,lib,lib/web/mage/validation.js
Please enter a valid credit card number.,Molimo unesite važeći broj kreditne kartice.,lib,lib/web/mage/validation.js
Please enter a valid IP v4 address.,Molimo unesite ispravnu IP v4 adresu.,lib,lib/web/mage/validation.js
Please enter a valid IP v6 address.,Molimo unesite ispravnu IP v6 adresu.,lib,lib/web/mage/validation.js
Invalid format.,Neispravan format.,lib,lib/web/mage/validation.js
HTML tags are not allowed.,HTML tagovi nisu dozvoljeni.,lib,lib/web/mage/validation.js
Please select an option.,Izaberite neku opciju.,lib,lib/web/mage/validation.js
Empty Value.,Prazna vrednost.,lib,lib/web/mage/validation.js
"Please use only letters (a-z or A-Z), numbers (0-9) or spaces only in this field.","Molimo koristite samo slova (a-z ili A-Z), brojeve (0-9) ili razmake u ovom polju.",lib,lib/web/mage/validation.js
"Please use only letters (a-z or A-Z), numbers (0-9) or underscore (_) in this field, and the first character should be a letter.","Molimo koristite samo slova (a-z ili A-Z), brojeve (0-9) ili podvlake (_) u ovom polju, i prvi karakter bi trebao biti slovo.",lib,lib/web/mage/validation.js
"Please use only letters (a-z or A-Z), numbers (0-9), spaces and ""#"" in this field.","Molimo koristite samo slova (a-z ili A-Z), brojeve (0-9) ili razmake i ""#"" u ovom polju.",lib,lib/web/mage/validation.js
Please enter a valid phone number. For example (123) 456-7890 or 123-456-7890.,Unesite ispravan broj telefona. Na primer (123) 456-7890 or 123-456-7890.,lib,lib/web/mage/validation.js
Please enter a valid fax number (Ex: 123-456-7890).,Unesite ispravan fax broj (Na primer: 123-456-7890).,lib,lib/web/mage/validation.js
Please enter a valid email address (Ex: johndoe@domain.com).,Molimo unesite ispravnu email adresu (Na primer: johndoe@domain.com).,lib,lib/web/mage/validation.js
Please enter a valid email address.,Molimo unesite ispravnu email adresu.,lib,lib/web/mage/validation.js
Please enter 6 or more characters. Leading and trailing spaces will be ignored.,Unesite 6 ili više karaktera. Vodeći i uvučeni razmaci će biti ignorisani.,lib,lib/web/mage/validation.js
"Please enter 7 or more characters, using both numeric and alphabetic.","Unesite 7 ili više karaktera, koristeći brojeve i slova.",lib,lib/web/mage/validation.js
Minimum length of this field must be equal or greater than %1 symbols. Leading and trailing spaces will be ignored.,Minimalna dužina ovog polja mora biti veća ili jednaka %1 simbola. Vodeći i razmaci na kraju će biti ignorisani.,lib,lib/web/mage/validation.js
"Minimum of different classes of characters in password is %1. Classes of characters: Lower Case, Upper Case, Digits, Special Characters.","Minimalno %1 različitih tipova karaktera u lozinki. Klase karaktera: mala slova, velika slova, brojevi, posebni karakteri.",lib,lib/web/mage/validation.js
"Please enter a valid URL. Protocol is required (http://, https:// or ftp://).","Molimo unesite ispravan URL. Protokol je obavezan (http://, https:// or ftp://).",lib,lib/web/mage/validation.js
Please enter a valid URL. For example http://www.example.com or www.example.com.,Molimo unesite ispravan URL. Na primer http://www.example.com ili www.example.com.,lib,lib/web/mage/validation.js
"Please enter a valid XML-identifier (Ex: something_1, block5, id-4).","Molimo unesite ispravnu XML oznaku (Na primer: something_1, block5, id-4).",lib,lib/web/mage/validation.js
Please enter a valid social security number (Ex: 123-45-6789).,Unesite ispravan zaštićeni broj socijalnog osiguranja (Na primer: 123-45-6789).,lib,lib/web/mage/validation.js
Please enter a valid zip code (Ex: 90602 or 90602-1234).,Molimo unesite ispravan poštanski broj (Na primer: 90602 ili 90602-1234).,lib,lib/web/mage/validation.js
"Please use this date format: dd/mm/yyyy. For example 17/03/2006 for the 17th of March, 2006.","Molimo da koristite ovaj format datuma: dd/mm/yyyy. Na primer 17/03/2006 za 17. mart, 2006.",lib,lib/web/mage/validation.js
Please enter a valid $ amount. For example $100.00.,Molimo unesite ispravan iznos u $. Na primer $100.00.,lib,lib/web/mage/validation.js
Please enter a number 0 or greater in this field.,U ovo polje unesite broj 0 ili veći.,lib,lib/web/mage/validation.js
Please enter a number greater than 0 in this field.,U ovo polje unesite broj veći od 0.,lib,lib/web/mage/validation.js
"Please input a valid CSS-length (Ex: 100px, 77pt, 20em, .5ex or 50%).","Molim unesite validanu CSS-dužinu (Ex: 100px, 77pt, 20em, .5ex or 50%).",lib,lib/web/mage/validation.js
Please enter a valid number in this field.,Molimo unesite važeći broj u ovo polje.,lib,lib/web/mage/validation.js
The value is not within the specified range.,Vrednost nije u okviru specifiranog raspona.,lib,lib/web/mage/validation.js
Please use letters only (a-z or A-Z) in this field.,Molimo koristite samo slova (a-z ili A-Z) u ovom polju.,lib,lib/web/mage/validation.js
Please use only letters (a-z or A-Z) or numbers (0-9) in this field. No spaces or other characters are allowed.,"Molimo koristite samo slova (a-z ili A-Z), brojeve (0-9) u ovom polju. Razmak ili drugi karakteri nisu dozvoljeni.",lib,lib/web/mage/validation.js
First character must be letter.,Prvi character must be letter.,lib,lib/web/mage/validation.js
Please enter a valid date.,Unesite ispravan datum.,lib,lib/web/mage/validation.js
Make sure the To Date is later than or the same as the From Date.,Uverite se da je do datum nakon ili isti kao i od datuma.,lib,lib/web/mage/validation.js
Please make sure your passwords match.,Proverite da li se vaše lozinke podudaraju.,lib,lib/web/mage/validation.js
"Please enter a valid URL Key (Ex: ""example-page"", ""example-page.html"" or ""anotherlevel/example-page"").","Molimo unesite važeći URL ključ (Npr: ""example-page"", ""example-page.html"" ili ""anotherlevel/example-page"").",lib,lib/web/mage/validation.js
Please enter a valid zip code.,Unesite ispravan poštanski broj.,lib,lib/web/mage/validation.js
Please select State/Province.,Izaberite državu/pokrajinu.,lib,lib/web/mage/validation.js
The field isn't complete.,Polje nije kompletno.,lib,lib/web/mage/validation.js
This is a required field.,Ovo polje je neophodno.,lib,lib/web/mage/validation.js
Please enter a value less than or equal to %s.,Molim uneti vrednost manju ili jednaku %s.,lib,lib/web/mage/validation.js
Please enter a value greater than or equal to %s.,Molim uneti vrednost veću ili jednaku %s.,lib,lib/web/mage/validation.js
"Please enter valid email addresses, separated by commas. For example, johndoe@domain.com, johnsmith@domain.com.","Molimo unesite valid email addresses, separated by commas. For example, johndoe@domain.com, johnsmith@domain.com.",lib,lib/web/mage/validation.js
Please enter a valid credit card verification number.,Molimo unesite važeći broj za verifikaciju kreditne kartice.,lib,lib/web/mage/validation.js
Please enter issue number or start date for switch/solo card type.,Molimo unesite issue number or start date for switch/solo card type.,lib,lib/web/mage/validation.js
Please enter positive number in this field.,Molimo unesite positive number in this field.,lib,lib/web/mage/validation.js
"Please enter a valid value, ex: 10,20,30","Molimo unesite a valid value, ex: 10,20,30",lib,lib/web/mage/validation.js
Please enter a quantity greater than 0.,Molimo unesite a quantity greater than 0.,lib,lib/web/mage/validation.js
The fewest you may purchase is %1.,Možete poručiti najmanje %1.,lib,lib/web/mage/validation.js
You can buy this product only in quantities of %1 at a time.,Ovaj proizvod možete kupiti samo u količini od %1 odjednom.,lib,lib/web/mage/validation.js
The password can't be the same as the email address. Create a new password and try again.,Lozinka ne može biti email adresa. Kreirajte novu Lozinku i pokušajte ponovo.,lib,lib/web/mage/validation.js
Please enter a value less than or equal to {0}.,Molim uneti vrednost manju ili jednaku {0}.,lib,lib/web/mage/validation.js
Please enter a value greater than or equal to {0}.,Molim uneti vrednost veću ili jednaku {0}.,lib,lib/web/mage/validation.js
Please specify the quantity of product(s).,Izaberite količinu proizvoda.,lib,lib/web/mage/validation/validation.js
This is a required field.,Ovo polje je neophodno.,lib,lib/web/mage/validation/validation.js
Select File to Import,Izaberi Datoteka to Uvezi,module,Hryvinskyi_Csp
Cancel,Odustani,module,Hryvinskyi_Csp
Cancel,Odustani,module,Magento_AdobeStockImageAdminUi
File Name,Datoteka Naziv,module,Magento_AdobeStockImageAdminUi
Confirm,Potvrdi,module,Magento_AdobeStockImageAdminUi
Save,Sačuvaj,module,Magento_AdobeStockImageAdminUi
Ok,U redu,module,Magento_AdobeStockImageAdminUi
Something went wrong.,Nešto krenulo naopako.,module,Magento_AsynchronousOperations
We could not detect a size.,Nismo mogli otkriti veličinu.,module,Magento_Backend
Disallowed file type.,Nedozvoljeni tip fajla.,module,Magento_Backend
Please confirm scope switching. All data that hasn't been saved will be lost.,Molimo vas potvrdite promenu opsega. Svi podaci nisu dačuvani i biće obrisani.,module,Magento_Backend
Warning message,Poruka upozorenja,module,Magento_Backend
This operation can take a long time,Ova operacija može potrajati dugo vremena,module,Magento_Backend
Add Products to New Option,Dodavanje proizvoda u novu opciju,module,Magento_Bundle
"Add Products to Option ""%1""",Dodavanje proizvoda na opciju „%1”,module,Magento_Bundle
Warning message,Poruka upozorenja,module,Magento_Catalog
Ok,U redu,module,Magento_Catalog
We don't recognize or support this file extension type.,Ne možemo prepoznati ili pružiti podršku za ovaj tip datoteke.,module,Magento_Catalog
Configure Product,Konfigurisani Proizvod,module,Magento_Catalog
Select type of option.,Odaberi tip opcije.,module,Magento_Catalog
Please add rows to option.,Molimo dodajte redove u opciju.,module,Magento_Catalog
An item needs to be selected. Select and try again.,Morate odabrati artikl. Odaberite i pokušajte ponovo.,module,Magento_Catalog
Choose existing category.,Izabrati odgovarajuću kategoriju.,module,Magento_Catalog
Image Detail,Detalji slike,module,Magento_Catalog
Adding...,Dodavanje...,module,Magento_Catalog
Added,Dodato,module,Magento_Catalog
remaining,preostalo,module,Magento_Catalog
too many,previše,module,Magento_Catalog
does not implement Storage Interface,nije implementiran Storage Interface,module,Magento_Catalog
unselect all,poništi izabrane,module,Magento_Catalog
Close,Zatvori,module,Magento_CheckoutAgreements
Provided Zip/Postal Code seems to be invalid.,Poštanski broj nije ispravan.,module,Magento_Checkout
Example:,Primer:,module,Magento_Checkout
If you believe it is the right one you can ignore this notice.,"Ukoliko verujete da je ispravno, možete ignorisati ovo obaveštenje.",module,Magento_Checkout
Field,Polje,module,Magento_Checkout
is required.,je obavezno.,module,Magento_Checkout
Something went wrong with your request. Please try again later.,Došlo je do greške u vašem zahtevu. Molimo pokušajte ponovo kasnije.,module,Magento_Checkout
Are you sure you would like to remove this item from the shopping cart?,Želite ukloniti ovaj proizvod iz korpe?,module,Magento_Checkout
Review & Payments,Pregledi i Plaćanja,module,Magento_Checkout
Select a new payment method,Odaberite novi način plaćanja,module,Magento_Checkout
Shipping,Dostava,module,Magento_Checkout
Save Address,Sačuvaj adresu,module,Magento_Checkout
Please specify a regionId in shipping address.,Molimo navedite region u adresi za dostavu.,module,Magento_Checkout
New Product Review,Pregled Novog Proizvoda,module,Magento_ConfigurableProduct
Here are the products you're about to create.,Ovde su proizvodi koje ćete kreirati.,module,Magento_ConfigurableProduct
You created these products for this configuration.,Kreirali ste te proizvode za ovu konfiguraciju.,module,Magento_ConfigurableProduct
Disassociated Products,Nepridruženi Proizvodi,module,Magento_ConfigurableProduct
These products are not associated.,Ovi proizvodi nisu pridruženi.,module,Magento_ConfigurableProduct
Incl. Tax,Iznos sa PDV,module,Magento_ConfigurableProduct
Choose a new product to delete and replace the current product configuration.,Odaberite novi proizvod da obrišete i zamenite trenutnu konfiguraciju proizvoda.,module,Magento_ConfigurableProduct
An attribute has been removed. This attribute will no longer appear in your configurations.,Atribut je uklonjen. Ovaj atribut se više neće pojavljivati u vašim konfiguracijama.,module,Magento_ConfigurableProduct
Select options for all attributes or remove unused attributes.,Odaberite opcije za sve atribute ili uklonite atribute koji se ne koriste.,module,Magento_ConfigurableProduct
Choose this option to delete and replace extension data for all past configurations.,Odaberite ovu opciju da biste obrisali i zamenili ekstenziju podataka za sve prethodne konfiguracije.,module,Magento_ConfigurableProduct
Please select attribute for {section} section.,Molimo odaberite atribut za {section} sekciju.,module,Magento_ConfigurableProduct
Please fill in the values for {section} section.,Molimo popunite vrednosti za {section} sekcije.,module,Magento_ConfigurableProduct
Please fill-in correct values.,Molimo upišite ispravne vrednosti.,module,Magento_ConfigurableProduct
Please select image(s) for your attribute.,Molimo odaberite sliku(e) za svoje atribute.,module,Magento_ConfigurableProduct
Please choose image(s).,Molimo odaberite sliku(e).,module,Magento_ConfigurableProduct
We could not detect a size.,Nismo mogli otkriti veličinu.,module,Magento_ConfigurableProduct
We don't recognize or support this file extension type.,Ne možemo prepoznati ili pružiti podršku za ovaj tip datoteke.,module,Magento_ConfigurableProduct
"When you remove or add an attribute, we automatically update all configurations and you will need to recreate current configurations manually.","Kada uklanjate ili dodajete atribut, automatski ćemo ažurirati sve konfiguracije i vi ćete morati ponovo da kreirate trenutne konfiguracije ručno.",module,Magento_ConfigurableProduct
Please select attribute(s).,Molimo odaberite atribut(e).,module,Magento_ConfigurableProduct
Generate Products,Generišite Proizvode,module,Magento_ConfigurableProduct
Something went wrong.,Nešto krenulo naopako.,module,Magento_ConfigurableProduct
Are you sure you want to do this?,Jeste li sigurni da želite da uradite ovo?,module,Magento_Customer
"Sorry, there has been an error processing your request. Please try again later.","Izvinite, dogodila se greška pri obradi vašeg zahteva. Pokušajte ponovo kasnije.",module,Magento_Customer
Could not authenticate. Please try again later,Autentifikacija nije uspela. Molimo pokušajte kasnije,module,Magento_Customer
Are you sure you want to delete this address?,Jeste li sigurni da želite da obrišete ovu adresu?,module,Magento_Customer
Provided Zip/Postal Code seems to be invalid.,Poštanski broj nije ispravan.,module,Magento_Customer
Example:,Primer:,module,Magento_Customer
If you believe it is the right one you can ignore this notice.,"Ukoliko verujete da je ispravno, možete ignorisati ovo obaveštenje.",module,Magento_Customer
Weak,Slabo,module,Magento_Customer
Medium,Srednje,module,Magento_Customer
Strong,Jako,module,Magento_Customer
Very Strong,Veoma jako,module,Magento_Customer
Invalid date,Nevažeći datum,module,Magento_Customer
Guest checkout is disabled.,Nije omogućeno plaćanje gostu.,module,Magento_Customer
Field,Polje,module,Magento_Dhl
is required.,je obavezno.,module,Magento_Dhl
We could not detect a size.,Nismo mogli otkriti veličinu.,module,Magento_Downloadable
These changes affect all related products.,Ove promene utiču na sve povezane proizvode.,module,Magento_Eav
Field,Polje,module,Magento_Fedex
is required.,je obavezno.,module,Magento_Fedex
Instant Purchase,Trenutna kupovina,module,Magento_InstantPurchase
Are you sure you want to place order and pay?,Da li ste sigurni želite da place order and pay?,module,Magento_InstantPurchase
Shipping Address,Adresa za isporuku,module,Magento_InstantPurchase
Billing Address,Adresa za fakturisanje,module,Magento_InstantPurchase
Payment Method,Način plaćanja,module,Magento_InstantPurchase
Shipping Method,Način dostave,module,Magento_InstantPurchase
"Sorry, something went wrong. Please try again later.","Izvinite, došlo je do greške. Pokušajte kasnije.",module,Magento_Integration
Allow,Dozvoli,module,Magento_Integration
Done,Gotovo,module,Magento_Integration
New Product Review,Pregled Novog Proizvoda,module,Magento_InventoryConfigurableProductAdminUi
Here are the products you're about to create.,Ovde su proizvodi koje ćete kreirati.,module,Magento_InventoryConfigurableProductAdminUi
Associated Products,Pridruženi Proizvodi,module,Magento_InventoryConfigurableProductAdminUi
You created these products for this configuration.,Kreirali ste te proizvode za ovu konfiguraciju.,module,Magento_InventoryConfigurableProductAdminUi
Disassociated Products,Nepridruženi Proizvodi,module,Magento_InventoryConfigurableProductAdminUi
These products are not associated.,Ovi proizvodi nisu pridruženi.,module,Magento_InventoryConfigurableProductAdminUi
Enabled,Omogućeno,module,Magento_InventoryConfigurableProductAdminUi
Disabled,Onemogućeno,module,Magento_InventoryConfigurableProductAdminUi
Quantity,Količina,module,Magento_InventoryConfigurableProductAdminUi
Please fill-in correct values.,Molimo upišite ispravne vrednosti.,module,Magento_InventoryConfigurableProductAdminUi
SKU,Šifra,module,Magento_InventoryConfigurableProductAdminUi
Store,Prodavnica,module,Magento_LoginAsCustomerAdminUi
Cancel,Odustani,module,Magento_LoginAsCustomerAdminUi
Close,Zatvori,module,Magento_LoginAsCustomerAssistance
Delete,Obrisati,module,Magento_MediaGalleryUi
New Folder Name:,Novi Naziv Foldera:,module,Magento_MediaGalleryUi
Confirm,Potvrdi,module,Magento_MediaGalleryUi
Are you sure you want to delete this folder?,Da li ste sigurni da želite da izbrišete ovaj folder?,module,Magento_MediaGalleryUi
View Details,Pogledaj detalje,module,Magento_MediaGalleryUi
Edit,Izmeni,module,Magento_MediaGalleryUi
Please choose a payment method.,Odaberite način plaćanja.,module,Magento_Multishipping
Field,Polje,module,Magento_OfflineShipping
is required.,je obavezno.,module,Magento_OfflineShipping
Close,Zatvori,module,Magento_OrderCancellationUi
Confirm,Potvrdi,module,Magento_OrderCancellationUi
"Sorry, there was an error getting requested content. Please contact the store owner.","Izvinite, Pojavila se greška prilikom preuzimanja željenog sadržaja. Molim kontakrirajte vlasnika prodavnice.",module,Magento_PageBuilder
or,ili,module,Magento_PageBuilder
Upload Image,Ubaci Sliku,module,Magento_PageBuilder
Cancel,Odustani,module,Magento_PaymentServicesBase
Close,Zatvori,module,Magento_PaymentServicesPaypal
Postal code is required.,Postal code je obavezno.,module,Magento_PaymentServicesPaypal
This is a required field.,Ovo polje je neophodno.,module,Magento_PaymentServicesPaypal
Please enter a valid credit card number.,Molimo unesite važeći broj kreditne kartice.,module,Magento_PaymentServicesPaypal
Something went wrong with your request. Please try again later.,Došlo je do greške u vašem zahtevu. Molimo pokušajte ponovo kasnije.,module,Magento_PaymentServicesPaypal
Summary,Rezime,module,Magento_PaymentServicesPaypal
Total,Ukupno,module,Magento_PaymentServicesPaypal
Tax,Porez,module,Magento_PaymentServicesPaypal
Shipping,Dostava,module,Magento_PaymentServicesPaypal
Discount,Popust,module,Magento_PaymentServicesPaypal
Pay with PayPal,Platite preko PayPal,module,Magento_PaymentServicesPaypal
Please enter a valid credit card type number.,Molimo unesite a valid credit card type number.,module,Magento_Payment
Please enter a valid credit card number.,Molimo unesite važeći broj kreditne kartice.,module,Magento_Payment
Incorrect credit card expiration month.,Netačan credit card expiration month.,module,Magento_Payment
Incorrect credit card expiration year.,Netačan credit card expiration year.,module,Magento_Payment
Something went wrong with your request. Please try again later.,Došlo je do greške u vašem zahtevu. Molimo pokušajte ponovo kasnije.,module,Magento_Paypal
"Sorry, something went wrong.","Izvinite, došlo je do greške.",module,Magento_Paypal
"Sorry, something went wrong. Please try again later.","Izvinite, došlo je do greške. Pokušajte kasnije.",module,Magento_Paypal
Video Error,Video Greška,module,Magento_ProductVideo
Unknown video type,Nepoznat tip videa,module,Magento_ProductVideo
Invalid video url,Neispravan URL videa,module,Magento_ProductVideo
Youtube API key is invalid,YouTube API ključ je neispravan,module,Magento_ProductVideo
Video not found,Video nije pronađeno,module,Magento_ProductVideo
New Video,Novo Video,module,Magento_ProductVideo
Save,Sačuvaj,module,Magento_ProductVideo
Cancel,Odustani,module,Magento_ProductVideo
Delete,Obrisati,module,Magento_ProductVideo
Edit Video,Izmeni Video,module,Magento_ProductVideo
An error occurred while logging process.,Došlo je do greške while logging process.,module,Magento_ReleaseNotification
Please select one of each of the ratings above.,Molimo izaberite one of each of the ratings above.,module,Magento_Review
Your coupon was successfully removed.,Your coupon was uspešno removed.,module,Magento_SalesRule
Your coupon was successfully applied.,Your coupon was uspešno applied.,module,Magento_SalesRule
Gift Options for,Poklon Opcije,module,Magento_Sales
Add Products,Dodaj proizvode,module,Magento_Sales
You have item changes,Imate izmene artikala,module,Magento_Sales
Ok,U redu,module,Magento_Sales
No,Ne,module,Magento_Security
Yes,Da,module,Magento_Security
Not yet calculated,Još uvek nije izračunato,module,Magento_Tax
We could not detect a size.,Nismo mogli otkriti veličinu.,module,Magento_Theme
We don't recognize this file extension.,Ne prepoznajemo ovu ekstenziju fajla.,module,Magento_Theme
Home,Početna,module,Magento_Theme
Go to Home Page,Idi na početnu stranicu,module,Magento_Theme
Error,Greška,module,Magento_TwoFactorAuth
Cancel,Odustani,module,Magento_TwoFactorAuth
Confirm,Potvrdi,module,Magento_TwoFactorAuth
Add,Dodaj,module,Magento_Ui
Something went wrong.,Nešto krenulo naopako.,module,Magento_Ui
was not uploaded,nije uploaded,module,Magento_Ui
Done,Gotovo,module,Magento_Ui
options,opcije,module,Magento_Ui
Select...,Izabrati...,module,Magento_Ui
Entity with ID: %s doesn't exist,Entity with ID: %s ne postoji,module,Magento_Ui
Open in new tab,Otvori in new tab,module,Magento_Ui
Select All,Izaberi sve,module,Magento_Ui
Deselect All,Opozovi sve izbore,module,Magento_Ui
Select All on This Page,Izaberi Sve on This Stranica,module,Magento_Ui
Deselect All on This Page,Deselect Sve on This Stranica,module,Magento_Ui
On,Uključeno,module,Magento_Ui
Off,Isključeno,module,Magento_Ui
Go to Details Page,Go to Detalji Stranica,module,Magento_Ui
Default View,Podrazumevano Pregled,module,Magento_Ui
You have successfully saved your edits.,You have uspešno saved your edits.,module,Magento_Ui
from,od,module,Magento_Ui
to,do,module,Magento_Ui
Search by keyword,Pretraga by keyword,module,Magento_Ui
Select Date,Izaberi Datum,module,Magento_Ui
Please enter more or equal than {0} symbols.,Molimo unesite more or equal than {0} symbols.,module,Magento_Ui
Please enter less or equal than {0} symbols.,Molimo unesite less or equal than {0} symbols.,module,Magento_Ui
Please enter {0} words or less.,Unesite {0} ili manje reči.,module,Magento_Ui
Please enter at least {0} words.,Unesite bar {0} reči.,module,Magento_Ui
Please enter between {0} and {1} words.,Unesite između {0} i {1} reči.,module,Magento_Ui
Letters or punctuation only please,Samo slova i znakovi interpunkcije,module,Magento_Ui
"Letters, numbers, spaces or underscores only please","Samo slova, brojevi, razmaci ili podvlake",module,Magento_Ui
Letters only please,Samo slova,module,Magento_Ui
No white space please,"Bez razmaka, molim Vas",module,Magento_Ui
No marginal white space please,"Bez marginalnih razmaka, molim Vas",module,Magento_Ui
Your ZIP-code must be in the range 902xx-xxxx to 905-xx-xxxx,Vaš poštanski broj mora biti u opsegu 902xx-xxxx do 905-xx-xxxx,module,Magento_Ui
A positive or negative non-decimal number please,Samo pozitivni ili negativni ne-decimalni brojevi,module,Magento_Ui
The specified vehicle identification number (VIN) is invalid.,Navedeni identifikacioni broj vozila (VIN) je neispravan.,module,Magento_Ui
Please enter a correct date,Unesite ispravan datum,module,Magento_Ui
"Please enter a valid time, between 00:00 and 23:59","Unesite ispravno vreme, između 00:00 i 23:59",module,Magento_Ui
"Please enter a valid time, between 00:00 am and 12:00 pm","Unesite ispravno vreme, između 00:00 am i 12:00 pm",module,Magento_Ui
Please specify a valid phone number,Unesite ispravan broj telefona,module,Magento_Ui
Please specify a valid mobile number,Unesite ispravan broj mobilnog telefona,module,Magento_Ui
Please enter at least {0} characters,Unesite barem {0} karaktera,module,Magento_Ui
Please enter a valid credit card number.,Molimo unesite važeći broj kreditne kartice.,module,Magento_Ui
Please enter a valid IP v4 address.,Molimo unesite ispravnu IP v4 adresu.,module,Magento_Ui
Please enter a valid IP v6 address.,Molimo unesite ispravnu IP v6 adresu.,module,Magento_Ui
Invalid format.,Neispravan format.,module,Magento_Ui
HTML tags are not allowed.,HTML tagovi nisu dozvoljeni.,module,Magento_Ui
Please select an option.,Izaberite neku opciju.,module,Magento_Ui
Empty Value.,Prazna vrednost.,module,Magento_Ui
"Please use only letters (a-z or A-Z), numbers (0-9) or spaces only in this field.","Molimo koristite samo slova (a-z ili A-Z), brojeve (0-9) ili razmake u ovom polju.",module,Magento_Ui
"Please use only letters (a-z or A-Z), numbers (0-9) or underscore (_) in this field, and the first character should be a letter.","Molimo koristite samo slova (a-z ili A-Z), brojeve (0-9) ili podvlake (_) u ovom polju, i prvi karakter bi trebao biti slovo.",module,Magento_Ui
"Please use only letters (a-z or A-Z), numbers (0-9), spaces and ""#"" in this field.","Molimo koristite samo slova (a-z ili A-Z), brojeve (0-9) ili razmake i ""#"" u ovom polju.",module,Magento_Ui
Please enter a valid phone number. For example (123) 456-7890 or 123-456-7890.,Unesite ispravan broj telefona. Na primer (123) 456-7890 or 123-456-7890.,module,Magento_Ui
Please enter a valid fax number (Ex: 123-456-7890).,Unesite ispravan fax broj (Na primer: 123-456-7890).,module,Magento_Ui
Please enter a valid email address (Ex: johndoe@domain.com).,Molimo unesite ispravnu email adresu (Na primer: johndoe@domain.com).,module,Magento_Ui
Please enter 6 or more characters. Leading and trailing spaces will be ignored.,Unesite 6 ili više karaktera. Vodeći i uvučeni razmaci će biti ignorisani.,module,Magento_Ui
"Please enter 7 or more characters, using both numeric and alphabetic.","Unesite 7 ili više karaktera, koristeći brojeve i slova.",module,Magento_Ui
Minimum length of this field must be equal or greater than %1 symbols. Leading and trailing spaces will be ignored.,Minimalna dužina ovog polja mora biti veća ili jednaka %1 simbola. Vodeći i razmaci na kraju će biti ignorisani.,module,Magento_Ui
"Minimum of different classes of characters in password is %1. Classes of characters: Lower Case, Upper Case, Digits, Special Characters.","Minimalno %1 različitih tipova karaktera u lozinki. Klase karaktera: mala slova, velika slova, brojevi, posebni karakteri.",module,Magento_Ui
"Please enter a valid URL. Protocol is required (http://, https:// or ftp://).","Molimo unesite ispravan URL. Protokol je obavezan (http://, https:// or ftp://).",module,Magento_Ui
Please enter a valid URL. For example http://www.example.com or www.example.com.,Molimo unesite ispravan URL. Na primer http://www.example.com ili www.example.com.,module,Magento_Ui
"Please enter a valid XML-identifier (Ex: something_1, block5, id-4).","Molimo unesite ispravnu XML oznaku (Na primer: something_1, block5, id-4).",module,Magento_Ui
Please enter a valid social security number (Ex: 123-45-6789).,Unesite ispravan zaštićeni broj socijalnog osiguranja (Na primer: 123-45-6789).,module,Magento_Ui
Please enter a valid zip code (Ex: 90602 or 90602-1234).,Molimo unesite ispravan poštanski broj (Na primer: 90602 ili 90602-1234).,module,Magento_Ui
"Please use this date format: dd/mm/yyyy. For example 17/03/2006 for the 17th of March, 2006.","Molimo da koristite ovaj format datuma: dd/mm/yyyy. Na primer 17/03/2006 za 17. mart, 2006.",module,Magento_Ui
Please enter a valid $ amount. For example $100.00.,Molimo unesite ispravan iznos u $. Na primer $100.00.,module,Magento_Ui
"Please input a valid CSS-length (Ex: 100px, 77pt, 20em, .5ex or 50%).","Molim unesite validanu CSS-dužinu (Ex: 100px, 77pt, 20em, .5ex or 50%).",module,Magento_Ui
Please enter a valid number in this field.,Molimo unesite važeći broj u ovo polje.,module,Magento_Ui
Please enter a valid integer in this field.,Molimo unesite a valid integer in this field.,module,Magento_Ui
The value is not within the specified range.,Vrednost nije u okviru specifiranog raspona.,module,Magento_Ui
Please enter a valid percentage discount value greater than 0.,Molimo unesite a valid percentage discount value greater than 0.,module,Magento_Ui
Please use letters only (a-z or A-Z) in this field.,Molimo koristite samo slova (a-z ili A-Z) u ovom polju.,module,Magento_Ui
Please use only letters (a-z or A-Z) or numbers (0-9) in this field. No spaces or other characters are allowed.,"Molimo koristite samo slova (a-z ili A-Z), brojeve (0-9) u ovom polju. Razmak ili drugi karakteri nisu dozvoljeni.",module,Magento_Ui
First character must be letter.,Prvi character must be letter.,module,Magento_Ui
Make sure the To Date is later than or the same as the From Date.,Uverite se da je do datum nakon ili isti kao i od datuma.,module,Magento_Ui
"Please enter a valid URL Key (Ex: ""example-page"", ""example-page.html"" or ""anotherlevel/example-page"").","Molimo unesite važeći URL ključ (Npr: ""example-page"", ""example-page.html"" ili ""anotherlevel/example-page"").",module,Magento_Ui
Please enter a valid zip code.,Unesite ispravan poštanski broj.,module,Magento_Ui
Please select State/Province.,Izaberite državu/pokrajinu.,module,Magento_Ui
Please enter a value less than or equal to %s.,Molim uneti vrednost manju ili jednaku %s.,module,Magento_Ui
Please enter a value greater than or equal to %s.,Molim uneti vrednost veću ili jednaku %s.,module,Magento_Ui
"Please enter valid email addresses, separated by commas. For example, johndoe@domain.com, johnsmith@domain.com.","Molimo unesite valid email addresses, separated by commas. For example, johndoe@domain.com, johnsmith@domain.com.",module,Magento_Ui
Please enter issue number or start date for switch/solo card type.,Molimo unesite issue number or start date for switch/solo card type.,module,Magento_Ui
This is a required field.,Ovo polje je neophodno.,module,Magento_Ui
Please enter positive number in this field.,Molimo unesite positive number in this field.,module,Magento_Ui
"Please enter a valid value, ex: 10,20,30","Molimo unesite a valid value, ex: 10,20,30",module,Magento_Ui
Please enter a quantity greater than 0.,Molimo unesite a quantity greater than 0.,module,Magento_Ui
The fewest you may purchase is %1.,Možete poručiti najmanje %1.,module,Magento_Ui
You can buy this product only in quantities of %1 at a time.,Ovaj proizvod možete kupiti samo u količini od %1 odjednom.,module,Magento_Ui
We don't recognize or support this file extension type.,Ne možemo prepoznati ili pružiti podršku za ovaj tip datoteke.,module,Magento_Ui
File you are trying to upload exceeds maximum file size limit.,Datoteka you are trying to upload exceeds maximum file size limit.,module,Magento_Ui
"Wrong color format. Please specify color in HEX, RGBa, HSVa, HSLa or use color name.","Wrong color format. Molimo navedite color in HEX, RGBa, HSVa, HSLa or use color name.",module,Magento_Ui
Ok,U redu,module,Magento_Ui
Field,Polje,module,Magento_Ups
is required.,je obavezno.,module,Magento_Ups
Field,Polje,module,Magento_Usps
is required.,je obavezno.,module,Magento_Usps
Edit Variable,Izmeni Varijabla,module,Magento_Variable
Insert Variable,Ubaci promenljivu,module,Magento_Variable
The variable %1 is no longer available. Select a different variable.,The variable %1 is no longer available. Izaberi a different variable.,module,Magento_Variable
Cancel,Odustani,module,Magento_Variable
Save,Sačuvaj,module,Magento_Variable
Cancel,Odustani,module,Magento_Vault
Action,Akcija,module,Mageplaza_Core
Close,Zatvori,module,Mageplaza_Core
Complete,Završeno,module,Mageplaza_Core
N/A,N/A - nije dostupno,module,MaxServ_YoastSeo
Show more,Prikaži more,module,Smile_ElasticsuiteCatalogOptimizer
Medium,Srednje,module,Smile_ElasticsuiteCatalogOptimizer
Show more,Prikaži more,module,Smile_ElasticsuiteCatalog
Search,Pretraga,module,Smile_ElasticsuiteCatalog
Your search returned no results.,Vaša pretraga nije vratila rezultate.,module,Smile_ElasticsuiteCatalog
In Stock,Na stanju,module,Smile_ElasticsuiteCatalog
Maximum,Maksimum,module,Smile_ElasticsuiteCatalog
Enabled,Omogućeno,module,Clarus_Hideprice
Enabled,Omogućeno,module,Smdesign_Intesapay
Title,Naslov,module,Smdesign_Intesapay
Test Mode,Režim testa,module,Smdesign_Intesapay
Debug,Otklanjanje grešaka,module,Smdesign_Intesapay
Merchant ID,ID trgovca,module,Smdesign_Intesapay
User Name,Korisničko ime,module,Smdesign_Intesapay
Password,Lozinka,module,Smdesign_Intesapay
Currency,Valuta,module,Smdesign_Intesapay
Payment from Applicable Countries,Plaćanja iz privaćenih zemalja,module,Smdesign_Intesapay
Payment from Specific Countries,Plaćanja iz određenih zemalja,module,Smdesign_Intesapay
Attributes,Atributi,theme,frontend/Clarus/breg2
Description,Opis,theme,frontend/Webkul/hyva_child
Newsletter Subscriptions,Pretplate na bilten,theme,frontend/Webkul/hyva_child
Reviews,Recenzije,theme,frontend/Webkul/hyva_child
Products,Proizvodi,theme,frontend/Webkul/hyva_child
Categories,Kategorije,theme,frontend/Webkul/hyva_child
Attributes,Atributi,theme,frontend/Webkul/hyva_child
Description,Opis,theme,frontend/Clarus/flutto
Newsletter Subscriptions,Pretplate na bilten,theme,frontend/Clarus/flutto
Reviews,Recenzije,theme,frontend/Clarus/flutto
Products,Proizvodi,theme,frontend/Clarus/flutto
Categories,Kategorije,theme,frontend/Clarus/flutto
Attributes,Atributi,theme,frontend/Clarus/flutto
General Information,Opšte informacije,module,Experius_MissingTranslations
Locale,Lokalno,module,Experius_MissingTranslations
Store,Prodavnica,module,Experius_MissingTranslations
Configuration,Konfiguracija,module,Hryvinskyi_Csp
General,Opšte,module,Hryvinskyi_Csp
General Information,Opšte informacije,module,Hryvinskyi_Csp
Back,Nazad,module,Hryvinskyi_Csp
Status Code,Status Kod,module,Hryvinskyi_Csp
Created At,Kreirano,module,Hryvinskyi_Csp
Updated At,Ažuriran At,module,Hryvinskyi_Csp
Delete items,Obriši proizvode,module,Hryvinskyi_Csp
Created,Kreiran,module,Hryvinskyi_Csp
Modified,Izmenjeno,module,Hryvinskyi_Csp
Are you sure you wan't to delete selected items?,Da li ste sigurni you wan't to delete selected items?,module,Hryvinskyi_Csp
Value,Vrednost,module,Hryvinskyi_Csp
Store View,Prikaz prodavnice,module,Hryvinskyi_Csp
Save,Sačuvaj,module,Hryvinskyi_Csp
Save and Continue Edit,Sačuvaj i nastavi uređivanje,module,Hryvinskyi_Csp
Reset,Resetovati,module,Hryvinskyi_Csp
Identifier,Identifikator,module,Hryvinskyi_Csp
Add,Dodaj,module,Hryvinskyi_Csp
We found other products you might like!,Pronašli smo ove proizvode koje možda više volite!,theme,frontend/Hyva/default
Related Products,Slični proizvodi,theme,frontend/Hyva/default
More Information,Više informacija,theme,frontend/Hyva/default
Advanced Search,Napredna pretraga,theme,frontend/Hyva/default
Catalog Advanced Search,Napredna Pretraga Kataloga,theme,frontend/Hyva/default
Thank you for your purchase!,Zahvaljujemo Vam se na kupovini!,theme,frontend/Hyva/default
Contact Us,Kontaktirajte nas,theme,frontend/Hyva/default
Dashboard,Kontrolna tabla,theme,frontend/Hyva/default
Create New Customer Account,Kreiraj Novi Korisnički Nalog,theme,frontend/Hyva/default
Password forgotten,Zaboravljena Lozinka,theme,frontend/Hyva/default
Sign Out,Odjavi se,theme,frontend/Hyva/default
Newsletter Subscriptions,Pretplate na bilten,theme,frontend/Hyva/default
Order,Porudžbina,theme,frontend/Hyva/default
Invoices,Fakture,theme,frontend/Hyva/default
Shipments,Isporuke,theme,frontend/Hyva/default
Track All Shipments,Pratite sve pošiljke,theme,frontend/Hyva/default
Popular Search Terms,Popularni traženi pojmovi,theme,frontend/Hyva/default
Track your order,Pratite svoj paket,theme,frontend/Hyva/default
Skip to Content,Skip to Sadržaj,theme,frontend/Hyva/default
Product Details and Comment,Proizvod Detalji and Comment,theme,frontend/Hyva/default
Number of Products to display,Broj proizvoda za prikaz,module,Hyva_Widgets
Sort By,Poređaj po,module,Hyva_Widgets
Display Type,Tip Prikaza,module,Hyva_Widgets
Grid,Mreža,module,Hyva_Widgets
No,Ne,module,Hyva_Widgets
Yes,Da,module,Hyva_Widgets
Products,Proizvodi,module,Hyva_SmileElasticsuite
Categories,Kategorije,module,Hyva_SmileElasticsuite
Attributes,Atributi,module,Hyva_SmileElasticsuite
General Settings,Opšte postavke,module,Hyva_ThemeFallback
Enable,Omogući,module,Hyva_ThemeFallback
Catalog,Katalog,module,Hyva_Theme
Compare Products,Poređenje proizvoda,module,Hyva_Theme
Recently Viewed Products,Nedavno pregledani proizvodi,module,Hyva_Theme
Developer,Programеr,module,Hyva_Theme
General,Opšte,module,Hyva_Theme
Method,Metoda,module,Hyva_Theme
System,Sistem,module,Hyva_Theme
Images,Slike,module,Hyva_Theme
Allow,Dozvoli,module,Magento_AdminAnalytics
Show Toolbar,Prikaži traku sa alatkama,module,Magento_AdminNotification
Show List,Prikaži listu,module,Magento_AdminNotification
Use HTTPS to Get Feed,Koristite HTTPS se Get Feed,module,Magento_AdminNotification
Update Frequency,Ažuriraj učestalost,module,Magento_AdminNotification
Last Update,Poslednja promena,module,Magento_AdminNotification
Severity,Ozbiljnost,module,Magento_AdminNotification
Date Added,Datum Dodavanja,module,Magento_AdminNotification
Message,Poruka,module,Magento_AdminNotification
Actions,Radnje,module,Magento_AdminNotification
Are you sure?,Da li ste sigurni?,module,Magento_AdminNotification
Actions,Radnje,module,Magento_AdobeIms
Login,Prijava,module,Magento_AdobeIms
Test Connection,Proveri Vezu,module,Magento_AdobeStockAdminUi
Delete,Obrisati,module,Magento_AdobeStockAsset
Save,Sačuvaj,module,Magento_AdobeStockAsset
View,Pregled,module,Magento_AdobeStockAsset
Price,Cena,module,Magento_AdobeStockImageAdminUi
Disabled,Onemogućeno,module,Magento_AdobeStockImageAdminUi
Relevance,Relevantnost,module,Magento_AdobeStockImageAdminUi
Downloads,Preuzimanja,module,Magento_AdobeStockImageAdminUi
Enable Search Recommendations,Omogući pretragu preporuka,module,Magento_AdvancedSearch
When you enable this option your site may slow down.,"Kada omogućite ovu opciju, vaše lokacije može usporiti.",module,Magento_AdvancedSearch
Search Recommendations Count,Pretraži broj preporuka,module,Magento_AdvancedSearch
Show Results Count for Each Recommendation,Prikaži rezultate Broj za svaku preporuku,module,Magento_AdvancedSearch
Enable Search Suggestions,Omogući pretragu predloga,module,Magento_AdvancedSearch
Search Suggestions Count,Traži broj predloga,module,Magento_AdvancedSearch
Show Results Count for Each Suggestion,Prikaži broj rezultata za svaki predlog,module,Magento_AdvancedSearch
Related search terms,Srodni termini za pretragu,module,Magento_AdvancedSearch
Did you mean,Da li ste mislili,module,Magento_AdvancedSearch
Search Query,Upit za pretragu,module,Magento_AdvancedSearch
Store,Prodavnica,module,Magento_AdvancedSearch
Results,Rezultati,module,Magento_AdvancedSearch
Uses,Upotrebljeno,module,Magento_AdvancedSearch
Redirect URL,Preusmjeravanje URL,module,Magento_AdvancedSearch
Suggested Term,Predloženi termin,module,Magento_AdvancedSearch
Yes,Da,module,Magento_AdvancedSearch
No,Ne,module,Magento_AdvancedSearch
Action,Akcija,module,Magento_AdvancedSearch
Edit,Izmeni,module,Magento_AdvancedSearch
Analytics,Analitika,module,Magento_Analytics
Configuration,Konfiguracija,module,Magento_Analytics
Business Intelligence,Poslovna inteligencija,module,Magento_Analytics
BI Essentials,BI osnove,module,Magento_Analytics
Advanced Reporting Service,Napredna usluga izveštavanja,module,Magento_Analytics
Time of day to send data,Doba dana za slanje podataka,module,Magento_Analytics
Industry,Industrija,module,Magento_Analytics
"In order to personalize your Advanced Reporting experience, please select your industry.","Molim da podesite vašu granu industrije u meniju Napredna izveštavanja, kako bi ste dobili bolje izveštaje.",module,Magento_Analytics
<strong>Get more insights from Magento Business Intelligence</strong>,<strong>Dobijte više saznanja iz Magento Business Intelligence</strong>,module,Magento_Analytics
"Magento Business Intelligence provides you with a simple and clear path to
                    becoming more data driven.</br> Learn more about <a target=""_blank""
                    href=""https://dashboard.rjmetrics.com/v2/magento/signup/"">Magento BI Essentials and BI Pro</a> tiers.","Magento Business Intelligence vam pruža jednostavan i jasan put kako da
                dobijete više podataka za upravljanje.</br> Saznajte više o <a target=""_blank""
                href=""https://dashboard.rjmetrics.com/v2/magento/signup/"">BI Osnovni i BI Pro</a> sloj.",module,Magento_Analytics
Auto Parts,Auto delovi,module,Magento_Analytics
"Baby/Children’s Apparel, Gear and Toys","Odece beba/za decu, opremu i igračke",module,Magento_Analytics
Beauty and Cosmetics,Lepota i kozmetika,module,Magento_Analytics
"Books, Music and Magazines","Knjige, muzika i časopisi",module,Magento_Analytics
Crafts and Stationery,Zanati i podloge za pisanje,module,Magento_Analytics
Consumer Electronics,Potrošačke elektronike,module,Magento_Analytics
Deal Site,Lokacija za dogovor,module,Magento_Analytics
Fashion Apparel and Accessories,"Modni detalji, odeća i pribor",module,Magento_Analytics
"Food, Beverage and Grocery","Hrane, pića i namirnice",module,Magento_Analytics
Home Goods and Furniture,Oprema za kuću i nameštaj,module,Magento_Analytics
Home Improvement,Renoviranje stana,module,Magento_Analytics
Jewelry and Watches,Nakit i satovi,module,Magento_Analytics
Mass Merchant,Veleprodaja,module,Magento_Analytics
Office Supplies,Kancelarijski nameštaj,module,Magento_Analytics
Outdoor and Camping Gear,Oprema za kampovanje na otvorenom prostoru,module,Magento_Analytics
Pet Goods,Oprema za ljubimce,module,Magento_Analytics
Pharma and Medical Devices,Farmacija i medicinski uređaji,module,Magento_Analytics
Technology B2B,B2B tehnologije,module,Magento_Analytics
Other,Ostalo,module,Magento_Analytics
Action Log,Dnevnik radnji,module,Magento_AsynchronousOperations
Report,Izveštaj,module,Magento_AsynchronousOperations
Bulk Actions,Masovne radnje,module,Magento_AsynchronousOperations
Action Logs,Dnevnik radnji,module,Magento_AsynchronousOperations
Days Saved in Log,Dani sačuvani u dnevniku,module,Magento_AsynchronousOperations
Description of Operation,Opis operacije,module,Magento_AsynchronousOperations
Summary,Rezime,module,Magento_AsynchronousOperations
Start Time,Vreme početka,module,Magento_AsynchronousOperations
Items to Retry,Stavke za ponovni pokušaj,module,Magento_AsynchronousOperations
"To retry, select the items and click “Retry”.","Da biste ponovo pokušali, izaberite stavke i kliknite na dugme „Pokušaj ponovo”.",module,Magento_AsynchronousOperations
Items That Can’t Be Updated.,Stavke koje nije moguće ažurirati.,module,Magento_AsynchronousOperations
Action,Akcija,module,Magento_AsynchronousOperations
Meta Information,Meta informacije,module,Magento_AsynchronousOperations
Error,Greška,module,Magento_AsynchronousOperations
Dismiss All Completed Tasks,Odbaci sve dovršene zadatke,module,Magento_AsynchronousOperations
Action Details - #,Detalji radnje- #,module,Magento_AsynchronousOperations
Number of Records Affected,Broj zapisa koji je uticao na,module,Magento_AsynchronousOperations
Allow everything,Dozvoli sve,module,Magento_Backend
Global Search,Globalna pretraga,module,Magento_Backend
SEO & Search,SEO & pretrage,module,Magento_Backend
User Content,Sadržaj korisnika,module,Magento_Backend
Content,Sadržaj,module,Magento_Backend
Elements,Elementi,module,Magento_Backend
Design,Dizajn,module,Magento_Backend
Schedule,Raspored,module,Magento_Backend
Content translation,Prevod sadržaja,module,Magento_Backend
Settings,Podešavanja,module,Magento_Backend
Attributes,Atributi,module,Magento_Backend
Other Settings,Druge postavke,module,Magento_Backend
Data Transfer,Prenos podataka,module,Magento_Backend
Magento Connect,Magento povezivanje,module,Magento_Backend
Connect Manager,Povežite upravljač,module,Magento_Backend
Package Extensions,Paket ekstenzija,module,Magento_Backend
Tools,Alati,module,Magento_Backend
Clean Cache Actions,Akcija brisanja keša,module,Magento_Backend
Cache Types Management,Upravljanje kešom,module,Magento_Backend
Toggle Cache Type,Ukčjuči/Isključi tip keša,module,Magento_Backend
Refresh Cache Type,Osveži tip keša,module,Magento_Backend
Catalog Images Cache,Keš slika kataloga,module,Magento_Backend
Flush Js/Css,Isprazni Js/Css,module,Magento_Backend
Flush Static Files,Isprazni keš statičnih datoteka,module,Magento_Backend
Currency,Valuta,module,Magento_Backend
Communications,Komunikacije,module,Magento_Backend
Security,Sigurnost,module,Magento_Backend
Services,Servisi,module,Magento_Backend
Advanced,Napredni,module,Magento_Backend
Disable Modules Output,Onemogući izlazne module,module,Magento_Backend
Store Email Addresses,Sačuvaj e-mail adrese,module,Magento_Backend
Custom Email 1,Email 1 za korisnika,module,Magento_Backend
Sender Email,E-pošta pošaljioca,module,Magento_Backend
Sender Name,Ime pošaljioca,module,Magento_Backend
Custom Email 2,Email 2 za korisnika,module,Magento_Backend
General Contact,Opšti kontakt,module,Magento_Backend
Sales Representative,Predstavnik prodaje,module,Magento_Backend
Customer Support,Podrška za korisnike,module,Magento_Backend
Developer,Programеr,module,Magento_Backend
Debug,Otklanjanje grešaka,module,Magento_Backend
Enable Template Path Hints for Storefront,Omogućena pomoć putanje šablona za izlog,module,Magento_Backend
Enable Hints for Storefront with URL Parameter,Omogući pomoć za izlog sa URL parametrom,module,Magento_Backend
Parameter Value,Vrednost parametra,module,Magento_Backend
Enable Template Path Hints for Admin,Omogućena pomoć putanje šablona za administratora,module,Magento_Backend
Add Block Class Type to Hints,Dodajte tip Block Class za pomoć,module,Magento_Backend
Template Settings,Podešavanja šablona,module,Magento_Backend
Allow Symlinks,Dozvoli Symlinks,module,Magento_Backend
Minify Html,Smanji velićinu datoteke Html,module,Magento_Backend
Minification is not applied in developer mode.,Smanjivanje datoteke se ne primenjuje u režimu razvoja.,module,Magento_Backend
Translate Inline,Prevedite sadržaj,module,Magento_Backend
Enabled for Storefront,Omogućeno za izlog,module,Magento_Backend
Enabled for Admin,Omogućeno za Admin-a,module,Magento_Backend
"Translate, blocks and other output caches should be disabled for both Storefront and Admin inline translations.","Prevode, blokovi i druge keš izlaze treba onemogućiti za izlog i za administraciju umetnutih prevoda.",module,Magento_Backend
JavaScript Settings,Podešavanje JavaScript,module,Magento_Backend
Merge JavaScript Files,Spajanje JavaScript datoteka,module,Magento_Backend
Enable JavaScript Bundling,Omogući JavaScript povezivanje,module,Magento_Backend
Minify JavaScript Files,Smanji JavaScript datoteke,module,Magento_Backend
CSS Settings,CSS podešavanja,module,Magento_Backend
Merge CSS Files,Spajanje CSS datoteka,module,Magento_Backend
Minify CSS Files,Smanjivanje veličine CSS datoteka,module,Magento_Backend
Image Processing Settings,Podešavanje obrade slika,module,Magento_Backend
Image Adapter,Prilagođavanje slika,module,Magento_Backend
"When the adapter was changed, please flush Catalog Images Cache.","Kada je adapter promenjen, molimo ispraznite keš memoriju slika kataloga.",module,Magento_Backend
Static Files Settings,Podešavanje statičnih datoteka,module,Magento_Backend
Sign Static Files,Potpisivanje statičnih datoteka,module,Magento_Backend
Country Options,Podešavanje država,module,Magento_Backend
Allow Countries,Dopuštene države,module,Magento_Backend
Default Country,Podrazumevana država,module,Magento_Backend
European Union Countries,Zemlje Evropske unije,module,Magento_Backend
Top destinations,Najposećenija odredišta,module,Magento_Backend
Locale Options,Lokalna podešavanja,module,Magento_Backend
Timezone,Vremenska zona,module,Magento_Backend
Locale,Lokalno,module,Magento_Backend
First Day of Week,Prvi dan u nedelji,module,Magento_Backend
Weekend Days,Dani vikenda,module,Magento_Backend
Store Name,Ime prodavnice,module,Magento_Backend
Store Phone Number,Broj telefona u prodavnica,module,Magento_Backend
Store Hours of Operation,Radno vreme prodavnice,module,Magento_Backend
Country,Država,module,Magento_Backend
Region/State,Region/država,module,Magento_Backend
ZIP/Postal Code,Poštanski broj,module,Magento_Backend
City,Grad,module,Magento_Backend
Street Address,Adresa,module,Magento_Backend
Street Address Line 2,Red za adresu 2,module,Magento_Backend
VAT Number,PDV broj,module,Magento_Backend
Single-Store Mode,Režim rada jedna prodavnica,module,Magento_Backend
Enable Single-Store Mode,Omogući režim rada jedna prodavnica,module,Magento_Backend
This setting will not be taken into account if system has more than one store view.,Ova postavka će biti uzeta u obzir za nalog ako sistem ima više od jednog prikaza prodavnice.,module,Magento_Backend
Mail Sending Settings,Podešavanje slanja pošte,module,Magento_Backend
Disable Email Communications,Onemogući Email komunikaciju,module,Magento_Backend
Set Return-Path,Postavi povratnu adresu,module,Magento_Backend
Return-Path Email,E-mail povratna adresa,module,Magento_Backend
Images Upload Configuration,Konfiguracija učitanih slika,module,Magento_Backend
Enable Frontend Resize,Omogući Frontend menjanje veličine,module,Magento_Backend
Maximum Width,Maksimalna širina,module,Magento_Backend
Maximum allowed width for uploaded image.,Maksimalna dozvoljena širina učitane slike.,module,Magento_Backend
Maximum Height,Maksimalna visina,module,Magento_Backend
Maximum allowed height for uploaded image.,Maksimalna dozvoljena visina učitane slike.,module,Magento_Backend
Admin User Emails,E-mail admin korisnika,module,Magento_Backend
Forgot Password Email Template,Zaboravio lozinku e-pošte za šalon,module,Magento_Backend
"Email template chosen based on theme fallback when ""Default"" option is selected.","Šablon mejla se bira na osnovu teme kada je izabrana opcija ""Podrazumevano"".",module,Magento_Backend
Forgot and Reset Email Sender,Zaboravi i poništi E-mail pošiljaoca,module,Magento_Backend
Startup Page,Početna stranica,module,Magento_Backend
Admin Base URL,Osnovni URL admina,module,Magento_Backend
Use Custom Admin URL,Koristi prilagođen URL admina,module,Magento_Backend
Custom Admin URL,Prilagođen URL admina,module,Magento_Backend
"Make sure that base URL ends with '/' (slash), e.g. http://yourdomain/magento/","Uverite se da se osnovna adresa URL završava sa „/” (kosa crta), Npr. http://yourdomain/magento/",module,Magento_Backend
Use Custom Admin Path,Koristi prilagođenu Url putanju admina,module,Magento_Backend
Custom Admin Path,Prilagođena putanja admina,module,Magento_Backend
You will have to sign in after you save your custom admin path.,Moraćete da se prijaviteponovo nakon što sačuvate svoju prilagođenu admin putanju.,module,Magento_Backend
Recovery Link Expiration Period (hours),Vreme isteka linka za oporavak (sati),module,Magento_Backend
Please enter a number 1 or greater in this field.,U ovo polje unesite broj 1 ili veći.,module,Magento_Backend
Add Secret Key to URLs,Dodati tajni ključ za URL adresu,module,Magento_Backend
Login is Case Sensitive,Prijava je osetljiva na mala i velika slova,module,Magento_Backend
Admin Session Lifetime (seconds),Vreme trajanja admin sesije (u sekundama),module,Magento_Backend
Please enter at least 60 and at most 31536000 (one year).,"Molimo unesti najmanje 60, a najviše 31536000 (godinu dana).",module,Magento_Backend
Enable Charts,Omogući grafikone,module,Magento_Backend
Url Options,Opcije URL adrese,module,Magento_Backend
Add Store Code to Urls,Dodati kod prodavnice za ove URL-ove,module,Magento_Backend
Auto-redirect to Base URL,Auto - preusmeravanje na osnovu URL adrese,module,Magento_Backend
I.e. redirect from http://example.com/store/ to http://www.example.com/store/,I.e. je preusmeren sa http://example.com/store/ na http://www.example.com/store/,module,Magento_Backend
Search Engine Optimization,Optimizacija programa za pretraživanje,module,Magento_Backend
Use Web Server Rewrites,Koristi Web server za pisanje,module,Magento_Backend
Base URLs,Osnovna URL adresa,module,Magento_Backend
Any of the fields allow fully qualified URLs that end with '/' (slash) e.g. http://example.com/magento/,Bilo koji of the fields allow fully qualified URLs that end with '/' (slash) e.g. http://example.com/magento/,module,Magento_Backend
Base URL,Osnovni URL,module,Magento_Backend
Specify URL or {{base_url}} placeholder.,Navedite URL adresu ili {{base_url}} kontejner.,module,Magento_Backend
Base Link URL,Veza ka osnovnoj URL adresi,module,Magento_Backend
May start with {{unsecure_base_url}} placeholder.,Može početi sa {{unsecure_base_url}} placeholder.,module,Magento_Backend
Base URL for Static View Files,Osnovni URL za pregled statičnih datoteka,module,Magento_Backend
May be empty or start with {{unsecure_base_url}} placeholder.,Može biti prazno ili početi sa {{unsecure_base_url}} kontejner.,module,Magento_Backend
Base URL for User Media Files,Osnovni URL za medijske datoteke kolisnika,module,Magento_Backend
Base URLs (Secure),Osnovne (sigurne) URL adrese,module,Magento_Backend
Any of the fields allow fully qualified URLs that end with '/' (slash) e.g. https://example.com/magento/,Bilo koji of the fields allow fully qualified URLs that end with '/' (slash) e.g. https://example.com/magento/,module,Magento_Backend
Secure Base URL,Siguran osnovni URL,module,Magento_Backend
"Specify URL or {{base_url}}, or {{unsecure_base_url}} placeholder.","Navedite URL ili {{base_url}}, ili {{unsecure_base_url}} kontejner.",module,Magento_Backend
Secure Base Link URL,Siguran osnovni link URL,module,Magento_Backend
May start with {{secure_base_url}} or {{unsecure_base_url}} placeholder.,Može početi sa {{secure_base_url}} ili {{unsecure_base_url}} placeholder.,module,Magento_Backend
Secure Base URL for Static View Files,Siguran osnovni URL za pregled statičnih datoteka,module,Magento_Backend
"May be empty or start with {{secure_base_url}}, or {{unsecure_base_url}} placeholder.","Može biti prazno ili početi sa {{secure_base_url}}, ili {{unsecure_base_url}} kontejner.",module,Magento_Backend
Secure Base URL for User Media Files,Siguran osnovni URL za korisničke medijske datoteke,module,Magento_Backend
Use Secure URLs on Storefront,Koristi sigurne URL-ove za izlog prodavnice,module,Magento_Backend
Enter https protocol to use Secure URLs on Storefront.,Upišite https protokol kako bi koristio bezbedni URL u prodavnici.,module,Magento_Backend
Use Secure URLs in Admin,Koristi sigurne URL-ove u admin,module,Magento_Backend
Enter https protocol to use Secure URLs in Admin.,Upišite https protokol kako biste koristili bezbedne URL-ove u Admin.,module,Magento_Backend
Enable HTTP Strict Transport Security (HSTS),Omogući HTTP Strict Transport Security (HSTS),module,Magento_Backend
Upgrade Insecure Requests,Nadogradite nesigurne zahteve,module,Magento_Backend
"See <a href=""http://www.w3.org/TR/upgrade-insecure-requests/"" target=""_blank"">Upgrade Insecure Requests</a> page for details.","Pogledaj <a href=""http://www.w3.org/TR/upgrade-insecure-requests/"" target=""_blank"">Upgrade Insecure Requests</a> stranicu za detalje.",module,Magento_Backend
Offloader header,Offloader zaglavlje,module,Magento_Backend
Default Pages,Podrazumevane stranice,module,Magento_Backend
Default Web URL,Podrazumevana Web URL adresa,module,Magento_Backend
Default No-route URL,Nema rute do podrazumevane rute URL,module,Magento_Backend
Session Validation Settings,Postavke za proveru ispravnosti sesije,module,Magento_Backend
Validate REMOTE_ADDR,Proveri ispravnost REMOTE_ADDR,module,Magento_Backend
Validate HTTP_VIA,Proveri ispravnost HTTP_VIA,module,Magento_Backend
Validate HTTP_X_FORWARDED_FOR,Proveri ispravnost HTTP_X_FORWARDED_FOR,module,Magento_Backend
Validate HTTP_USER_AGENT,Proveri ispravnost HTTP_USER_AGENT,module,Magento_Backend
Cache Type,Tip keširanja,module,Magento_Backend
Description,Opis,module,Magento_Backend
Tags,Oznake,module,Magento_Backend
"<h1 class=""page-heading"">404 Error</h1><p>Page not found.</p>","<h1 class=""page-heading"">404 greška</h1><p>Stranica nije pronađena.</p>",module,Magento_Backend
Community Edition,Zajedničko izdanje,module,Magento_Backend
Default Theme,Podrazumevane teme,module,Magento_Backend
"If no value is specified, the system default is used. The system default may be modified by third-party extensions.","Ako ni jedna vrednost nije definisan, koristi se podrazumevana. Podrazumevana sistemska može biti modifikovana preko third-party ekstenzija.",module,Magento_Backend
Applied Theme,Primenjena tema,module,Magento_Backend
Design Rule,Pravilo dizajna,module,Magento_Backend
Pagination,Numerisanje stranica,module,Magento_Backend
How many links to display at once.,Koliko je veza potrebno za istovremeni prikaz.,module,Magento_Backend
Pagination Frame,Numerisanje stranica okvira,module,Magento_Backend
"If current frame position does not cover utmost pages, it renders the link to current position plus/minus this value.","Ako trenutni položaj okvira ne pokriva najveću stranicu, to skraćuje vezu sa trenutne pozicije plus/minus ove vrednosti.",module,Magento_Backend
Pagination Frame Skip,Preskoči numerisanje stranica okvira,module,Magento_Backend
"Alternative text for the previous pages link in the pagination menu. If empty, the default arrow image is used.","Alternativni tekst za vezu ka prethodnim stranicama u meniju numerisanja stranica. Ako je prazan, koristi podrazumevanu sliku strelicu.",module,Magento_Backend
Anchor Text for Previous,Povežite tekst sa prethodnim,module,Magento_Backend
"Alternative text for the next pages link in the pagination menu. If empty, default arrow image is used.","Alternativni tekst za vezu ka sledećim stranicama u meniju numerisanja stranica. Ako je prazan, koristi podrazumevanu sliku strelicu.",module,Magento_Backend
Anchor Text for Next,Povežite tekst sa narednim,module,Magento_Backend
Theme Name,Ime teme,module,Magento_Backend
Rollback,Vraćanje na prethodno stanje,module,Magento_Backup
Backup Settings,Pozadinska podešavanja,module,Magento_Backup
Enable Backup,Omogući bekap,module,Magento_Backup
Enable Scheduled Backup,Omogući planirano pravljenje rezervne kopije,module,Magento_Backup
Scheduled Backup Type,Zakazani bakap tip,module,Magento_Backup
Start Time,Vreme početka,module,Magento_Backup
Frequency,Učestalost,module,Magento_Backup
Maintenance Mode,Režim Održavanja,module,Magento_Backup
Delete,Obrisati,module,Magento_Backup
Are you sure you want to delete the selected backup(s)?,Sigurni ste da želite da izbrišete izabran(e) backup(e)?,module,Magento_Backup
Time,Vreme,module,Magento_Backup
Name,Ime,module,Magento_Backup
Size(bytes),Veličina(bytes),module,Magento_Backup
Type,Tip,module,Magento_Backup
Download,Preuzimanje,module,Magento_Backup
Action,Akcija,module,Magento_Backup
Select...,Izabrati...,module,Magento_Bundle
Thumbnail,Sličice,module,Magento_Bundle
Type,Tip,module,Magento_Bundle
Special Price,Posebna cena,module,Magento_Bundle
Enable CAPTCHA in Admin,Omogući unesite CAPTCHA u Adminu,module,Magento_Captcha
Forms,Forme,module,Magento_Captcha
Displaying Mode,Režim prikaza,module,Magento_Captcha
Number of Unsuccessful Attempts to Login,Broj neuspešnih pokušaja da za prijavljivanje,module,Magento_Captcha
"If 0 is specified, CAPTCHA on the Login form will be always available.","Ako je 0 definisana, CAPTCHA na formi za logovanje će uvek biti dostupna.",module,Magento_Captcha
CAPTCHA Timeout (minutes),CAPTCHA je istekla (minuti),module,Magento_Captcha
Number of Symbols,Broj simbola,module,Magento_Captcha
Please specify 8 symbols at the most. Range allowed (e.g. 3-5),Molimo navesti najviše 8 simbola. Raspon dovoljen (na primer 3-5),module,Magento_Captcha
Symbols Used in CAPTCHA,Simboli korišćeni u CAPTCHA,module,Magento_Captcha
"Please use only letters (a-z or A-Z) or numbers (0-9) in this field. No spaces or other characters are allowed.<br />Similar looking characters (e.g. ""i"", ""l"", ""1"") decrease chance of correct recognition by customer.","Molimo koristiti samo slova (a-z ili A-Z) ili brojeve (0-9) u ovom polju. Proredi ili drugi karakteri nisu dozvoljeni.<br />Karakteri koji su slični (npr. ""i"", ""l"", ""1"") smanjuju mogućnost pravilnog prepoznavanja od strane kupca.",module,Magento_Captcha
Case Sensitive,Osetljivo na velika i mala slova,module,Magento_Captcha
Enable CAPTCHA on Storefront,Omogući CAPTCHA u prodavnici,module,Magento_Captcha
"CAPTCHA for ""Create user"" and ""Forgot password"" forms is always enabled if chosen.","CAPTCHA za ""Kreiraj korisnika"" i ""Zaboravljena šifra"" forme je uvek odobrena, ako je izabrana.",module,Magento_Captcha
Environment,Okruženje,module,Magento_CardinalCommerce
API Key,API ključ,module,Magento_CardinalCommerce
Debug,Otklanjanje grešaka,module,Magento_CardinalCommerce
Inventory Section,Sektor inventara,module,Magento_CatalogInventory
Inventory,Inventar,module,Magento_CatalogInventory
Stock Options,Opcije zaliha,module,Magento_CatalogInventory
Decrease Stock When Order is Placed,Umanji zalihe kada se poruči proizvod,module,Magento_CatalogInventory
Set Items' Status to be In Stock When Order is Cancelled,"Podesi da status proizvoda bude ""Dostupan"" kada je porudžbina otkazana",module,Magento_CatalogInventory
Display Out of Stock Products,Prikaži proizvode kojih nema na stanju,module,Magento_CatalogInventory
Products will still be shown by direct product URLs.,Proizvodi će i dalje biti prikazani direktnim unosom adrese.,module,Magento_CatalogInventory
Only X left Threshold,Samo je X ostao na početku,module,Magento_CatalogInventory
Display Products Availability in Stock on Storefront,Prikaži dostupnost proizvoda u zalihama u prodavnici,module,Magento_CatalogInventory
Product Stock Options,Opcije zaliha proizvoda,module,Magento_CatalogInventory
Manage Stock,Magento magacin,module,Magento_CatalogInventory
Backorders,Poslednje porudžbine,module,Magento_CatalogInventory
Maximum Qty Allowed in Shopping Cart,Maksimalna količina dozvoljena u korpi,module,Magento_CatalogInventory
Out-of-Stock Threshold,Nema na zalihama Threshold,module,Magento_CatalogInventory
Minimum Qty Allowed in Shopping Cart,Minimalna količina dozvoljena u korpi,module,Magento_CatalogInventory
Notify for Quantity Below,Obavesti za količinu ispod,module,Magento_CatalogInventory
Automatically Return Credit Memo Item to Stock,Automatski vrati kreditni memorandum na zalihu,module,Magento_CatalogInventory
Enable Qty Increments,Omogući povećanje količine,module,Magento_CatalogInventory
Qty Increments,Povećanje količine,module,Magento_CatalogInventory
Stock,Zalihe,module,Magento_CatalogInventory
Index stock,Index zaliha,module,Magento_CatalogInventory
Done,Gotovo,module,Magento_CatalogInventory
Use Config Settings,Koristi konfiguraciona podešavanja,module,Magento_CatalogInventory
Qty Uses Decimals,Količina koristi decimale,module,Magento_CatalogInventory
Allow Multiple Boxes for Shipping,Dopustiti pakovanje u više kutija radi isporuke,module,Magento_CatalogInventory
Catalog Rule Product,Pravilo kataloga proizvoda,module,Magento_CatalogRule
Indexed rule/product association,Indeksirano pravilo/grupa proizvoda,module,Magento_CatalogRule
Catalog Product Rule,Pravilo kataloga proizvoda,module,Magento_CatalogRule
Indexed product/rule association,Indeksirani proizvodi/grupa pravila,module,Magento_CatalogRule
Rule,Pravilo,module,Magento_CatalogRule
Start,Početak,module,Magento_CatalogRule
End,Kraj,module,Magento_CatalogRule
Active,Aktivan,module,Magento_CatalogRule
Inactive,Neaktivan,module,Magento_CatalogRule
Web Site,Web lokacija,module,Magento_CatalogRule
Back,Nazad,module,Magento_CatalogRule
Rule Information,Pravilo Informacija,module,Magento_CatalogRule
Rule Name,Naziv Pravila,module,Magento_CatalogRule
Description,Opis,module,Magento_CatalogRule
Websites,Web stranice,module,Magento_CatalogRule
Customer Groups,Grupe kupaca,module,Magento_CatalogRule
From,Od,module,Magento_CatalogRule
To,Do,module,Magento_CatalogRule
Priority,Prioritet,module,Magento_CatalogRule
Actions,Radnje,module,Magento_CatalogRule
Apply,Primeni,module,Magento_CatalogRule
Discount Amount,Iznos popusta,module,Magento_CatalogRule
Discard subsequent rules,Odbacite naredna pravila,module,Magento_CatalogRule
Yes,Da,module,Magento_CatalogRule
No,Ne,module,Magento_CatalogRule
Catalog Section,Deo kataloga,module,Magento_CatalogSearch
Catalog Search,Pretraga kataloga,module,Magento_CatalogSearch
Popular Search Terms,Popularni traženi pojmovi,module,Magento_CatalogSearch
Minimal Query Length,Minimalna dužina upita,module,Magento_CatalogSearch
Maximum Query Length,Maksimalna dužina upita,module,Magento_CatalogSearch
Number of top search results to cache,Broj rezultata pretraga na vrhu za keširanje,module,Magento_CatalogSearch
Number of popular search terms to be cached for faster response. Use “0” to cache all results after a term is searched for the second time.,"Broj popularnih pretraživanih termina koji se keširaju za brži odgovor. Koristi ""0"" da keširate sve rezultate nakon što je pojam tražen drugi put.",module,Magento_CatalogSearch
Autocomplete Limit,Autokomplit Limit,module,Magento_CatalogSearch
Enable EAV Indexer,Omogući EAV Indekser,module,Magento_CatalogSearch
Rebuild Catalog product fulltext search index,Ponovo pokreni pretragu kataloga kucanjem punog naziva,module,Magento_CatalogSearch
Category URL Suffix,Sufiks za kategoriju u okviru URL adrese,module,Magento_CatalogUrlRewrite
You need to refresh the cache.,Morate osvežiti keš.,module,Magento_CatalogUrlRewrite
Product URL Suffix,URL sufiks proizvoda,module,Magento_CatalogUrlRewrite
Use Categories Path for Product URLs,Koristi putanju kategorije za URL proizvoda,module,Magento_CatalogUrlRewrite
Create Permanent Redirect for URLs if URL Key Changed,Koristi Trajno Preusmerenje za URL ako se promeni URL ključ,module,Magento_CatalogUrlRewrite
Catalog Products List,Katalog sa Listom Proizvoda,module,Magento_CatalogWidget
List of Products,Lista Proizvoda,module,Magento_CatalogWidget
Title,Naslov,module,Magento_CatalogWidget
Display Page Control,Kontrola prikaza proizvoda,module,Magento_CatalogWidget
Number of Products per Page,Broj proizvoda po stranici,module,Magento_CatalogWidget
Number of Products to Display,Broj proizvoda za prikaz,module,Magento_CatalogWidget
Template,Šablon,module,Magento_CatalogWidget
Products Grid Template,Šablon Mreže Proizvoda,module,Magento_CatalogWidget
Cache Lifetime (Seconds),Vek trajanja keša (sekunde),module,Magento_CatalogWidget
"Time in seconds between the widget updates.
                    <br/>If not set, equals to 86400 seconds (24 hours). To update widget instantly, go to Cache Management and clear Blocks HTML Output cache.
                    <br/>Widget will not show products that begin to match the specified conditions until cache is refreshed.","Vreme u sekundama između ažuriranja dodataka.
                    <br/>Ako nije podešen, jednak je 86400 sekunda (24 sata). Ako želite da ažurirate dodatak odmah, idite u Keš Menadžment i očistite keš Blocks HTML Output.
                    <br/>Dodatak neće prikazati proizvode koji se poklapaju sa definisanim uslovim dok se keš ne osveži.",module,Magento_CatalogWidget
Conditions,Uslovi,module,Magento_CatalogWidget
Inventory,Inventar,module,Magento_Catalog
Catalog Section,Deo kataloga,module,Magento_Catalog
Small,Malo,module,Magento_Catalog
Advanced,Napredni,module,Magento_Catalog
Product Fields Auto-Generation,Polja proizvoda Auto-Generation,module,Magento_Catalog
Mask for SKU,Maska za SKU,module,Magento_Catalog
Use {{name}} as Product Name placeholder,Koristi {{name}} kao placeholder za Ime Proizvoda,module,Magento_Catalog
Mask for Meta Title,Maska za Meta Naslov,module,Magento_Catalog
Mask for Meta Keywords,Maska za Meta Ključne reči,module,Magento_Catalog
Use {{name}} as Product Name or {{sku}} as Product SKU placeholders,Koristi {{name}} kao naziv proizvoda ili {{sku}} kao SKU Proizvoda placeholders,module,Magento_Catalog
Mask for Meta Description,Maska za Meta Opis,module,Magento_Catalog
Use {{name}} and {{description}} as Product Name and Product Description placeholders,Koristi {{name}} i {{description}} kao placeholders za Naziv i Opis proizvoda,module,Magento_Catalog
Recently Viewed/Compared Products,Nedavno Pogledano/Upoređeni Proizvodi,module,Magento_Catalog
Lifetime of products in Recently Viewed Widget,Vek trajanja proizvoda u Nedavno Pregledanom dodatku,module,Magento_Catalog
Lifetime of products in Recently Compared Widget,Vek trajanja proizvoda u Nedavno Upoređenom dodatku,module,Magento_Catalog
Synchronize widget products with backend storage,Sinhronizujte vidžet proizvode sa backend skladištem,module,Magento_Catalog
Storefront,Prodavnica,module,Magento_Catalog
List Mode,Režim Liste,module,Magento_Catalog
Products per Page on Grid Allowed Values,Proizvoda po stranici u mreži dozvoljenih vrednosti,module,Magento_Catalog
Comma-separated.,Odvojeno zarezom.,module,Magento_Catalog
Products per Page on Grid Default Value,Proizvoda po stranici u mreži definisanih vrednosti,module,Magento_Catalog
Products per Page on List Allowed Values,Proizvoda po stranici u listi dozvoljenih vrednosti,module,Magento_Catalog
Products per Page on List Default Value,Proizvoda po stranici u listi definisanih vrednosti,module,Magento_Catalog
Use Flat Catalog Category,Koristi katalog kategorija,module,Magento_Catalog
Use Flat Catalog Product,Koristi katolg proizvoda,module,Magento_Catalog
Product Listing Sort by,Listanje proizvoda sortirano po,module,Magento_Catalog
Allow All Products per Page,Dozvoli sve proizvode po stranici,module,Magento_Catalog
Remember Category Pagination,Memoriši Stranice Kategorije,module,Magento_Catalog
Changing may affect SEO and cache storage consumption.,Menjanje može uticati na SEO i keš skladištenje.,module,Magento_Catalog
Product Image Placeholders,Prostor za slike proizvoda,module,Magento_Catalog
Search Engine Optimization,Optimizacija programa za pretraživanje,module,Magento_Catalog
Page Title Separator,Separator naslova stranice,module,Magento_Catalog
Use Canonical Link Meta Tag For Categories,Koristi Canonical Link Meta Tag za kategorije,module,Magento_Catalog
Use Canonical Link Meta Tag For Products,Koristi Canonical Link Meta Tag za proizvode,module,Magento_Catalog
Catalog Price Scope,Opseg kataloga cena,module,Magento_Catalog
"This defines the base currency scope (""Currency Setup"" > ""Currency Options"" > ""Base Currency"").","Ovo definiše osnovu opsega valuta (""Podešavanje valute"" > ""Opcije valuta"" > ""Osnovne valute"").",module,Magento_Catalog
Category Top Navigation,Vrh navigacija kategorija,module,Magento_Catalog
Maximal Depth,Maksimalna dubina,module,Magento_Catalog
Date & Time Custom Options,Opcije podešavanja datuma i vremena,module,Magento_Catalog
Use JavaScript Calendar,Koristi JavaScript kalendar,module,Magento_Catalog
Date Fields Order,Raspored polja za upis datuma,module,Magento_Catalog
Time Format,Format vremena,module,Magento_Catalog
Year Range,Opseg godina,module,Magento_Catalog
Please use a four-digit year format.,Molimo koristite četvorocifreni format za godinu.,module,Magento_Catalog
Use Static URLs for Media Content in WYSIWYG,Koristite statički URL za media sadržaje u WYSIWYG,module,Magento_Catalog
Media content will be inserted into the editor as a static URL. Media content is not updated if the system configuration base URL changes.,Media sadržaji će biti ubačeni u editor kao statički URL. Media sadržaji se neće ažurirati ako se promeni sistemska konfiguracija URL-a.,module,Magento_Catalog
Top Level Category,Top Level Kategorija,module,Magento_Catalog
Default Layouts,Podrazumevani Raspored,module,Magento_Catalog
Default Product Layout,Podrazumevani raspored proizvoda,module,Magento_Catalog
Default Category Layout,Podrazumevani raspored kategorija,module,Magento_Catalog
System,Sistem,module,Magento_Catalog
Images Upload Configuration,Konfiguracija učitanih slika,module,Magento_Catalog
Quality,Kvalitet,module,Magento_Catalog
Jpeg quality for resized images 1-100%.,Jpeg kvalitet za izmenjenu veličinu slike 1-100%.,module,Magento_Catalog
Product Info Column,Kolona sa informacijama o proizvodu,module,Magento_Catalog
Block after Info Column,Blok posle info kolone,module,Magento_Catalog
Product Flat Data,Podaci o proizvodu,module,Magento_Catalog
Reorganize EAV product structure to flat structure,Reorganizuj EAV strukturu proizvoda u flet strukturu,module,Magento_Catalog
Category Flat Data,Podaci kategorije,module,Magento_Catalog
Reorganize EAV category structure to flat structure,Reorganizuj EAV strukturu proizvoda u flet strukturu,module,Magento_Catalog
Category Products,Kategorija proizvoda,module,Magento_Catalog
Indexed category/products association,Indeksirana kategorija/grupa proizvoda,module,Magento_Catalog
Product Categories,Kategorije proizvoda,module,Magento_Catalog
Indexed product/categories association,Indeksirani proizvodi/grupe kategorija,module,Magento_Catalog
Product Price,Cena proizvoda,module,Magento_Catalog
Index product prices,Indeksiranje cene proizvoda,module,Magento_Catalog
Product EAV,EAV proizvoda,module,Magento_Catalog
Index product EAV,Indeksiranje EAV proizvoda,module,Magento_Catalog
Catalog New Products List,Katalog Lista Novih Proizvoda,module,Magento_Catalog
List of Products that are set as New,Lista proizvoda koji su postavljeni kao Novi,module,Magento_Catalog
Display Type,Tip Prikaza,module,Magento_Catalog
"All products - recently added products, New products - products marked as new","Svi proizvodi - nedavno dodati proizvodi, Novi proizvodi - proizvodi označeni kao novi",module,Magento_Catalog
All products,Svi proizvodi,module,Magento_Catalog
New products,Novi proizvodi,module,Magento_Catalog
Display Page Control,Kontrola prikaza proizvoda,module,Magento_Catalog
Number of Products per Page,Broj proizvoda po stranici,module,Magento_Catalog
Number of Products to Display,Broj proizvoda za prikaz,module,Magento_Catalog
Template,Šablon,module,Magento_Catalog
New Products Grid Template,Šablon mreže novih proizvoda,module,Magento_Catalog
New Products List Template,Šablon liste novih proizvoda,module,Magento_Catalog
New Products Images and Names Template,Šabloni imena i slika novih proizvoda,module,Magento_Catalog
New Products Names Only Template,Šablon za Imena Novih Proizvoda,module,Magento_Catalog
New Products Images Only Template,Šablon za Slike Novih Proizvoda,module,Magento_Catalog
Cache Lifetime (Seconds),Vek trajanja keša (sekunde),module,Magento_Catalog
"Time in seconds between the widget updates.
                    <br/>If not set, equals to 86400 seconds (24 hours). To update widget instantly, go to Cache Management and clear Blocks HTML Output cache.
                    <br/>Widget will not show products that begin to match the specified conditions until cache is refreshed.","Vreme u sekundama između ažuriranja dodataka.
                    <br/>Ako nije podešen, jednak je 86400 sekunda (24 sata). Ako želite da ažurirate dodatak odmah, idite u Keš Menadžment i očistite keš Blocks HTML Output.
                    <br/>Dodatak neće prikazati proizvode koji se poklapaju sa definisanim uslovim dok se keš ne osveži.",module,Magento_Catalog
Catalog Product Link,Link sa Katalogom Proizvoda,module,Magento_Catalog
Link to a Specified Product,Link do određenog proizvoda,module,Magento_Catalog
Select Product...,Odaberite Proizvod...,module,Magento_Catalog
Anchor Custom Text,Sidro Odabranog Teksta,module,Magento_Catalog
"If empty, we'll use the product name here.","Ako je prazno, koristićemo naziv proizvoda ovde.",module,Magento_Catalog
Anchor Custom Title,Sidro Odabranog Naziva,module,Magento_Catalog
Product Link Block Template,Šablon bloka linka proizvoda,module,Magento_Catalog
Product Link Inline Template,Šablon za Inline Link Proizvoda,module,Magento_Catalog
Catalog Category Link,Link Kataloga Kategorije,module,Magento_Catalog
Link to a Specified Category,Linkuj na određenu kategoriju,module,Magento_Catalog
Select Category...,Odaberi Kategoriju...,module,Magento_Catalog
"If empty, we'll use the category name here.","Ako je prazno, koristićemo naziv kategorije ovde.",module,Magento_Catalog
Category Link Block Template,Šablon Bloka Linka za Kategoriju,module,Magento_Catalog
Category Link Inline Template,Šablon Inline Linka za Kategoriju,module,Magento_Catalog
Recently Viewed Products,Nedavno pregledani proizvodi,module,Magento_Catalog
List of Products Recently Viewed by Visitor,Lista proizvoda koju je posetilac nedavno pogledao,module,Magento_Catalog
UI Component,UI komponenta,module,Magento_Catalog
Number of Products to display,Broj proizvoda za prikaz,module,Magento_Catalog
Product attributes to show,Atributi proizvoda za prikaz,module,Magento_Catalog
Image,Slika,module,Magento_Catalog
Learn More Link,Link Saznajte više,module,Magento_Catalog
Buttons to show,Tasteri za prikaz,module,Magento_Catalog
Add to Wishlist,Dodaj u listu želja,module,Magento_Catalog
Viewed Products Grid Template,Šablon mreže pregledanih proizvoda,module,Magento_Catalog
Viewed Products List Template,Šablon liste pregledanih proizvoda,module,Magento_Catalog
Viewed Products Sidebar Template,Šablon Sidebar prikazanih proizvoda,module,Magento_Catalog
Recently Compared Products,Nedavno Upoređeni Proizvodi,module,Magento_Catalog
List of Products Recently Compared by Visitor,Lista Proizvoda koje je posetilac nedavno upoređivao,module,Magento_Catalog
Compared Products Grid Template,Šablon Mreže upoređenih proizvoda,module,Magento_Catalog
Compared Products List Template,Šablon liste upoređenih proizvoda,module,Magento_Catalog
Set,Podesi,module,Magento_Catalog
Category Information,Informacije o kategoriji,module,Magento_Catalog
Enable Category,Omogući kategoriju,module,Magento_Catalog
Include in Menu,Uključi u Meni,module,Magento_Catalog
Content,Sadržaj,module,Magento_Catalog
Category Image,Slika kategorije,module,Magento_Catalog
Description,Opis,module,Magento_Catalog
Add CMS Block,Dodaj CMS Blok,module,Magento_Catalog
Display Settings,Podešavanje prikaza,module,Magento_Catalog
Display Mode,Režim prikaza,module,Magento_Catalog
Anchor,Sidro,module,Magento_Catalog
Available Product Listing Sort By,Available Proizvod Listing Sortiraj By,module,Magento_Catalog
Use All,Koristi Sve,module,Magento_Catalog
Default Product Listing Sort By,Podrazumevani sortiranje liste proizvoda,module,Magento_Catalog
Layered Navigation Price Step,Korak u Slojevitoj Navigaciji,module,Magento_Catalog
URL Key,URL Ključ,module,Magento_Catalog
Meta Title,Meta Naslov,module,Magento_Catalog
Meta Keywords,Meta klјučne reči,module,Magento_Catalog
Meta Description,Meta opis,module,Magento_Catalog
Products in Category,Proizvodi u Kategoriji,module,Magento_Catalog
Design,Dizajn,module,Magento_Catalog
Theme,Tema,module,Magento_Catalog
Layout,Raspored,module,Magento_Catalog
Layout Update XML,Raspored ažuriranja XML-a,module,Magento_Catalog
Apply Design to Products,Primeni dizajn na proizvode,module,Magento_Catalog
Schedule Design Update,Raspored ažuriranja dizajna,module,Magento_Catalog
Product Image Watermarks,Oznake slike proizvoda,module,Magento_Catalog
Base,Baza,module,Magento_Catalog
"Allowed file types: jpeg, gif, png.","Dozvoljeni tipovi datoteke: jpeg, gif, png.",module,Magento_Catalog
Image Opacity,Neprovidnost Slike,module,Magento_Catalog
Example format: 200x300.,Format primera: 200x300.,module,Magento_Catalog
Image Position,Pozicija slike,module,Magento_Catalog
Attribute Properties,Postavke atributa,module,Magento_Catalog
Attribute Label,Oznaka atributa,module,Magento_Catalog
Text Editor input type requires WYSIWYG to be enabled in Stores > Configuration > Content Management.,Tip unosa u Text Editor zahteva da WYSIWYG bude omogućen u Stores > Configuration > Content Management.,module,Magento_Catalog
Catalog Input Type for Store Owner,Tip unosa kataloga za Vlasnika Prodavnice,module,Magento_Catalog
Values,Vrednosti,module,Magento_Catalog
Add this attribute to the list of column options in the product grid.,Dodaj ovaj atribut u kolonu sa opcijama u mreži proizvoda.,module,Magento_Catalog
Add this attribute to the list of filter options in the product grid.,Dodaj ovaj atribut u listu filtrirajućih opcija u mreži proizvoda.,module,Magento_Catalog
All Store Views,Svi pregledi prodavnica,module,Magento_Catalog
Delete selected items?,Obriši odabrane proizvode?,module,Magento_Catalog
Delete items,Obriši proizvode,module,Magento_Catalog
Change status,Promena statusa,module,Magento_Catalog
Enable,Omogući,module,Magento_Catalog
Disable,Onemogući,module,Magento_Catalog
Update attributes,Ažurirati atribute,module,Magento_Catalog
Overview,Pregled,module,Magento_Catalog
Skip to the end of the images gallery,Preskoči na kraj galerije slika,module,Magento_Catalog
Skip to the beginning of the images gallery,Preskoči na početak galerije slika,module,Magento_Catalog
Details,Detalji,module,Magento_Catalog
Recently Compared,Nedavno Upoređeni,module,Magento_Catalog
Add To Cart,Dodaj U Korpu,module,Magento_Catalog
Add To Compare,Dodaj za upoređivanje,module,Magento_Catalog
Learn more,Saznaj više,module,Magento_Catalog
Recently Viewed,Nedavno pogledano,module,Magento_Catalog
Terms & Conditions,Uslovi Korišćenja,module,Magento_CheckoutAgreements
Enable Terms and Conditions,Omogući Uslove Korišćenja,module,Magento_CheckoutAgreements
Checkout Options,Opcije Plaćanja,module,Magento_Checkout
Enable Onepage Checkout,Omogući jednostrano plaćanje,module,Magento_Checkout
Allow Guest Checkout,Dozvoli porudžbine od strane gosta,module,Magento_Checkout
Display Billing Address On,Prikaži adresu za slanje računa,module,Magento_Checkout
Maximum Number of Items to Display in Order Summary,Maksimalan broj artikala koji se prikazuje u porudžbini,module,Magento_Checkout
Quote Lifetime (days),Trajanje Navoda (dani),module,Magento_Checkout
After Adding a Product Redirect to Shopping Cart,Nakon dodavanja proizvoda preusmeri na korpu,module,Magento_Checkout
Number of Items to Display Pager,Broj Proizvoda u Prikazu Stranica,module,Magento_Checkout
Show Cross-sell Items in the Shopping Cart,Prikaži Cross-sell proizvode u korpi,module,Magento_Checkout
My Cart Link,Link Moje Korpe,module,Magento_Checkout
Display Cart Summary,Prikaži Ukupan Iznos u Korpi,module,Magento_Checkout
Mini Cart,Mini Korpa,module,Magento_Checkout
Number of Items to Display Scrollbar,Broj proizvoda u Display Scrollbar,module,Magento_Checkout
Maximum Number of Items to Display,Maksimalan broj stavki za prikaz,module,Magento_Checkout
Payment Failed Emails,Mejl Neuspešno Plaćanje,module,Magento_Checkout
Payment Failed Email Sender,Pošiljalac Mejla Neuspešno Plaćanje,module,Magento_Checkout
Payment Failed Email Receiver,Primalac Mejla Neuspešno Plaćanje,module,Magento_Checkout
Payment Failed Template,Šablon neuspešno plaćanje,module,Magento_Checkout
"Email template chosen based on theme fallback when ""Default"" option is selected.","Šablon mejla se bira na osnovu teme kada je izabrana opcija ""Podrazumevano"".",module,Magento_Checkout
Send Payment Failed Email Copy To,Pošalji kopiju mejla o neuspešnom plaćanju,module,Magento_Checkout
"Separate by "","".","Odvojeno "","".",module,Magento_Checkout
Send Payment Failed Email Copy Method,Pošalji kopiju mejla o neuspešnom plaćanju,module,Magento_Checkout
Summary,Rezime,module,Magento_Checkout
Order Total,Ukupan iznos,module,Magento_Checkout
We'll send your order confirmation here.,Poslaćemo vam potvrdu porudžbine ovde.,module,Magento_Checkout
Payment,Plaćanje,module,Magento_Checkout
Thank you for your purchase!,Zahvaljujemo Vam se na kupovini!,module,Magento_Checkout
Save Page,Sačuvaj Stranicu,module,Magento_Cms
Media Gallery,Media Galerija,module,Magento_Cms
Content Management,Upravljanje Sadržajima,module,Magento_Cms
CMS Home Page,CMS Početna Stranica,module,Magento_Cms
CMS No Route Page,CMS Nema Putanje Stranica,module,Magento_Cms
CMS No Cookies Page,CMS Nema Kolačića Stranica,module,Magento_Cms
Show Breadcrumbs for CMS Pages,Prikaži Breadcrumbs za CMS Stranice,module,Magento_Cms
Browser Capabilities Detection,Otkrivanje Mogućnosti Pretrage,module,Magento_Cms
Redirect to CMS-page if Cookies are Disabled,Preusmeri na CMS stranicu ako su Kolačići Onemogućeni,module,Magento_Cms
Show Notice if JavaScript is Disabled,Prikaži Obaveštenje ako je JavaScript Onemogućen,module,Magento_Cms
Show Notice if Local Storage is Disabled,Prikaži Obaveštenje ako je Lokalno Skladište Onemogućeno,module,Magento_Cms
Default Page Layout,Podrazumevani Raspored Stranica,module,Magento_Cms
WYSIWYG Options,WYSIWYG Opcije,module,Magento_Cms
Enable WYSIWYG Editor,Omogući WYSIWYG Editor,module,Magento_Cms
WYSIWYG Editor,Editor Šta vidiš to dobiješ,module,Magento_Cms
CMS Page Link,Link CMS Stranice,module,Magento_Cms
Link to a CMS Page,Link do CMS Stranice,module,Magento_Cms
CMS Page,CMS Stranica,module,Magento_Cms
Select Page...,Odaberi Stranicu...,module,Magento_Cms
Anchor Custom Text,Sidro Odabranog Teksta,module,Magento_Cms
"If empty, the Page Title will be used","Ako je prazno, Naslov Stranice će biti korišćen",module,Magento_Cms
Anchor Custom Title,Sidro Odabranog Naziva,module,Magento_Cms
Template,Šablon,module,Magento_Cms
CMS Page Link Block Template,Šablon Blok Linkova na CMS Stranici,module,Magento_Cms
CMS Page Link Inline Template,Šablon Linkova u Redu na CMS Stranici,module,Magento_Cms
CMS Static Block,CMS Statički Blok,module,Magento_Cms
Contents of a Static Block,Sadržaji Statičnog Bloka,module,Magento_Cms
Block,Blokovi,module,Magento_Cms
Select Block...,Odaberi Blok...,module,Magento_Cms
CMS Static Block Default Template,CMS Podrazumevani Šablon Statičkog Bloka,module,Magento_Cms
General Information,Opšte informacije,module,Magento_Cms
Enable Block,Omogući Blok,module,Magento_Cms
Block Title,Naslov Bloka,module,Magento_Cms
Are you sure you want to delete selected items?,Da li ste sigurni da želite da obrišete odabrane stavke?,module,Magento_Cms
Delete items,Obriši proizvode,module,Magento_Cms
Page Information,Informacije o Stranici,module,Magento_Cms
Enable Page,Omogući Stranicu,module,Magento_Cms
Content,Sadržaj,module,Magento_Cms
Content Heading,Zaglavlje Sadržaja,module,Magento_Cms
Search Engine Optimization,Optimizacija programa za pretraživanje,module,Magento_Cms
Meta Title,Meta Naslov,module,Magento_Cms
Meta Keywords,Meta klјučne reči,module,Magento_Cms
Meta Description,Meta opis,module,Magento_Cms
Page in Websites,Stranice u Web Sajtu,module,Magento_Cms
Design,Dizajn,module,Magento_Cms
Layout Update XML,Raspored ažuriranja XML-a,module,Magento_Cms
Custom Design Update,Ažuriranje Odabranog dizajna,module,Magento_Cms
From,Od,module,Magento_Cms
To,Do,module,Magento_Cms
New Theme,Nova Tema,module,Magento_Cms
-- Please Select --,-- Molim odaberite --,module,Magento_Cms
New Layout,Novi Raspored,module,Magento_Cms
Disable,Onemogući,module,Magento_Cms
Enable,Omogući,module,Magento_Cms
Custom design from,Odabrani dizajn od,module,Magento_Cms
Custom design to,Odabrani dizajn do,module,Magento_Cms
Custom Theme,Prilagođena Tema,module,Magento_Cms
Custom Layout,Prilagođeni Raspored,module,Magento_Cms
Group Label,Oznaka Grupe,module,Magento_Config
Some Label,Neka Oznaka,module,Magento_Config
Tab Label,Oznaka Taba,module,Magento_Config
Allow everything,Dozvoli sve,module,Magento_Config
Dashboard,Kontrolna tabla,module,Magento_Config
Manage Stores,Upravljanje prodavnicama,module,Magento_Config
Field 2,Polje 2,module,Magento_Config
Field 3,Polje 3,module,Magento_Config
Field 3.1,Polje 3.1,module,Magento_Config
Field 3.1.1,Polje 3.1.1,module,Magento_Config
Field 4,Polje 4,module,Magento_Config
Advanced Section,Napredni Deo,module,Magento_Config
Advanced Admin Section,Napredni Admin Deo,module,Magento_Config
Design Section,Dizajniraj Deo,module,Magento_Config
General Section,Opšte Postavke,module,Magento_Config
System Section,Sekcije Sistema,module,Magento_Config
Currency Setup Section,Sekcija Podešavanja Valute,module,Magento_Config
Developer Section,Developer Sekcija,module,Magento_Config
Web Section,Web Sekcija,module,Magento_Config
Store Email Addresses Section,Sekcija Skladišta Mejl Adresa,module,Magento_Config
Email to a Friend,Pošalji Prijatelju,module,Magento_Config
Configurable Product Image,Konfigurisana Slika Proizvoda,module,Magento_ConfigurableProduct
Select...,Izabrati...,module,Magento_ConfigurableProduct
Thumbnail,Sličice,module,Magento_ConfigurableProduct
Attribute Code,Kod atributa,module,Magento_ConfigurableProduct
Attribute Label,Oznaka atributa,module,Magento_ConfigurableProduct
Required,Obavezno,module,Magento_ConfigurableProduct
System,Sistem,module,Magento_ConfigurableProduct
Visible,Vidljivo,module,Magento_ConfigurableProduct
Scope,Opseg,module,Magento_ConfigurableProduct
Searchable,Mogu se pretraživati,module,Magento_ConfigurableProduct
Comparable,Uporedivo,module,Magento_ConfigurableProduct
Contacts Section,Deo sa kontaktima,module,Magento_Contact
Contacts,Kontakti,module,Magento_Contact
Contact Us,Kontaktirajte nas,module,Magento_Contact
Enable Contact Us,Omogućeno je da nas kontaktirate,module,Magento_Contact
Email Options,Email Opcije,module,Magento_Contact
Send Emails To,Pošalji Email na,module,Magento_Contact
Email Sender,Pošiljaoc Mejla,module,Magento_Contact
Email Template,Email šabloni,module,Magento_Contact
"Email template chosen based on theme fallback when ""Default"" option is selected.","Šablon mejla se bira na osnovu teme kada je izabrana opcija ""Podrazumevano"".",module,Magento_Contact
Default Cookie Settings,Podrazumevana Podešavanja Kolačića,module,Magento_Cookie
Cookie Lifetime,Rok trajanja kolačića,module,Magento_Cookie
Cookie Path,Putanja kolačića,module,Magento_Cookie
Cookie Domain,Domen kolačića,module,Magento_Cookie
Use HTTP Only,Koristi samo HTTP,module,Magento_Cookie
Cookie Restriction Mode,Restriktivni Režim Kolačića,module,Magento_Cookie
Cron (Scheduled Tasks),Cron (Zakazani Zadaci),module,Magento_Cron
For correct URLs generated during cron runs please make sure that Web > Secure and Unsecure Base URLs are explicitly set. All the times are in minutes.,Za ispravne URL-ove generisane tokom pokretanja cron-a molimo uverite se da su Web > Secure and Unsecure Base URLs pravilno podešena. Sva vremena su u minutima.,module,Magento_Cron
Generate Schedules Every,Generišete Svaki Raspored,module,Magento_Cron
Schedule Ahead for,Prethodni Raspored za,module,Magento_Cron
Missed if Not Run Within,Propušteno ako Nije Pokrenuto Tokom,module,Magento_Cron
History Cleanup Every,Svako Čišćenje Istorije,module,Magento_Cron
Success History Lifetime,Rok Trajanja Istorije Uspeha,module,Magento_Cron
Failure History Lifetime,Rok Trajanja Istorije Neuspeha,module,Magento_Cron
Use Separate Process,Koristite Odvojene Procese,module,Magento_Cron
Currency,Valuta,module,Magento_CurrencySymbol
All Customers,Svi Korisnici,module,Magento_Customer
Reset password,Resetuj password,module,Magento_Customer
Invalidate tokens,Neispravanate tokens,module,Magento_Customer
Now Online,Sada je na mreži,module,Magento_Customer
Customers Section,Deo za Kupce,module,Magento_Customer
Customer Configuration,Konfiguracija Kupca,module,Magento_Customer
Account Sharing Options,Opcije deljenja naloga,module,Magento_Customer
Share Customer Accounts,Podeli Naloge Kupaca,module,Magento_Customer
Create New Account Options,Kreirajte Nove Opcije Naloga,module,Magento_Customer
Enable Automatic Assignment to Customer Group,Omogućite automatsko dodeljivanje grupi klijenata,module,Magento_Customer
Tax Calculation Based On,Obračun poreza na osnovu,module,Magento_Customer
Default Group,Podrazumevana Grupa,module,Magento_Customer
Group for Valid VAT ID - Domestic,Grupa za Validni VAT ID - Domaći,module,Magento_Customer
Group for Valid VAT ID - Intra-Union,Grupa za Validni VAT ID - Intra-Unijski,module,Magento_Customer
Group for Invalid VAT ID,Grupa za Nevažeći VAT ID,module,Magento_Customer
Validation Error Group,Validacija greške grupe,module,Magento_Customer
Validate on Each Transaction,Potvrda za svaku transakciju,module,Magento_Customer
Default Value for Disable Automatic Group Changes Based on VAT ID,Podrazumevana Vrednost za Onemogućavanje Automatske Promene Grupe na osnovu PIB-a,module,Magento_Customer
Show VAT Number on Storefront,Prikažite PIB na Početnoj Stranici,module,Magento_Customer
"To show VAT number on Storefront, set Show VAT Number on Storefront option to Yes.","Za Prikazivanje PIB-a na Početnoj Stranici, Podesite ""Prikazivanje PIB-a na Početnoj Stranici"" na Da.",module,Magento_Customer
Default Email Domain,Podrazumevani Email Domen,module,Magento_Customer
Default Welcome Email,Podrazumevani Email Dobrodošlice,module,Magento_Customer
"Email template chosen based on theme fallback when ""Default"" option is selected.","Šablon mejla se bira na osnovu teme kada je izabrana opcija ""Podrazumevano"".",module,Magento_Customer
Default Welcome Email Without Password,Podrazumevani Email Dobrodošlice Bez Password-a,module,Magento_Customer
"This email will be sent instead of the Default Welcome Email, if a customer was created without password. <br /><br />
                        Email template chosen based on theme fallback when ""Default"" option is selected.","Ovaj email će biti poslat umesto podrazumevanog emaila dobrodošlice, ako je kupac kreiran bez lozinke. <br /><br />
                        Email šablon se bira na osnovu rezervne teme kada je izabrana opcija ""Podrazumevano"".",module,Magento_Customer
Email Sender,Pošiljaoc Mejla,module,Magento_Customer
Require Emails Confirmation,Zahtevaj Potvrdu Mejla,module,Magento_Customer
Confirmation Link Email,Link za Potvrdu Emaila,module,Magento_Customer
Welcome Email,Email Dobrodošlice,module,Magento_Customer
"This email will be sent instead of the Default Welcome Email, after account confirmation. <br /><br />
                        Email template chosen based on theme fallback when ""Default"" option is selected.","Ovaj email će biti poslat umesto podrazumevanog emaila dobrodošlice, nakon potvrde naloga. <br /><br />
                        Email šablon se bira na osnovu rezervne teme kada je izabrana opcija ""Podrazumevano"".",module,Magento_Customer
Generate Human-Friendly Customer ID,Generiši Human-Friendly ID Kupca,module,Magento_Customer
Password Options,Izbori lozinke,module,Magento_Customer
Forgot Email Template,Zaboravljeni predložak Emaila,module,Magento_Customer
Remind Email Template,Zaboravljeni predložak Emaila,module,Magento_Customer
Reset Password Template,Šablon za resetovanje lozinke,module,Magento_Customer
Password Template Email Sender,Pošiljalac Šablonskog Mejla sa Šifrom,module,Magento_Customer
Recovery Link Expiration Period (hours),Vreme isteka linka za oporavak (sati),module,Magento_Customer
Please enter a number 1 or greater in this field.,U ovo polje unesite broj 1 ili veći.,module,Magento_Customer
Number of Required Character Classes,Broj Potrebnih Klasa Karaktera,module,Magento_Customer
"Number of different character classes required in password: Lowercase, Uppercase, Digits, Special Characters.","Broj Različitih Klasa Karaktera Potrebnih za Lozinku: Mala Slova, Velika Slova, Cifre, Posebni Znakovi.",module,Magento_Customer
Minimum Password Length,Minimalna Dužina Lozinke,module,Magento_Customer
Maximum Login Failures to Lockout Account,Maksimalni Broj Neuspešnih Prijava do Zaključavanja Naloga,module,Magento_Customer
Use 0 to disable account locking.,Unesite 0 da Onemogućite Zaključavanje Naloga.,module,Magento_Customer
Lockout Time (minutes),Vreme Zaključavanja (u minutama),module,Magento_Customer
Account will be unlocked after provided time.,Nalog će Biti Otključan Nakon Predviđenog Vremena.,module,Magento_Customer
Enable Autocomplete on login/forgot password forms,Omogućite Automatsko Dovršavanje na Formama za Logovanje/Zaboravljena Lozinka,module,Magento_Customer
Account Information Options,Opcije Informacija o Nalogu,module,Magento_Customer
Change Email Template,Šablon za Promenu Emaila,module,Magento_Customer
Change Email and Password Template,Šablon za Promenu Emaila i Lozinke,module,Magento_Customer
Name and Address Options,Opcije za Ime i Adresu,module,Magento_Customer
Number of Lines in a Street Address,Broj Redova za Unos Adrese,module,Magento_Customer
Valid range: 1-4,Važeći opseg: 1-4,module,Magento_Customer
Show Prefix,Prikaži Prefiks,module,Magento_Customer
"The title that goes before name (Mr., Mrs., etc.)","Naziv Koji Ide Pre imena (gospodin, gospođa itd.)",module,Magento_Customer
Prefix Dropdown Options,Prefiks Opcija u Padajućem Meniju,module,Magento_Customer
Semicolon (;) separated values.<br/>Leave empty for open text field.,Tačka-zarez (;) odvojene vrednosti. <br/>Ostavite prayno ya otvoreno polje.,module,Magento_Customer
Show Middle Name (initial),Prikaži Srednje Ime (Inicijal),module,Magento_Customer
Always optional.,Uvek opciono.,module,Magento_Customer
Show Suffix,Prikaži Sufiks,module,Magento_Customer
"The suffix that goes after name (Jr., Sr., etc.)","Sufiks koji ide posle imena (Jr., Sr., itd.)",module,Magento_Customer
Suffix Dropdown Options,Sufiks Opcija u Padajućem Meniju,module,Magento_Customer
Show Date of Birth,Prikaži Datum Rođenja,module,Magento_Customer
Show Tax/VAT Number,Prikaži Tax/VAT Broj,module,Magento_Customer
Show Gender,Prikaži Pol,module,Magento_Customer
Show Telephone,Prikaži Telefon,module,Magento_Customer
Show Company,Prikaži Kompaniju,module,Magento_Customer
Show Fax,Prikaži Fax,module,Magento_Customer
Login Options,Opcije Prijavljivanja,module,Magento_Customer
Redirect Customer to Account Dashboard after Logging in,Preusmeri Kupca na Korisničku Upravljačku Tablu nakon prijavljivanja,module,Magento_Customer
"Customer will stay on the current page if ""No"" is selected.","Kupac će ostati na trenutnoj strani ako je odabrano ""Ne"".",module,Magento_Customer
Address Templates,Šabloni Adrese,module,Magento_Customer
Text,Tekst,module,Magento_Customer
Text One Line,Tekst u jednom redu,module,Magento_Customer
Online Customers Options,Online Opcije Kupaca,module,Magento_Customer
Online Minutes Interval,Interval minuta na mreži,module,Magento_Customer
Leave empty for default (15 minutes).,Podrazumevano ostavi prazno (15 minuta).,module,Magento_Customer
Customer Data Lifetime,Kupac Data Lifetime,module,Magento_Customer
Please specify value in minutes.,Navedite vrednost u minutima.,module,Magento_Customer
Customer Notification,Obaveštenje Kupca,module,Magento_Customer
Assign a Customer Group,Dodeli Grupu kupaca,module,Magento_Customer
Are you sure to assign selected customers to new group?,Da li ste sigurni to assign selected customers to new group?,module,Magento_Customer
Customer Grid,Mreža Korisnika,module,Magento_Customer
Rebuild Customer grid index,Obnovite indeks mreže korisnika,module,Magento_Customer
Update Address,Ažuriraj Adresu,module,Magento_Customer
Name Prefix,Prefiks ispred imena,module,Magento_Customer
Name Suffix,Sufiks iza imena,module,Magento_Customer
Middle Name/Initial,Srednje ime/Inicijal,module,Magento_Customer
State/Province,Država,module,Magento_Customer
VAT Number,PDV broj,module,Magento_Customer
Are you sure to delete selected address?,Da li ste sigurni da želite da obrišete odabrane adrese?,module,Magento_Customer
Delete items,Obriši proizvode,module,Magento_Customer
Group,Grupa,module,Magento_Customer
Add New Customer,Dodaj Korisnika,module,Magento_Customer
Are you sure you want to delete the selected customers?,Da li ste sigurni da želite da obrišete odabrane korisnike?,module,Magento_Customer
Subscribe to Newsletter,Prijavi se na Newsletter,module,Magento_Customer
Are you sure you want to unsubscribe the selected customers from the newsletter?,Da li ste sigurni da želite da odjavite odabrane korisnike sa biltena?,module,Magento_Customer
Unsubscribe from Newsletter,Odjavi se sa Newsletter-a,module,Magento_Customer
Customer Since,Korisnik Od,module,Magento_Customer
Confirmed email,Potvrđeni mejl,module,Magento_Customer
Account Created in,Nalog je Kreiran,module,Magento_Customer
Tax VAT Number,PDV broj,module,Magento_Customer
Gender,Pol,module,Magento_Customer
Billing Firstname,Ime za Naplatu,module,Magento_Customer
Billing Lastname,Prezime za Naplatu,module,Magento_Customer
Account Lock,Nalog Zaključan,module,Magento_Customer
Last Activity,Poslednja aktivnost,module,Magento_Customer
Type,Tip,module,Magento_Customer
Customer Information,Korisničke informacije,module,Magento_Customer
"If your Magento installation has multiple websites, you can edit the scope to associate the customer with a specific site.","Ako Vaša Magento instalacija ima više web sajtova, možete promeniti opseg da udružite korisnike sa određenog sajta.",module,Magento_Customer
Disable Automatic Group Change Based on VAT ID,Onemogući Automatsku Grupnu Promenu zasnovanu na PDV ID,module,Magento_Customer
Send Welcome Email From,Pošalji poruku dobrodošlice sa,module,Magento_Customer
Addresses,Adrese,module,Magento_Customer
The customer does not have default billing address,Kupac nema podrazumevanu adresu za naplatu,module,Magento_Customer
The customer does not have default shipping address,Korisnik nema podrazumevanu adresu isporuke,module,Magento_Customer
Create New Customer Account,Kreiraj Novi Korisnički Nalog,module,Magento_Customer
Edit Account Information,Uređivanje Informacija Naloga,module,Magento_Customer
Password forgotten,Zaboravljena Lozinka,module,Magento_Customer
Customer Login,Prijava Korisnika,module,Magento_Customer
You are signed out,Odjavili ste se,module,Magento_Customer
Workflow type,Workflow tip,module,Magento_Developer
Allowed IPs (comma separated),Dozvoljene IP adrese (odvojeni zarezima),module,Magento_Developer
Leave empty for access from any location.,Ostavi prazno za pristup s bilo koje lokacije.,module,Magento_Developer
Enabled for Checkout,Omogući za Plaćanje,module,Magento_Dhl
Title,Naslov,module,Magento_Dhl
Access ID,Pristupni ID,module,Magento_Dhl
Password,Lozinka,module,Magento_Dhl
Account Number,Broj Naloga,module,Magento_Dhl
Content Type (Non Domestic),Sadržaj Tip (Non Domestic),module,Magento_Dhl
Calculate Handling Fee,Izračunajte naknadu za rukovanje,module,Magento_Dhl
Handling Applied,Primenjeno rukovanje,module,Magento_Dhl
"""Per Order"" allows a single handling fee for the entire order. ""Per Package"" allows an individual handling fee for each package.","""Per Order"" omogućava jednu naknadu za rukovanje za celokupnu porudžbinu. ""Per Package"" omogućava pojedinačnu naknadu za rukovanje za svaki paket.",module,Magento_Dhl
Handling Fee,Troškovi obrade,module,Magento_Dhl
Divide Order Weight,Podelite težinu narudžbe,module,Magento_Dhl
Select this to allow DHL to optimize shipping charges by splitting the order if it exceeds 70 kg.,Odaberi ovo da dozvoliš DHL-u da optimizuje deljenje troškova dostave ako porudžbina prelazi 70 kg.,module,Magento_Dhl
Weight Unit,Jedinica Težine,module,Magento_Dhl
Size,Veličina,module,Magento_Dhl
Ready time,Vreme Pripreme,module,Magento_Dhl
Displayed Error Message,Prikazana Poruka o Grešci,module,Magento_Dhl
Free Method,Besplatna Metoda,module,Magento_Dhl
Enable Free Shipping Threshold,Omogućite prag besplatne isporuke,module,Magento_Dhl
Free Shipping Amount Threshold,Prag besplatne isporuke,module,Magento_Dhl
Ship to Applicable Countries,Dostavi u Odgovarajuću Državu,module,Magento_Dhl
Ship to Specific Countries,Dostavi u Navedenu Državu,module,Magento_Dhl
Show Method if Not Applicable,Prikaži Metod ako Nije Primenljivo,module,Magento_Dhl
Sort Order,Redosled porudžbina,module,Magento_Dhl
Debug,Otklanjanje grešaka,module,Magento_Dhl
Sandbox Mode,Mod Sandbox,module,Magento_Dhl
Currency Setup,Podešavanje Valuta,module,Magento_Directory
Currency Options,Opcije Valuta,module,Magento_Directory
Base Currency,Osnovna Valuta,module,Magento_Directory
"Base currency is used for all online payment transactions. The base currency scope is defined by the catalog price scope (""Catalog"" > ""Price"" > ""Catalog Price Scope"").","Osnovna valuta se koristi za sve online transakcije plaćanja. Opseg osnovne valute definisan je opsegom cene kataloga (""Catalog"" > ""Price"" > ""Catalog Price Scope"").",module,Magento_Directory
Default Display Currency,Podrazumevani Prikaz Valute,module,Magento_Directory
Allowed Currencies,Dozvoljene Valute,module,Magento_Directory
API Key,API ključ,module,Magento_Directory
Connection Timeout in Seconds,Istek Konekcije u Sekundama,module,Magento_Directory
Currency Converter API,API Konverter Valute,module,Magento_Directory
Scheduled Import Settings,Podešavanje Zakazanih Unosa,module,Magento_Directory
Enabled,Omogućeno,module,Magento_Directory
Error Email Recipient,Pogrešan Primalac Mejla,module,Magento_Directory
Error Email Sender,Pogrešan Pošiljalac Mejla,module,Magento_Directory
Error Email Template,Pogrešan Mejl Šablon,module,Magento_Directory
"Email template chosen based on theme fallback when ""Default"" option is selected.","Šablon mejla se bira na osnovu teme kada je izabrana opcija ""Podrazumevano"".",module,Magento_Directory
Frequency,Učestalost,module,Magento_Directory
Service,Servis,module,Magento_Directory
Start Time,Vreme početka,module,Magento_Directory
Installed Currencies,Instalirane Valute,module,Magento_Directory
Zip/Postal Code is Optional for,Fah/Poštanski Broj je Opcion za,module,Magento_Directory
State Options,Opcije Države,module,Magento_Directory
State is Required for,Država je Zahtevana za,module,Magento_Directory
Allow to Choose State if It is Optional for Country,Dozvoli Odabir Države ako je Opciono za Državu,module,Magento_Directory
Weight Unit,Jedinica Težine,module,Magento_Directory
Downloadable Product Section,Sektor Preuzimljivih Proizvoda,module,Magento_Downloadable
Downloads,Preuzimanja,module,Magento_Downloadable
Downloadable Product Options,Opcije Preuzimljivih Proizvoda,module,Magento_Downloadable
Order Item Status to Enable Downloads,Status stavke narudžbe za omogućavanje preuzimanja,module,Magento_Downloadable
Default Maximum Number of Downloads,Podrazumevani Maksimalni Broj Preuzimanja,module,Magento_Downloadable
Default Sample Title,Podrazumevani Naslov Uzorka,module,Magento_Downloadable
Default Link Title,Podrazumevani Link Naslova,module,Magento_Downloadable
Open Links in New Window,Otvori Linkove u Novom Prozoru,module,Magento_Downloadable
Use Content-Disposition,Koristite Sadržaj-Dispoziciju,module,Magento_Downloadable
Disable Guest Checkout if Cart Contains Downloadable Items,Onemogući Plaćanje Gostu ako Korpa Sadrži Preuzimljive Proizvode,module,Magento_Downloadable
Guest checkout will only work with shareable.,Plaćanje će gostu biti omogućeno sa deljivim.,module,Magento_Downloadable
Text Field,Tekstualno Polje,module,Magento_Eav
Text Area,Tekstualna Oblast,module,Magento_Eav
Text Editor,Tekst Editor,module,Magento_Eav
Date,Datum,module,Magento_Eav
Yes/No,Da/Ne,module,Magento_Eav
Multiple Select,Izbor više stavki,module,Magento_Eav
Dropdown,Padajuća lista,module,Magento_Eav
EAV types and attributes,EAV vrste i atributi,module,Magento_Eav
Entity types declaration cache,Keš deklaracije tipova entiteta,module,Magento_Eav
Elasticsearch Server Hostname,Elasticsearch ime servera,module,Magento_Elasticsearch8
Elasticsearch Index Prefix,Elasticsearch Prefiks Indeksa,module,Magento_Elasticsearch8
Enable Elasticsearch HTTP Auth,Omogući Elasticsearch HTTP Autentikaciju,module,Magento_Elasticsearch8
Elasticsearch HTTP Username,Elasticsearch HTTP Korisničko ime,module,Magento_Elasticsearch8
Elasticsearch HTTP Password,Elasticsearch HTTP Lozinka,module,Magento_Elasticsearch8
Test Connection,Proveri Vezu,module,Magento_Elasticsearch8
Communications,Komunikacije,module,Magento_Email
No Templates Found,Šabloni nisu pronađeni,module,Magento_Email
Added,Dodato,module,Magento_Email
Updated,Ažuriran,module,Magento_Email
Subject,Predmet,module,Magento_Email
Template Type,Tip šablona,module,Magento_Email
Action,Akcija,module,Magento_Email
"To optimize logo for high-resolution displays, upload an image that is 3x normal size and then specify 1x dimensions in the width/height fields below.","Da optimizujete logo za ekrane visoke rezolucije, učitajte sliku koja je 3 puta veće od normalne veličini i zatim definišite 1x dimenziju za širinu i visinu u polju ispod.",module,Magento_Email
Logo Image,Logo Slika,module,Magento_Email
Logo Image Alt,Alt Logo Slike,module,Magento_Email
"Necessary only if an image has been uploaded above. Enter number of pixels, without appending ""px"".","Neophodno samo ako je slika iznad učitana. Upišite broj pixela, bez upisivanja ""px"".",module,Magento_Email
Logo Width,Širina Logo,module,Magento_Email
"Necessary only if an image has been uploaded above. Enter image height size in pixels without appending ""px"".","Neophodno ako je slika ućitana iznad. Unesite visinu slike u pixelima bez upisivanja ""px"".",module,Magento_Email
Logo Height,Visina Logo,module,Magento_Email
"Email template chosen based on theme fallback, when the ""Default"" option is selected.","Šalon e-pošte je izabran na osnovu teme, kada je izabrana opcija „Zadata vrednost”.",module,Magento_Email
Header Template,Zaglavlje Šablona,module,Magento_Email
Footer Template,Podnožje Šablona,module,Magento_Email
Manage Encryption Key,Upravljaj Enkripcijskim Ključem,module,Magento_EncryptionKey
Enabled for Checkout,Omogući za Plaćanje,module,Magento_Fedex
Title,Naslov,module,Magento_Fedex
Account ID,ID Naloga,module,Magento_Fedex
Please make sure to use only digits here. No dashes are allowed.,Ovde obavezno koristite samo cifre. Nisu dozvoljene crtice.,module,Magento_Fedex
Secret Key,Tajni ključ,module,Magento_Fedex
Sandbox Mode,Mod Sandbox,module,Magento_Fedex
Web-Services URL (Production),URL Web Servisa (produkcija),module,Magento_Fedex
Web-Services URL (Sandbox),URL Web Servisa (Sandbox),module,Magento_Fedex
Packages Request Type,Vrsta Zahteva za Pakete,module,Magento_Fedex
Packaging,Pakovanje,module,Magento_Fedex
Weight Unit,Jedinica Težine,module,Magento_Fedex
Maximum Package Weight (Please consult your shipping carrier for maximum supported shipping weight),Maksimalna Težina Paketa (Proverite sa Vašim dostavljačem koja je maksimalna težina za isporuku),module,Magento_Fedex
Calculate Handling Fee,Izračunajte naknadu za rukovanje,module,Magento_Fedex
Handling Applied,Primenjeno rukovanje,module,Magento_Fedex
Handling Fee,Troškovi obrade,module,Magento_Fedex
Residential Delivery,Kućna Dostava,module,Magento_Fedex
Allowed Methods,Dozvoljene Metode,module,Magento_Fedex
The field is applicable if the Smart Post method is selected.,Polje je primenjivo ukoliko je izabrana metoda Smart Post.,module,Magento_Fedex
Free Method,Besplatna Metoda,module,Magento_Fedex
Enable Free Shipping Threshold,Omogućite prag besplatne isporuke,module,Magento_Fedex
Free Shipping Amount Threshold,Prag besplatne isporuke,module,Magento_Fedex
Displayed Error Message,Prikazana Poruka o Grešci,module,Magento_Fedex
Ship to Applicable Countries,Dostavi u Odgovarajuću Državu,module,Magento_Fedex
Ship to Specific Countries,Dostavi u Navedenu Državu,module,Magento_Fedex
Debug,Otklanjanje grešaka,module,Magento_Fedex
Show Method if Not Applicable,Prikaži Metod ako Nije Primenljivo,module,Magento_Fedex
Sort Order,Redosled porudžbina,module,Magento_Fedex
Allow Gift Messages on Order Level,Dozvoli Poklon Poruke na Nivou Porudžbine,module,Magento_GiftMessage
Allow Gift Messages for Order Items,Dozvoli Poklon Poruke za Stavke u Porudžbini,module,Magento_GiftMessage
Enable,Omogući,module,Magento_GoogleAdwords
Conversion ID,ID Konverzije,module,Magento_GoogleAdwords
Conversion Language,Jezik Konverzije,module,Magento_GoogleAdwords
Conversion Format,Format Konverzije,module,Magento_GoogleAdwords
Conversion Color,Boja Konverzije,module,Magento_GoogleAdwords
Conversion Label,Oznaka Konverzije,module,Magento_GoogleAdwords
Conversion Value Type,Tip Vrednosti Konverzije,module,Magento_GoogleAdwords
Conversion Value,Vrednost Konverzije,module,Magento_GoogleAdwords
Send Order Currency,Pošalji Porudžbina Currency,module,Magento_GoogleAdwords
Enable,Omogući,module,Magento_GoogleAnalytics
Account Number,Broj Naloga,module,Magento_GoogleAnalytics
Enable,Omogući,module,Magento_GoogleGtag
Conversion ID,ID Konverzije,module,Magento_GoogleGtag
Conversion Label,Oznaka Konverzije,module,Magento_GoogleGtag
Enable Content Experiments,Omogući Sadržaj Experiments,module,Magento_GoogleOptimizer
Category View Optimization,Kategorija Pregled Optimization,module,Magento_GoogleOptimizer
Grouped Product Image,Grouped Proizvod Slika,module,Magento_GroupedProduct
Select...,Izabrati...,module,Magento_GroupedProduct
Type,Tip,module,Magento_GroupedProduct
Quantity,Količina,module,Magento_GroupedProduct
Start Date&Time,Početak Datum&Vreme,module,Magento_ImportExport
Imported File,Imported Datoteka,module,Magento_ImportExport
Error File,Greška Datoteka,module,Magento_ImportExport
Execution Time,Execution Vreme,module,Magento_ImportExport
Summary,Rezime,module,Magento_ImportExport
File name,Datoteka name,module,Magento_ImportExport
Description,Opis,module,Magento_Indexer
Updated,Ažuriran,module,Magento_Indexer
Enabled,Omogućeno,module,Magento_InstantPurchase
Payment method with vault and instant purchase support should be enabled.,Plaćanje method with vault and instant purchase support should be enabled.,module,Magento_InstantPurchase
System Extensions,Ekstenzije sitema,module,Magento_Integration
System Integrations,Integracije Sistema,module,Magento_Integration
Extensions,Ekstenzije,module,Magento_Integration
Customer Token Lifetime (hours),Kupac Token Lifetime (hours),module,Magento_Integration
We will disable this feature if the value is empty.,Mi ćemo onemogućiti ovu mogućnost ako je vrednost ne postoji.,module,Magento_Integration
Cleanup Settings,Cleanup Podešavanja,module,Magento_Integration
Consumer Settings,Consumer Podešavanja,module,Magento_Integration
Maximum Login Failures to Lock Out Account,Maximum Prijava Failures to Zaključaj Out Nalog,module,Magento_Integration
Lockout Time (seconds),Lockout Vreme (seconds),module,Magento_Integration
Integrations Configuration,Integracije Konfiguracija,module,Magento_Integration
Integration configuration file,Integracija configuration file,module,Magento_Integration
Integrations API Configuration,Integracija API konfiguracije,module,Magento_Integration
Integrations API configuration file,Integracije API configuration file,module,Magento_Integration
We couldn't find any records.,Nismo pronašli ni jedan zapis.,module,Magento_Integration
Delete,Obrisati,module,Magento_Integration
Inventory,Inventar,module,Magento_InventoryAdminUi
Back,Nazad,module,Magento_InventoryAdminUi
Reset,Resetovati,module,Magento_InventoryAdminUi
General,Opšte,module,Magento_InventoryAdminUi
Code,Kod,module,Magento_InventoryAdminUi
Name,Ime,module,Magento_InventoryAdminUi
Description,Opis,module,Magento_InventoryAdminUi
Contact Name,Contact Naziv,module,Magento_InventoryAdminUi
Email,E-pošta,module,Magento_InventoryAdminUi
Phone,Telefon,module,Magento_InventoryAdminUi
Fax,Faks,module,Magento_InventoryAdminUi
Country,Država,module,Magento_InventoryAdminUi
State/Province,Država,module,Magento_InventoryAdminUi
City,Grad,module,Magento_InventoryAdminUi
Street,Ulica,module,Magento_InventoryAdminUi
Enable,Omogući,module,Magento_InventoryAdminUi
Disable,Onemogući,module,Magento_InventoryAdminUi
Enabled,Omogućeno,module,Magento_InventoryAdminUi
Disabled,Onemogućeno,module,Magento_InventoryAdminUi
Priority,Prioritet,module,Magento_InventoryAdminUi
Done,Gotovo,module,Magento_InventoryAdminUi
Delete selected items?,Obriši odabrane proizvode?,module,Magento_InventoryAdminUi
Delete items,Obriši proizvode,module,Magento_InventoryAdminUi
Delete,Obrisati,module,Magento_InventoryAdminUi
Inventory,Inventar,module,Magento_InventoryApi
Name,Ime,module,Magento_InventoryCatalogAdminUi
Actions,Radnje,module,Magento_InventoryCatalogAdminUi
Done,Gotovo,module,Magento_InventoryCatalogAdminUi
Done,Gotovo,module,Magento_InventoryConfigurableProductAdminUi
Value,Vrednost,module,Magento_InventoryDistanceBasedSourceSelectionAdminUi
Active,Aktivan,module,Magento_InventoryInStorePickupAdminUi
Disabled,Onemogućeno,module,Magento_InventoryInStorePickupAdminUi
We'll send your order confirmation here.,Poslaćemo vam potvrdu porudžbine ovde.,module,Magento_InventoryInStorePickupFrontend
Enabled,Omogućeno,module,Magento_InventoryInStorePickupSalesAdminUi
"Email template chosen based on theme fallback when ""Default"" option is selected.","Šablon mejla se bira na osnovu teme kada je izabrana opcija ""Podrazumevano"".",module,Magento_InventoryInStorePickupSalesAdminUi
Enabled,Omogućeno,module,Magento_InventoryInStorePickupShippingAdminUi
Method Name,Method Naziv,module,Magento_InventoryInStorePickupShippingAdminUi
Title,Naslov,module,Magento_InventoryInStorePickupShippingAdminUi
Price,Cena,module,Magento_InventoryInStorePickupShippingAdminUi
Displayed Error Message,Prikazana Poruka o Grešci,module,Magento_InventoryInStorePickupShippingAdminUi
Inventory,Inventar,module,Magento_InventoryIndexer
Product,Proizvod,module,Magento_InventoryLowQuantityNotificationAdminUi
SKU,Šifra,module,Magento_InventoryLowQuantityNotificationAdminUi
Quantity,Količina,module,Magento_InventoryLowQuantityNotificationAdminUi
Use Default,Koristi podrazumevano,module,Magento_InventoryLowQuantityNotificationAdminUi
Websites,Web stranice,module,Magento_InventorySalesAdminUi
Inventory,Inventar,module,Magento_InventorySalesApi
-- Please Select --,-- Molim odaberite --,module,Magento_InventoryShippingAdminUi
Items Ordered,Poručeni artikli,module,Magento_InventoryShippingAdminUi
Product,Proizvod,module,Magento_InventoryShippingAdminUi
SKU,Šifra,module,Magento_InventoryShippingAdminUi
Layered Navigation,Slojevita navigacija,module,Magento_LayeredNavigation
Display Product Count,Prikaži broj proizvoda,module,Magento_LayeredNavigation
Price Navigation Step Calculation,Kalkulacija koraka navigacije cene,module,Magento_LayeredNavigation
Default Price Navigation Step,Podrazumevano Cena Navigation Step,module,Magento_LayeredNavigation
Maximum Number of Price Intervals,Maks. broj intervala cena,module,Magento_LayeredNavigation
Maximum number of price intervals is 100,Maksimalni broj od cene intervala je 100,module,Magento_LayeredNavigation
Display Price Interval as One Price,Display Cena Interval as One Cena,module,Magento_LayeredNavigation
This setting will be applied when all prices in the specific price interval are equal.,Ovo podešavanje će biti primenjeno kada su sve cene u specifičnim intervalima jednake.,module,Magento_LayeredNavigation
Interval Division Limit,Ograničenje podele intervala,module,Magento_LayeredNavigation
"Please specify the number of products, that will not be divided into subintervals.","Molimo navedite the number of products, that will not be divided into subintervals.",module,Magento_LayeredNavigation
"Can be used only with catalog input type Yes/No (Boolean), Dropdown, Multiple Select and Price.","Can be used only with catalog input type Da/Ne (Boolean), Dropdown, Multiple Izaberi and Cena.",module,Magento_LayeredNavigation
Customer ID,Kupac ID,module,Magento_LoginAsCustomerLog
Customer Email,Kupac E-pošta,module,Magento_LoginAsCustomerLog
Find Partners & Extensions,Find Partners & Ekstenzije,module,Magento_Marketplace
Select,Izaberite,module,Magento_MediaGalleryCatalogUi
Display Mode,Režim prikaza,module,Magento_MediaGalleryCatalogUi
Enabled,Omogućeno,module,Magento_MediaGalleryCatalogUi
Image,Slika,module,Magento_MediaGalleryCatalogUi
Name,Ime,module,Magento_MediaGalleryCatalogUi
Path,Putanja,module,Magento_MediaGalleryCatalogUi
Products,Proizvodi,module,Magento_MediaGalleryCatalogUi
Product Name or SKU,Naziv proizvoda ili SKU,module,Magento_MediaGalleryCatalogUi
Start typing to find products,Počnite da kucate da biste pronašli proizvod,module,Magento_MediaGalleryCatalogUi
Product with ID: %s doesn't exist,Proizvod sa ID: %s ne postoji,module,Magento_MediaGalleryCatalogUi
Category Name,Naziv kategorije,module,Magento_MediaGalleryCatalogUi
Page Title,Naslov strane,module,Magento_MediaGalleryCmsUi
Block Title,Naslov Bloka,module,Magento_MediaGalleryCmsUi
Maximum Width,Maksimalna širina,module,Magento_MediaGalleryRenditions
Maximum Height,Maksimalna visina,module,Magento_MediaGalleryRenditions
Media Gallery,Media Galerija,module,Magento_MediaGalleryUiApi
All,Sve,module,Magento_MediaGalleryUi
Store View,Prikaz prodavnice,module,Magento_MediaGalleryUi
Storage Configuration for Media,Storage Konfiguracija for Media,module,Magento_MediaStorage
Media Storage,Skladište Media sadržaja,module,Magento_MediaStorage
Select Media Database,Izaberi Media Database,module,Magento_MediaStorage
Environment Update Time,Environment Ažuriraj Vreme,module,Magento_MediaStorage
Minimum Advertised Price,Minimalna oglašena cena,module,Magento_Msrp
Enable MAP,Omogući MAP,module,Magento_Msrp
Display Actual Price,Prikaži stvarnu cenu,module,Magento_Msrp
Default Popup Text Message,Podrazumevano Popup Text Message,module,Magento_Msrp
"Default ""What's This"" Text Message","Podrazumevana tekstualna poruka ""Šta je ovo""",module,Magento_Msrp
Multishipping Settings Section,Multishipping Podešavanja Section,module,Magento_Multishipping
Multishipping Settings,Podešavanja višestruke dostave,module,Magento_Multishipping
Options,Opcije,module,Magento_Multishipping
Allow Shipping to Multiple Addresses,Dozvoli Dostava to Multiple Addresses,module,Magento_Multishipping
Maximum Qty Allowed for Shipping to Multiple Addresses,Maximum Kol Allowed for Dostava to Multiple Addresses,module,Magento_Multishipping
Review Order,Pregledaj porudžbinu,module,Magento_Multishipping
We could only complete part of your order.,Samo deo vaše porudžbine je izvršen.,module,Magento_Multishipping
We were unable to complete your order.,Nismo uspeli da izvršimo vašu porudžbinu.,module,Magento_Multishipping
Select Shipping Method,Izaberi način dostave,module,Magento_Multishipping
Thank you for your purchase!,Zahvaljujemo Vam se na kupovini!,module,Magento_Multishipping
"All the times are in minutes. Use ""0"" if you want to skip automatic clearance.","Sva vremena su u minutima. Koristite ""0"" ako želite da preskočite automatsko čišćenje.",module,Magento_MysqlMq
New Messages Lifetime,Novo Messages Lifetime,module,Magento_MysqlMq
New Relic Reporting Section,Novo Relic Reporting Section,module,Magento_NewRelicReporting
New Relic Reporting,Novo Relic Reporting,module,Magento_NewRelicReporting
General,Opšte,module,Magento_NewRelicReporting
Enable New Relic Integration,Omogući Novo Relic Integracija,module,Magento_NewRelicReporting
New Relic API URL,Novo Relic API URL,module,Magento_NewRelicReporting
New Relic Account ID,Novo Relic Nalog ID,module,Magento_NewRelicReporting
"""Need a New Relic account? <a href=""http://www.newrelic.com/magento"" target=""_blank"">Click here to get one","""Potreban vam je New Relic nalog? <a href=""http://www.newrelic.com/magento"" target=""_blank"">Kliknite ovde da dobijete",module,Magento_NewRelicReporting
New Relic Application ID,Novo Relic Application ID,module,Magento_NewRelicReporting
"This can commonly be found at the end of the URL when viewing the APM after ""/applications/""","Ovo se obično nalazi na kraju URL-a kada gledate APM nakon ""/applications/""",module,Magento_NewRelicReporting
New Relic API Key,Novo Relic API Key,module,Magento_NewRelicReporting
This is located by navigating to Events -> Deployments from the New Relic APM website,This is located by navigating to Events -> Deployments from the Novo Relic APM website,module,Magento_NewRelicReporting
Generated under Insights in Manage data -> API Keys -> Insert Keys,Generated under Insights in Manage data -> API Keys -> Ubaci Keys,module,Magento_NewRelicReporting
New Relic Application Name,Novo Relic Application Naziv,module,Magento_NewRelicReporting
This is located by navigating to Settings from the New Relic APM website,This is located by navigating to Podešavanja from the Novo Relic APM website,module,Magento_NewRelicReporting
Enable Cron,Omogući Cron,module,Magento_NewRelicReporting
Newsletter Template,Šablon biltena,module,Magento_Newsletter
Newsletter Section,Bilten Section,module,Magento_Newsletter
General Options,Opšte Opcije,module,Magento_Newsletter
Enabled,Omogućeno,module,Magento_Newsletter
Subscription Options,Opcije pretplate,module,Magento_Newsletter
Allow Guest Subscription,Dozvoli Guest Pretplata,module,Magento_Newsletter
Need to Confirm,Potrebno potvrditi,module,Magento_Newsletter
Confirmation Email Sender,Confirmation E-pošta Sender,module,Magento_Newsletter
Confirmation Email Template,Confirmation E-pošta Template,module,Magento_Newsletter
"Email template chosen based on theme fallback when ""Default"" option is selected.","Šablon mejla se bira na osnovu teme kada je izabrana opcija ""Podrazumevano"".",module,Magento_Newsletter
Success Email Sender,Pošiljalac emaila uspeha,module,Magento_Newsletter
Success Email Template,Šablon emaila uspeha,module,Magento_Newsletter
Unsubscription Email Sender,Pošiljalac emaila odjave,module,Magento_Newsletter
Unsubscription Email Template,Šablon emaila odjave,module,Magento_Newsletter
We found no problems.,Nismo pronašli probleme.,module,Magento_Newsletter
Subscriber,Pretplatnik,module,Magento_Newsletter
Queue Start Date,Datum početka reda,module,Magento_Newsletter
Error Code,Kod greške,module,Magento_Newsletter
Error Text,Tekst greške,module,Magento_Newsletter
Queue Start,Početak reda,module,Magento_Newsletter
Queue End,Kraj reda,module,Magento_Newsletter
Processed,Obrađeno,module,Magento_Newsletter
Unsubscribe,Odjavi se,module,Magento_Newsletter
Delete,Obrisati,module,Magento_Newsletter
Email,E-pošta,module,Magento_Newsletter
Type,Tip,module,Magento_Newsletter
Guest,Gost,module,Magento_Newsletter
Customer,Kupac,module,Magento_Newsletter
Customer First Name,Ime kupca,module,Magento_Newsletter
Customer Last Name,Prezime kupca,module,Magento_Newsletter
Not Activated,Nije aktivirano,module,Magento_Newsletter
Subscribed,Pretplaćen,module,Magento_Newsletter
Unsubscribed,Odjavljen,module,Magento_Newsletter
Unconfirmed,Nepotvrđeno,module,Magento_Newsletter
Web Site,Web lokacija,module,Magento_Newsletter
Store,Prodavnica,module,Magento_Newsletter
Store View,Prikaz prodavnice,module,Magento_Newsletter
Newsletter Subscriptions,Pretplate na bilten,module,Magento_Newsletter
Check / Money Order,Check / Money Porudžbina,module,Magento_OfflinePayments
Enabled,Omogućeno,module,Magento_OfflinePayments
New Order Status,Novi status porudžbine,module,Magento_OfflinePayments
Sort Order,Redosled porudžbina,module,Magento_OfflinePayments
Title,Naslov,module,Magento_OfflinePayments
Payment from Applicable Countries,Plaćanja iz privaćenih zemalja,module,Magento_OfflinePayments
Payment from Specific Countries,Plaćanja iz određenih zemalja,module,Magento_OfflinePayments
Minimum Order Total,Minimalna vrednost porudžbine,module,Magento_OfflinePayments
Maximum Order Total,Maksimalna vrednost porudžbine,module,Magento_OfflinePayments
Purchase Order,Nabavna porudžbina,module,Magento_OfflinePayments
Bank Transfer Payment,Bank Transfer Plaćanje,module,Magento_OfflinePayments
Cash On Delivery Payment,Cash Uključeno Delivery Plaćanje,module,Magento_OfflinePayments
Enabled,Omogućeno,module,Magento_OfflineShipping
Method Name,Method Naziv,module,Magento_OfflineShipping
Price,Cena,module,Magento_OfflineShipping
Calculate Handling Fee,Izračunajte naknadu za rukovanje,module,Magento_OfflineShipping
Handling Fee,Troškovi obrade,module,Magento_OfflineShipping
Sort Order,Redosled porudžbina,module,Magento_OfflineShipping
Title,Naslov,module,Magento_OfflineShipping
Type,Tip,module,Magento_OfflineShipping
Ship to Applicable Countries,Dostavi u Odgovarajuću Državu,module,Magento_OfflineShipping
Ship to Specific Countries,Dostavi u Navedenu Državu,module,Magento_OfflineShipping
Show Method if Not Applicable,Prikaži Metod ako Nije Primenljivo,module,Magento_OfflineShipping
Displayed Error Message,Prikazana Poruka o Grešci,module,Magento_OfflineShipping
Condition,Stanje,module,Magento_OfflineShipping
Include Virtual Products in Price Calculation,Uključi Virtual Proizvodi in Cena Calculation,module,Magento_OfflineShipping
Export,Izvezi,module,Magento_OfflineShipping
Import,Uvesti,module,Magento_OfflineShipping
Free Shipping,Free Dostava,module,Magento_OfflineShipping
Minimum Order Amount,Minimum Porudžbina Amount,module,Magento_OfflineShipping
Include Tax to Amount,Uključi porez u iznos,module,Magento_OfflineShipping
-- Please Select --,-- Molim odaberite --,module,Magento_OfflineShipping
Test Connection,Proveri Vezu,module,Magento_OpenSearch
Image,Slika,module,Magento_PageBuilderImageAttribute
Save Template,Snimi šablon,module,Magento_PageBuilder
Delete Template,Obriši šablon,module,Magento_PageBuilder
Default,Podrazumevani,module,Magento_PageBuilder
Center,Centrirano,module,Magento_PageBuilder
Image,Slika,module,Magento_PageBuilder
Banner,Reklamni natpis,module,Magento_PageBuilder
Insert Images...,Ubaci Images...,module,Magento_PageBuilder
Products,Proizvodi,module,Magento_PageBuilder
Text,Tekst,module,Magento_PageBuilder
Layout,Raspored,module,Magento_PageBuilder
Elements,Elementi,module,Magento_PageBuilder
Content,Sadržaj,module,Magento_PageBuilder
Always,Uvek,module,Magento_PageBuilder
Search Engine Optimization,Optimizacija programa za pretraživanje,module,Magento_PageBuilder
Advanced,Napredni,module,Magento_PageBuilder
None,Ništa,module,Magento_PageBuilder
Scroll,Pomeraj,module,Magento_PageBuilder
Fixed,Fiksno,module,Magento_PageBuilder
Template,Šablon,module,Magento_PageBuilder
CMS Static Block Default Template,CMS Podrazumevani Šablon Statičkog Bloka,module,Magento_PageBuilder
Title,Naslov,module,Magento_PageBuilder
Identifier,Identifikator,module,Magento_PageBuilder
Code,Kod,module,Magento_PageBuilder
Phone Number,Broj telefona,module,Magento_PageBuilder
Street Address,Adresa,module,Magento_PageBuilder
City,Grad,module,Magento_PageBuilder
Region/State,Region/država,module,Magento_PageBuilder
Zip/Postal Code,Poštanski broj,module,Magento_PageBuilder
Country,Država,module,Magento_PageBuilder
Edit,Izmeni,module,Magento_PageBuilder
Height,Visina,module,Magento_PageBuilder
Location,Lokacija,module,Magento_PageBuilder
Position,Pozicija,module,Magento_PageBuilder
Comment,Komentar,module,Magento_PageBuilder
Condition,Stanje,module,Magento_PageBuilder
Number of Products to Display,Broj proizvoda za prikaz,module,Magento_PageBuilder
Category,Kategorija,module,Magento_PageBuilder
SKU,Šifra,module,Magento_PageBuilder
Sort By,Poređaj po,module,Magento_PageBuilder
Preview Image,Pregled slike,module,Magento_PageBuilder
Template Name,Naziv šablona,module,Magento_PageBuilder
Created,Kreiran,module,Magento_PageBuilder
Maximum Width,Maksimalna širina,module,Magento_PageBuilder
More Information,Više informacija,module,Magento_PageBuilder
Reviews,Recenzije,module,Magento_PageBuilder
Full Page Cache,Full Stranica Keš,module,Magento_PageCache
Varnish Configuration,Varnish Konfiguracija,module,Magento_PageCache
"IPs access list separated with ',' that can purge Varnish configuration for config file generation.
                            If field is empty default value localhost will be saved.","Lista pristupa IP adresa odvojenih sa ',' koje mogu očistiti Varnish konfiguraciju za generisanje konfiguracione datoteke.
                            Ako je polje prazno, podrazumevana vrednost localhost će biti sačuvana.",module,Magento_PageCache
Page Cache,Stranica Keš,module,Magento_PageCache
Enable,Omogući,module,Magento_PaymentServicesBase
Method,Metoda,module,Magento_PaymentServicesBase
Payment Services,Plaćanje Services,module,Magento_PaymentServicesDashboard
Dashboard,Kontrolna tabla,module,Magento_PaymentServicesDashboard
Title,Naslov,module,Magento_PaymentServicesPaypal
Payment Action,Akcija plaćanja,module,Magento_PaymentServicesPaypal
Sort Order,Redosled porudžbina,module,Magento_PaymentServicesPaypal
Vault Enabled,Trezor omogućen,module,Magento_PaymentServicesPaypal
Theme,Tema,module,Magento_PaymentServicesPaypal
Layout,Raspored,module,Magento_PaymentServicesPaypal
Height,Visina,module,Magento_PaymentServicesPaypal
Label,Oznaka,module,Magento_PaymentServicesPaypal
Active,Aktivan,module,Magento_PaymentServicesPaypal
Review Order,Pregledaj porudžbinu,module,Magento_PaymentServicesPaypal
Payment Methods Section,Plaćanje Methods Section,module,Magento_Payment
Payment Services,Plaćanje Services,module,Magento_Payment
Payment Methods,Plaćanje Methods,module,Magento_Payment
Zero Subtotal Checkout,Zero Međuzbir Naplata,module,Magento_Payment
Enabled,Omogućeno,module,Magento_Payment
New Order Status,Novi status porudžbine,module,Magento_Payment
Automatically Invoice All Items,Automatically Faktura Sve Items,module,Magento_Payment
Sort Order,Redosled porudžbina,module,Magento_Payment
Title,Naslov,module,Magento_Payment
Payment from Applicable Countries,Plaćanja iz privaćenih zemalja,module,Magento_Payment
Payment from Specific Countries,Plaćanja iz određenih zemalja,module,Magento_Payment
Fetch,Dohvati,module,Magento_Paypal
Actions,Radnje,module,Magento_Paypal
Manage,Upravljaj,module,Magento_Paypal
Place Order Using Billing Agreements,Place Porudžbina Using Billing Agreements,module,Magento_Paypal
Orders,Porudžbine,module,Magento_Paypal
Payment Amount Authorization,Odobrenje za količinu plaćanja,module,Magento_Paypal
Merchant Country,Merchant Zemlja,module,Magento_Paypal
Other PayPal Payment Solutions:,Other PayPal Plaćanje Solutions:,module,Magento_Paypal
Other Payment Methods:,Other Plaćanje Methods:,module,Magento_Paypal
PayPal Express Checkout,PayPal Express Naplata,module,Magento_Paypal
Add another payment method to your existing solution or as a stand-alone option.,Dodaj another payment method to your existing solution or as a stand-alone option.,module,Magento_Paypal
PayPal All-in-One Payment Solutions&nbsp;<i>Accept and process credit cards and PayPal payments.</i>,PayPal Sve-in-One Plaćanje Solutions&nbsp;<i>Accept and process credit cards and PayPal payments.</i>,module,Magento_Paypal
Choose a secure bundled payment solution for your business.,Izaberi a secure bundled payment solution for your business.,module,Magento_Paypal
Payments Pro and Express Checkout,Payments Pro and Express Naplata,module,Magento_Paypal
Basic Settings - PayPal Payments Pro,Basic Podešavanja - PayPal Payments Pro,module,Magento_Paypal
Basic Settings - PayPal Website Payments Standard,Basic Podešavanja - PayPal Veb sajt Payments Standard,module,Magento_Paypal
PayPal Payment Gateways&nbsp;<i>Process payments using your own internet merchant account.</i>,PayPal Plaćanje Gateways&nbsp;<i>Process payments using your own internet merchant account.</i>,module,Magento_Paypal
PayPal All-in-One Payment Solutions&nbsp;&nbsp;<i>Accept and process credit cards and PayPal payments.</i>,PayPal Sve-in-One Plaćanje Solutions&nbsp;&nbsp;<i>Accept and process credit cards and PayPal payments.</i>,module,Magento_Paypal
Website Payments Standard,Veb sajt Payments Standard,module,Magento_Paypal
Website Payments Pro,Veb sajt Payments Pro,module,Magento_Paypal
Express Checkout,Express Naplata,module,Magento_Paypal
Add PayPal as an additional payment method to your checkout page.,Dodaj PayPal as an additional payment method to your checkout page.,module,Magento_Paypal
Required PayPal Settings,Obavezno PayPal Podešavanja,module,Magento_Paypal
Email Associated with PayPal Merchant Account (Optional),E-pošta Associated with PayPal Merchant Nalog (Opciono),module,Magento_Paypal
"<a href=""http://www.magentocommerce.com/paypal"">Start accepting payments via PayPal!</a>","<a href=""http://www.magentocommerce.com/paypal"">Počnite da primate uplate putem PayPal-a!</a>",module,Magento_Paypal
API Password,API Lozinka,module,Magento_Paypal
Sandbox Mode,Mod Sandbox,module,Magento_Paypal
Enable this Solution,Omogućiti ovo rešenje,module,Magento_Paypal
Enable In-Context Checkout Experience,Omogući In-Context Naplata Experience,module,Magento_Paypal
"See PayPal Feature Support details and list of supported regions
                    <a href=""https://developer.paypal.com/docs/classic/express-checkout/in-context/"" target=""_blank"">here</a>.","Pogledajte detalje podrške PayPal funkcija i listu podržanih regiona
                    <a href=""https://developer.paypal.com/docs/classic/express-checkout/in-context/"" target=""_blank"">ovde</a>.",module,Magento_Paypal
Merchant Account ID,ID trgovačkog naloga,module,Magento_Paypal
Enable PayPal Credit,Omogući PayPal Credit,module,Magento_Paypal
"PayPal Express Checkout lets you give customers access to financing through PayPal Credit&#174; - at no additional cost to you.
                        You get paid up front, even though customers have more time to pay. A pre-integrated payment button lets customers pay quickly with PayPal Credit&#174;.
                        <a href=""https://www.paypal.com/webapps/mpp/promotional-financing"" target=""_blank"">Learn More</a>","PayPal Express Checkout vam omogućava da kupcima date pristup finansiranju putem PayPal Credit&#174; - bez dodatnih troškova za vas.
                        Vi dobijate uplatu unapred, iako kupci imaju više vremena da plate. Pre-integrisano dugme za plaćanje omogućava kupcima da brzo plate sa PayPal Credit&#174;.
                        <a href=""https://www.paypal.com/webapps/mpp/promotional-financing"" target=""_blank"">Saznajte više</a>",module,Magento_Paypal
Sort Order PayPal Credit,Sortiraj Porudžbina PayPal Credit,module,Magento_Paypal
"<a href=""https://financing.paypal.com/ppfinportal/content/whyUseFinancing"" target=""_blank"">Why Advertise Financing?</a><br/>
                        <strong>Give your sales a boost when you advertise financing.</strong><br/>PayPal helps turn browsers into buyers with financing
                        from PayPal Credit&#174;. Your customers have more time to pay, while you get paid up front – at no additional cost to you.
                        Use PayPal’s free banner ads that let you advertise PayPal Credit&#174; financing as a payment option when your customers check out with PayPal.
                        The PayPal Advertising Program has been shown to generate additional purchases as well as increase consumer's average purchase sizes by 15%
                        or more. <a href=""https://financing.paypal.com/ppfinportal/content/forrester"" target=""_blank"">See Details</a>.","<a href=""https://financing.paypal.com/ppfinportal/content/whyUseFinancing"" target=""_blank"">Zašto oglašavati finansiranje?</a><br/>
                        <strong>Povećajte prodaju kada oglašavate finansiranje.</strong><br/>PayPal pomaže da pretvorite posetioce u kupce sa finansiranjem
                        iz PayPal Credit&#174;. Vaši kupci imaju više vremena da plate, dok vi dobijate uplatu unapred – bez dodatnih troškova.
                        Koristite PayPal besplatne baner oglase koji vam omogućavaju da oglašavate PayPal Credit&#174; finansiranje kao opciju plaćanja kada vaši kupci plaćaju sa PayPal-om.
                        Dokazano je da PayPal program oglašavanja generiše dodatne kupovine i povećava prosečnu veličinu kupovine za 15%
                        ili više. <a href=""https://financing.paypal.com/ppfinportal/content/forrester"" target=""_blank"">Pogledajte detalje</a>.",module,Magento_Paypal
Required to display a banner,Obavezno to display a banner,module,Magento_Paypal
Home Page,Home Stranica,module,Magento_Paypal
Position,Pozicija,module,Magento_Paypal
Size,Veličina,module,Magento_Paypal
Catalog Category Page,Katalog Kategorija Stranica,module,Magento_Paypal
Catalog Product Page,Katalog Proizvod Stranica,module,Magento_Paypal
Checkout Cart Page,Naplata Korpa Stranica,module,Magento_Paypal
Basic Settings - PayPal Express Checkout,Basic Podešavanja - PayPal Express Naplata,module,Magento_Paypal
Title,Naslov,module,Magento_Paypal
"It is recommended to set this value to ""PayPal"" per store views.","Preporučeno je da podesite vrednost za ""PayPal"" za pregled stranice.",module,Magento_Paypal
Sort Order,Redosled porudžbina,module,Magento_Paypal
Payment Action,Akcija plaćanja,module,Magento_Paypal
Display on Product Details Page,Display on Proizvod Detalji Stranica,module,Magento_Paypal
Order Valid Period (days),Porudžbina Valid Period (days),module,Magento_Paypal
Specifies what the Order Valid Period is on the merchant’s PayPal account. It must mirror the setting in PayPal.,Specifies what the Porudžbina Valid Period is on the merchant’s PayPal account. It must mirror the setting in PayPal.,module,Magento_Paypal
Advanced Settings,Napredna podešavanja,module,Magento_Paypal
Display on Shopping Cart,Prikaži u korpi sa kupljenim artiklima,module,Magento_Paypal
Also affects mini-shopping cart.,Takođe utiče i mini shopping karta.,module,Magento_Paypal
Payment Applicable From,Plaćanje Applicable From,module,Magento_Paypal
Countries Payment Applicable From,Countries Plaćanje Applicable From,module,Magento_Paypal
Enable SSL verification,Omogući SSL verification,module,Magento_Paypal
Transfer Cart Line Items,Transfer Korpa Line Items,module,Magento_Paypal
Transfer Shipping Options,Transfer Dostava Options,module,Magento_Paypal
Enable PayPal Guest Checkout,Omogući PayPal Guest Naplata,module,Magento_Paypal
Require Customer's Billing Address,Zahtevaj adresu kupca za račun,module,Magento_Paypal
This feature needs be enabled first for the merchant account through PayPal technical support.,Ova opcija mora biti omogućena prvo za nalog prodavca preko PayPal tehničke podrške.,module,Magento_Paypal
Skip Order Review Step,Skip Porudžbina Recenzija Step,module,Magento_Paypal
PayPal Billing Agreement Settings,PayPal Billing Agreement Podešavanja,module,Magento_Paypal
Enabled,Omogućeno,module,Magento_Paypal
Allow in Billing Agreement Wizard,Dozvoli in Billing Agreement Wizard,module,Magento_Paypal
Settlement Report Settings,Settlement Report Podešavanja,module,Magento_Paypal
Login,Prijava,module,Magento_Paypal
Password,Lozinka,module,Magento_Paypal
Custom Endpoint Hostname or IP-Address,Custom Endpoint Hostname or IP-Adresa,module,Magento_Paypal
"By default it is ""reports.paypal.com"".","Podrazumevano je ""reports.paypal.com"".",module,Magento_Paypal
"Use colon to specify port. For example: ""test.example.com:5224"".","Koristite dvotačku za navođenje porta. Na primer: ""test.example.com:5224"".",module,Magento_Paypal
Enable Automatic Fetching,Omogući Automatic Fetching,module,Magento_Paypal
Schedule,Raspored,module,Magento_Paypal
Time of Day,Vreme of Day,module,Magento_Paypal
Frontend Experience Settings,Frontend Experience Podešavanja,module,Magento_Paypal
PayPal Product Logo,PayPal Proizvod Logo,module,Magento_Paypal
PayPal Merchant Pages Style,PayPal Merchant Stranice Style,module,Magento_Paypal
Page Style,Stranica Style,module,Magento_Paypal
"Allowable values: ""paypal"", ""primary"" (default), your_custom_value (a custom payment page style from your merchant account profile).","Dozvoljene vrednosti: ""paypal"", ""primary"" (podrazumevano), vaša_custom_vrednost (custom stil stranice za plaćanje iz profila vašeg trgovačkog naloga).",module,Magento_Paypal
Header Image URL,Header Slika URL,module,Magento_Paypal
Page Background Color,Stranica Background Color,module,Magento_Paypal
Checkout Page,Naplata Stranica,module,Magento_Paypal
Label,Oznaka,module,Magento_Paypal
Layout,Raspored,module,Magento_Paypal
Product Pages,Proizvod Stranice,module,Magento_Paypal
Cart Page,Korpa Stranica,module,Magento_Paypal
Mini Cart,Mini Korpa,module,Magento_Paypal
Disable Funding Options,Onemogući Funding Options,module,Magento_Paypal
"PayPal will automatically display each enabled funding option to eligible buyers.
                                For example, PayPal Credit is only shown to buyers in countries where PayPal Credit is
                                offered and the currency offered by the merchant is USD.","PayPal će automatski prikazati svaku omogućenu opciju finansiranja kvalifikovanim kupcima.
                                Na primer, PayPal Credit se prikazuje samo kupcima u zemljama gde se PayPal Credit
                                nudi i valuta koju nudi prodavac je USD.",module,Magento_Paypal
Accept payments with a PCI-compliant checkout that keeps customers on your site. (<u>Includes Express Checkout</u>),Accept payments with a PCI-compliant checkout that keeps customers on your site. (<u>Includes Express Naplata</u>),module,Magento_Paypal
Payments Advanced and Express Checkout,Payments Advanced and Express Naplata,module,Magento_Paypal
"PayPal recommends you set up an additional User on your account at manager.paypal.com, instead of entering your admin username and password here. This will enhance your security and prevent service interruptions if you later change your password. If you do not want to set up an additional User, you can re-enter your Merchant Login here.","PayPal recommends you set up an additional User on your account at manager.paypal.com, instead of entering your admin username and password here. This will enhance your security and prevent service interruptions if you later change your password. If you do not want to set up an additional User, you can re-enter your Merchant Prijava here.",module,Magento_Paypal
Test Mode,Režim testa,module,Magento_Paypal
"<a href=""https://financing.paypal.com/ppfinportal/content/whyUseFinancing"" target=""_blank"">Why Advertise Financing?</a><br/>
                                            <strong>Give your sales a boost when you advertise financing.</strong><br/>PayPal helps turn browsers into buyers with financing
                                            from PayPal Credit&#174;. Your customers have more time to pay, while you get paid up front – at no additional cost to you.
                                            Use PayPal’s free banner ads that let you advertise PayPal Credit&#174; financing as a payment option when your customers check out with PayPal.
                                            The PayPal Advertising Program has been shown to generate additional purchases as well as increase consumer's average purchase sizes by 15%
                                            or more. <a href=""https://financing.paypal.com/ppfinportal/content/forrester"" target=""_blank"">See Details</a>.","<a href=""https://financing.paypal.com/ppfinportal/content/whyUseFinancing"" target=""_blank"">Zašto oglašavati finansiranje?</a><br/>
                                            <strong>Povećajte prodaju kada oglašavate finansiranje.</strong><br/>PayPal pomaže da pretvorite posetioce u kupce sa finansiranjem
                                            iz PayPal Credit&#174;. Vaši kupci imaju više vremena da plate, dok vi dobijate uplatu unapred – bez dodatnih troškova.
                                            Koristite PayPal besplatne baner oglase koji vam omogućavaju da oglašavate PayPal Credit&#174; finansiranje kao opciju plaćanja kada vaši kupci plaćaju sa PayPal-om.
                                            Dokazano je da PayPal program oglašavanja generiše dodatne kupovine i povećava prosečnu veličinu kupovine za 15%
                                            ili više. <a href=""https://financing.paypal.com/ppfinportal/content/forrester"" target=""_blank"">Pogledajte detalje</a>.",module,Magento_Paypal
Basic Settings - PayPal Payments Advanced,Basic Podešavanja - PayPal Payments Advanced,module,Magento_Paypal
"It is recommended to set this value to ""Debit or Credit Card"" per store views.","Preporučuje se da postavite ovu vrednost na ""Debitna ili kreditna kartica"" po prikazima prodavnice.",module,Magento_Paypal
Send Email Confirmation,Pošalji E-pošta Confirmation,module,Magento_Paypal
URL method for Cancel URL and Return URL,URL method for Otkaži URL and Povraćaj URL,module,Magento_Paypal
Connect your merchant account with a PCI-compliant gateway that lets customers pay without leaving your site. (<u>Includes Express Checkout</u>),Connect your merchant account with a PCI-compliant gateway that lets customers pay without leaving your site. (<u>Includes Express Naplata</u>),module,Magento_Paypal
Payflow Link and Express Checkout,Payflow Link and Express Naplata,module,Magento_Paypal
"If you do not have multiple users set up on your account, please re-enter your Vendor/Merchant Login here.","If you do not have multiple users set up on your account, please re-enter your Vendor/Merchant Prijava here.",module,Magento_Paypal
Enable Payflow Link,Omogući Payflow Link,module,Magento_Paypal
Enable Express Checkout,Omogući Express Naplata,module,Magento_Paypal
Basic Settings - PayPal Payflow Link,Basic Podešavanja - PayPal Payflow Link,module,Magento_Paypal
Website Payments Pro Hosted Solution,Veb sajt Payments Pro Hosted Solution,module,Magento_Paypal
Accept payments with a PCI compliant checkout that keeps customers on your site. (<u>Includes Express Checkout</u>),Accept payments with a PCI compliant checkout that keeps customers on your site. (<u>Includes Express Naplata</u>),module,Magento_Paypal
"<a href=""https://financing.paypal.com/ppfinportal/content/whyUseFinancing"" target=""_blank"">Why Advertise Financing?</a><br/>
                            <strong>Give your sales a boost when you advertise financing.</strong><br/>PayPal helps turn browsers into buyers with financing
                            from PayPal Credit&#174;. Your customers have more time to pay, while you get paid up front – at no additional cost to you.
                            Use PayPal’s free banner ads that let you advertise PayPal Credit&#174; financing as a payment option when your customers check out with PayPal.
                            The PayPal Advertising Program has been shown to generate additional purchases as well as increase consumer's average purchase sizes by 15%
                            or more. <a href=""https://financing.paypal.com/ppfinportal/content/forrester"" target=""_blank"">See Details</a>.","<a href=""https://financing.paypal.com/ppfinportal/content/whyUseFinancing"" target=""_blank"">Zašto oglašavati finansiranje?</a><br/>
                            <strong>Povećajte prodaju kada oglašavate finansiranje.</strong><br/>PayPal pomaže da pretvorite posetioce u kupce sa finansiranjem
                            iz PayPal Credit&#174;. Vaši kupci imaju više vremena da plate, dok vi dobijate uplatu unapred – bez dodatnih troškova.
                            Koristite PayPal besplatne baner oglase koji vam omogućavaju da oglašavate PayPal Credit&#174; finansiranje kao opciju plaćanja kada vaši kupci plaćaju sa PayPal-om.
                            Dokazano je da PayPal program oglašavanja generiše dodatne kupovine i povećava prosečnu veličinu kupovine za 15%
                            ili više. <a href=""https://financing.paypal.com/ppfinportal/content/forrester"" target=""_blank"">Pogledajte detalje</a>.",module,Magento_Paypal
Basic Settings - PayPal Payments Pro Hosted Solution,Basic Podešavanja - PayPal Payments Pro Hosted Solution,module,Magento_Paypal
Display Express Checkout in the Payment Information step,Display Express Naplata in the Plaćanje Informacije step,module,Magento_Paypal
Website Payments Pro Hosted Solution and Express Checkout,Veb sajt Payments Pro Hosted Solution and Express Naplata,module,Magento_Paypal
Basic Settings - PayPal Website Payments Pro Hosted Solution,Basic Podešavanja - PayPal Veb sajt Payments Pro Hosted Solution,module,Magento_Paypal
Connect your merchant account with a fully customizable gateway that lets customers pay without leaving your site. (<u>Includes Express Checkout</u>),Connect your merchant account with a fully customizable gateway that lets customers pay without leaving your site. (<u>Includes Express Naplata</u>),module,Magento_Paypal
Vault Enabled,Trezor omogućen,module,Magento_Paypal
Basic Settings - PayPal Payflow Pro,Basic Podešavanja - PayPal Payflow Pro,module,Magento_Paypal
Vault Title,Naziv trezora,module,Magento_Paypal
Credit Card Settings,Credit Card Podešavanja,module,Magento_Paypal
Allowed Credit Card Types,Dozvoljene vrste kreditnih kartica,module,Magento_Paypal
"Supporting of American Express cards require additional agreement. Learn more at <a href=""http://www.paypal.com/amexupdate"">http://www.paypal.com/amexupdate</a>.","Podrška za American Express kartice zahteva dodatni ugovor. Saznajte više na <a href=""http://www.paypal.com/amexupdate"">http://www.paypal.com/amexupdate</a>.",module,Magento_Paypal
CVV and AVS Settings,CVV and AVS Podešavanja,module,Magento_Paypal
Reject Transaction if:,Odbij Transaction if:,module,Magento_Paypal
AVS Zip Does Not Match,AVS Poštanski broj Does Not Match,module,Magento_Paypal
Card Security Code Does Not Match,Card Security Kod Does Not Match,module,Magento_Paypal
Payflow Pro and Express Checkout,Payflow Pro and Express Naplata,module,Magento_Paypal
"<a href=""https://financing.paypal.com/ppfinportal/content/whyUseFinancing"" target=""_blank"">Why Advertise Financing?</a><br/>
                                <strong>Give your sales a boost when you advertise financing.</strong><br/>PayPal helps turn browsers into buyers with financing
                                from PayPal Credit&#174;. Your customers have more time to pay, while you get paid up front – at no additional cost to you.
                                Use PayPal’s free banner ads that let you advertise PayPal Credit&#174; financing as a payment option when your customers check out with PayPal.
                                The PayPal Advertising Program has been shown to generate additional purchases as well as increase consumer's average purchase sizes by 15%
                                or more. <a href=""https://financing.paypal.com/ppfinportal/content/forrester"" target=""_blank"">See Details</a>.","<a href=""https://financing.paypal.com/ppfinportal/content/whyUseFinancing"" target=""_blank"">Zašto oglašavati finansiranje?</a><br/>
                                <strong>Povećajte prodaju kada oglašavate finansiranje.</strong><br/>PayPal pomaže da pretvorite posetioce u kupce sa finansiranjem
                                iz PayPal Credit&#174;. Vaši kupci imaju više vremena da plate, dok vi dobijate uplatu unapred – bez dodatnih troškova.
                                Koristite PayPal besplatne baner oglase koji vam omogućavaju da oglašavate PayPal Credit&#174; finansiranje kao opciju plaćanja kada vaši kupci plaćaju sa PayPal-om.
                                Dokazano je da PayPal program oglašavanja generiše dodatne kupovine i povećava prosečnu veličinu kupovine za 15%
                                ili više. <a href=""https://financing.paypal.com/ppfinportal/content/forrester"" target=""_blank"">Pogledajte detalje</a>.",module,Magento_Paypal
Review Order,Pregledaj porudžbinu,module,Magento_Paypal
Persistent Shopping Cart,Persistent Korpa,module,Magento_Persistent
General Options,Opšte Opcije,module,Magento_Persistent
Enable Persistence,Omogući Persistence,module,Magento_Persistent
"Enable ""Remember Me""","Omogući ""Zapamti me""",module,Magento_Persistent
"""Remember Me"" Default Value","Podrazumevana vrednost ""Zapamti me""",module,Magento_Persistent
Clear Persistence on Sign Out,Očisti Persistence on Odjavi se,module,Magento_Persistent
Persist Shopping Cart,Persist Korpa,module,Magento_Persistent
Product Alerts,Alarm proizvoda,module,Magento_ProductAlert
Allow Alert When Product Price Changes,Dozvoli Alert When Proizvod Cena Changes,module,Magento_ProductAlert
Allow Alert When Product Comes Back in Stock,Dozvoli Alert When Proizvod Comes Nazad in Zalihe,module,Magento_ProductAlert
Price Alert Email Template,Cena Alert E-pošta Template,module,Magento_ProductAlert
"Email template chosen based on theme fallback when ""Default"" option is selected.","Šablon mejla se bira na osnovu teme kada je izabrana opcija ""Podrazumevano"".",module,Magento_ProductAlert
Stock Alert Email Template,Šablon emaila obaveštenja o zalihama,module,Magento_ProductAlert
Alert Email Sender,Alert E-pošta Sender,module,Magento_ProductAlert
Product Alerts Run Settings,Podešavanja pokretanja alarma za proizvode,module,Magento_ProductAlert
Frequency,Učestalost,module,Magento_ProductAlert
Start Time,Vreme početka,module,Magento_ProductAlert
Error Email Recipient,Pogrešan Primalac Mejla,module,Magento_ProductAlert
Error Email Sender,Pogrešan Pošiljalac Mejla,module,Magento_ProductAlert
Error Email Template,Pogrešan Mejl Šablon,module,Magento_ProductAlert
Notify me when the price drops,Obavesti me kada cena padne,module,Magento_ProductAlert
Notify me when this product is in stock,Obavesti me kada proizvod bude na zalihama,module,Magento_ProductAlert
Product Video,Video proizvoda,module,Magento_ProductVideo
Show related video,Prikaži related video,module,Magento_ProductVideo
The shipping method is missing. Select the shipping method and try again.,Nedostaje način dostave. Odaberite način dostave i pokušajte ponovo.,module,Magento_Quote
Enter a valid payment method and try again.,Enter a valid payment method and pokušajte ponovo.,module,Magento_Quote
Security,Sigurnost,module,Magento_ReCaptchaAdminUi
Storefront,Prodavnica,module,Magento_ReCaptchaAdminUi
No,Ne,module,Magento_ReCaptchaAdminUi
Size,Veličina,module,Magento_ReCaptchaVersion2Checkbox
Theme,Tema,module,Magento_ReCaptchaVersion2Checkbox
Theme,Tema,module,Magento_ReCaptchaVersion2Invisible
Theme,Tema,module,Magento_ReCaptchaVersion3Invisible
Release Notification,Release Obaveštenje,module,Magento_ReleaseNotification
Products in Cart,Proizvodi in Korpa,module,Magento_Reports
Abandoned Cart,Abandoned Korpa,module,Magento_Reports
Search Terms,Pojmovi za pretragu,module,Magento_Reports
By Customers,By Kupci,module,Magento_Reports
By Products,By Proizvodi,module,Magento_Reports
Order Total,Ukupan iznos,module,Magento_Reports
Order Count,Porudžbina Count,module,Magento_Reports
New,Novo,module,Magento_Reports
Ordered,Porućeno,module,Magento_Reports
Recently Viewed/Compared Products,Nedavno Pogledano/Upoređeni Proizvodi,module,Magento_Reports
Show for Current,Prikaži for Current,module,Magento_Reports
Default Recently Viewed Products Count,Podrazumevano Recently Viewed Proizvodi Count,module,Magento_Reports
Default Recently Compared Products Count,Podrazumevano Recently Compared Proizvodi Count,module,Magento_Reports
Dashboard,Kontrolna tabla,module,Magento_Reports
Year-To-Date Starts,Year-To-Datum Starts,module,Magento_Reports
Select day of the month.,Izaberi day of the month.,module,Magento_Reports
General Options,Opšte Opcije,module,Magento_Reports
Enable Reports,Omogući Izveštaji,module,Magento_Reports
"Enable ""Product View"" Report","Omogući izveštaj ""Pregled proizvoda""",module,Magento_Reports
"Enable ""Send Product Link To Friend"" Report","Omogući izveštaj ""Pošalji link proizvoda prijatelju""",module,Magento_Reports
"Enable ""Add Product To Compare List"" Report","Omogući izveštaj ""Dodaj proizvod u listu za poređenje""",module,Magento_Reports
"If enabled, will collect statistic of products added to Compare List","If enabled, will collect statistic of products added to Compare Lista",module,Magento_Reports
"Enable ""Product Added To Cart"" Report","Omogući izveštaj ""Proizvod dodat u korpu""",module,Magento_Reports
"If enabled, will collect statistic of products added to Cart","If enabled, will collect statistic of products added to Korpa",module,Magento_Reports
"Enable ""Product Added To WishList"" Report","Omogući izveštaj ""Proizvod dodat u listu želja""",module,Magento_Reports
"Enable ""Share WishList"" Report","Omogući izveštaj ""Podeli listu želja""",module,Magento_Reports
Average,Prosek,module,Magento_Reports
Stock Quantity,Zalihe Količina,module,Magento_Reports
Ordered Quantity,Ordered Količina,module,Magento_Reports
Guest,Gost,module,Magento_Reports
Action,Akcija,module,Magento_Reports
Average (Approved),Average (Odobren),module,Magento_Reports
Last Review,Poslednji Recenzija,module,Magento_Reports
Order Created,Porudžbina Kreiran,module,Magento_Reports
Order Updated,Porudžbina Ažuriran,module,Magento_Reports
The Order Updated report is created in real time and does not require a refresh.,The Porudžbina Ažuriran report is created in real time and does not require a refresh.,module,Magento_Reports
Last Invoice Created Date,Poslednji Faktura Kreiran Datum,module,Magento_Reports
Last Credit Memo Created Date,Poslednji Kreditno odobrenje Kreiran Datum,module,Magento_Reports
First Invoice Created Date,Prvi Faktura Kreiran Datum,module,Magento_Reports
Are you sure you want to refresh lifetime statistics right now? This operation may slow down your customers' shopping experience.,Da li ste sigurni želite da refresh lifetime statistics right now? This operation may slow down your customers' shopping experience.,module,Magento_Reports
Refresh Statistics for the Last Day,Refresh Statistics for the Poslednji Day,module,Magento_Reports
Are you sure you want to refresh statistics for the last day?,Da li ste sigurni želite da refresh statistics for the last day?,module,Magento_Reports
Report,Izveštaj,module,Magento_Reports
Description,Opis,module,Magento_Reports
By Customers,By Kupci,module,Magento_Review
By Products,By Proizvodi,module,Magento_Review
Enabled,Omogućeno,module,Magento_Review
Allow Guests to Write Reviews,Dozvoli Guests to Write Recenzije,module,Magento_Review
Active,Aktivan,module,Magento_Review
Inactive,Neaktivan,module,Magento_Review
Enable RSS,Omogući RSS,module,Magento_Rss
Auto Generated Specific Coupon Codes,Auto Generated Specific Kupon Codes,module,Magento_SalesRule
Web Site,Web lokacija,module,Magento_SalesRule
Priority,Prioritet,module,Magento_SalesRule
Cart Price Rule,Pravilo cene korpe,module,Magento_SalesRule
Back,Nazad,module,Magento_SalesRule
Rule Information,Pravilo Informacija,module,Magento_SalesRule
Rule Name,Naziv Pravila,module,Magento_SalesRule
Description,Opis,module,Magento_SalesRule
Websites,Web stranice,module,Magento_SalesRule
Customer Groups,Grupe kupaca,module,Magento_SalesRule
Coupon,Kupon,module,Magento_SalesRule
Uses per Coupon,Uses per Kupon,module,Magento_SalesRule
Uses per Customer,Uses per Kupac,module,Magento_SalesRule
From,Od,module,Magento_SalesRule
To,Do,module,Magento_SalesRule
Apply,Primeni,module,Magento_SalesRule
Discount Amount,Iznos popusta,module,Magento_SalesRule
Maximum Qty Discount is Applied To,Maximum Kol Popust is Applied To,module,Magento_SalesRule
Discount Qty Step (Buy X),Popust Kol Step (Buy X),module,Magento_SalesRule
Discount amount is applied to subtotal only,Popust amount is applied to subtotal only,module,Magento_SalesRule
Discount amount is applied to subtotal and shipping amount separately,Popust amount is applied to subtotal and shipping amount separately,module,Magento_SalesRule
Apply to Shipping Amount,Primeni to Dostava Amount,module,Magento_SalesRule
Discard subsequent rules,Odbacite naredna pravila,module,Magento_SalesRule
Default Rule Label for All Store Views,Podrazumevano Rule Label for Sve Prodavnica Views,module,Magento_SalesRule
Operations,Operacije,module,Magento_Sales
Create,Kreiraj,module,Magento_Sales
Send Order Email,Pošalji email porudžbine,module,Magento_Sales
Accept or Deny Payment,Accept or Odbij Plaćanje,module,Magento_Sales
Send Sales Emails,Pošalji emailove prodaje,module,Magento_Sales
Sales Section,Sekcija prodaje,module,Magento_Sales
Sales Emails Section,Prodaja Emails Section,module,Magento_Sales
General,Opšte,module,Magento_Sales
Hide Customer IP,Sakrij IP kupca,module,Magento_Sales
"Choose whether a customer IP is shown in orders, invoices, shipments, and credit memos.","Izaberi whether a customer IP is shown in orders, invoices, shipments, and credit memos.",module,Magento_Sales
Checkout Totals Sort Order,Redosled sortiranja ukupnih iznosa,module,Magento_Sales
Allow Reorder,Dozvoli ponovnu porudžbinu,module,Magento_Sales
Allow Zero GrandTotal,Dozvoli nulti ukupan iznos,module,Magento_Sales
Allow Zero GrandTotal for Creditmemo,Dozvoli nulti ukupan iznos za kreditnu napomenu,module,Magento_Sales
Invoice and Packing Slip Design,Dizajn fakture i otpremnice,module,Magento_Sales
Logo for HTML Print View,Logo za HTML štampani prikaz,module,Magento_Sales
Address,Adresa,module,Magento_Sales
Minimum Order Amount,Minimum Porudžbina Amount,module,Magento_Sales
Enable,Omogući,module,Magento_Sales
Minimum Amount,Minimalni iznos,module,Magento_Sales
Include Discount Amount,Uključi iznos popusta,module,Magento_Sales
Include Tax to Amount,Uključi porez u iznos,module,Magento_Sales
Description Message,Opis Message,module,Magento_Sales
Error to Show in Shopping Cart,Greška za prikaz u korpi,module,Magento_Sales
Validate Each Address Separately in Multi-address Checkout,Validate Each Adresa Separately in Multi-address Naplata,module,Magento_Sales
Multi-address Description Message,Poruka opisa više adresa,module,Magento_Sales
Multi-address Error to Show in Shopping Cart,Multi-address Greška to Prikaži in Korpa,module,Magento_Sales
Dashboard,Kontrolna tabla,module,Magento_Sales
Use Aggregated Data,Koristi agregirane podatke,module,Magento_Sales
Orders Cron Settings,Cron podešavanja porudžbina,module,Magento_Sales
Pending Payment Order Lifetime (minutes),Na čekanju Plaćanje Porudžbina Lifetime (minutes),module,Magento_Sales
Sales Emails,Emailovi prodaje,module,Magento_Sales
Limit per cron run,Ograničenje po cron izvršavanju,module,Magento_Sales
Enabled,Omogućeno,module,Magento_Sales
New Order Confirmation Email Sender,Pošiljalac emaila potvrde nove porudžbine,module,Magento_Sales
New Order Confirmation Template,Šablon potvrde nove porudžbine,module,Magento_Sales
"Email template chosen based on theme fallback when ""Default"" option is selected.","Šablon mejla se bira na osnovu teme kada je izabrana opcija ""Podrazumevano"".",module,Magento_Sales
New Order Confirmation Template for Guest,Novo Porudžbina Confirmation Template for Guest,module,Magento_Sales
Send Order Email Copy To,Pošalji kopiju emaila porudžbine na,module,Magento_Sales
Comma-separated.,Odvojeno zarezom.,module,Magento_Sales
Send Order Email Copy Method,Način slanja kopije emaila porudžbine,module,Magento_Sales
Order Comment Email Sender,Pošiljalac emaila komentara porudžbine,module,Magento_Sales
Order Comment Email Template,Šablon emaila komentara porudžbine,module,Magento_Sales
Order Comment Email Template for Guest,Šablon emaila komentara porudžbine za goste,module,Magento_Sales
Send Order Comment Email Copy To,Pošalji Porudžbina Comment E-pošta Kopiraj To,module,Magento_Sales
Send Order Comments Email Copy Method,Način slanja kopije emaila komentara porudžbine,module,Magento_Sales
Invoice Email Sender,Faktura E-pošta Sender,module,Magento_Sales
Invoice Email Template,Faktura E-pošta Template,module,Magento_Sales
Invoice Email Template for Guest,Faktura E-pošta Template for Guest,module,Magento_Sales
Send Invoice Email Copy To,Pošalji kopiju emaila fakture na,module,Magento_Sales
Send Invoice Email Copy Method,Način slanja kopije emaila fakture,module,Magento_Sales
Invoice Comment Email Sender,Faktura Comment E-pošta Sender,module,Magento_Sales
Invoice Comment Email Template,Faktura Comment E-pošta Template,module,Magento_Sales
Invoice Comment Email Template for Guest,Faktura Comment E-pošta Template for Guest,module,Magento_Sales
Send Invoice Comment Email Copy To,Pošalji Faktura Comment E-pošta Kopiraj To,module,Magento_Sales
Send Invoice Comments Email Copy Method,Način slanja kopije emaila komentara fakture,module,Magento_Sales
Shipment,Pošiljka,module,Magento_Sales
Shipment Email Sender,Pošiljalac emaila isporuke,module,Magento_Sales
Shipment Email Template,Šablon emaila isporuke,module,Magento_Sales
Shipment Email Template for Guest,Šablon emaila isporuke za goste,module,Magento_Sales
Send Shipment Email Copy To,Pošalji Pošiljka E-pošta Kopiraj To,module,Magento_Sales
Send Shipment Email Copy Method,Pošalji Pošiljka E-pošta Kopiraj Method,module,Magento_Sales
Shipment Comments,Komentari isporuke,module,Magento_Sales
Shipment Comment Email Sender,Pošiljalac emaila komentara isporuke,module,Magento_Sales
Shipment Comment Email Template,Šablon emaila komentara isporuke,module,Magento_Sales
Shipment Comment Email Template for Guest,Pošiljka Comment E-pošta Template for Guest,module,Magento_Sales
Send Shipment Comment Email Copy To,Pošalji Pošiljka Comment E-pošta Kopiraj To,module,Magento_Sales
Send Shipment Comments Email Copy Method,Pošalji Pošiljka Comments E-pošta Kopiraj Method,module,Magento_Sales
Credit Memo Email Sender,Kreditno odobrenje E-pošta Sender,module,Magento_Sales
Credit Memo Email Template,Kreditno odobrenje E-pošta Template,module,Magento_Sales
Credit Memo Email Template for Guest,Kreditno odobrenje E-pošta Template for Guest,module,Magento_Sales
Send Credit Memo Email Copy To,Pošalji Kreditno odobrenje E-pošta Kopiraj To,module,Magento_Sales
Send Credit Memo Email Copy Method,Pošalji Kreditno odobrenje E-pošta Kopiraj Method,module,Magento_Sales
Credit Memo Comment Email Sender,Kreditno odobrenje Comment E-pošta Sender,module,Magento_Sales
Credit Memo Comment Email Template,Kreditno odobrenje Comment E-pošta Template,module,Magento_Sales
Credit Memo Comment Email Template for Guest,Kreditno odobrenje Comment E-pošta Template for Guest,module,Magento_Sales
Send Credit Memo Comment Email Copy To,Pošalji Kreditno odobrenje Comment E-pošta Kopiraj To,module,Magento_Sales
Send Credit Memo Comments Email Copy Method,Pošalji Kreditno odobrenje Comments E-pošta Kopiraj Method,module,Magento_Sales
PDF Print-outs,PDF ispisi,module,Magento_Sales
Display Order ID in Header,Display Porudžbina ID in Header,module,Magento_Sales
Customer Order Status Notification,Kupac Porudžbina Status Obaveštenje,module,Magento_Sales
Grid Settings,Podešavanja mreže,module,Magento_Sales
Create New Account Options,Kreirajte Nove Opcije Naloga,module,Magento_Sales
Orders and Returns Search Form,Orders and Povraćaji Pretraga Form,module,Magento_Sales
Anchor Custom Title,Sidro Odabranog Naziva,module,Magento_Sales
Template,Šablon,module,Magento_Sales
Default Template,Podrazumevani Šablon,module,Magento_Sales
Name,Ime,module,Magento_Sales
Phone,Telefon,module,Magento_Sales
ZIP/Post Code,Poštanski broj,module,Magento_Sales
Website,Web sajt,module,Magento_Sales
Bill-to Name,Račun na Ime,module,Magento_Sales
Created,Kreiran,module,Magento_Sales
Ship-to Name,Dostava na Ime,module,Magento_Sales
Ship Date,Ship Datum,module,Magento_Sales
Total Quantity,Ukupno Količina,module,Magento_Sales
Default Status,Podrazumevani status,module,Magento_Sales
State Code and Title,Država Kod and Naslov,module,Magento_Sales
Item Status,Status artikla,module,Magento_Sales
Original Price,Originalna cena,module,Magento_Sales
Tax Percent,Procenat poreza,module,Magento_Sales
All Store Views,Svi pregledi prodavnica,module,Magento_Sales
PDF Credit Memos,PDF Kreditna odobrenja,module,Magento_Sales
Purchase Point,Kupovina,module,Magento_Sales
Print Invoices,Štampaj Fakture,module,Magento_Sales
Print Packing Slips,Štampaj Packing Slips,module,Magento_Sales
Print Credit Memos,Štampaj Kreditna odobrenja,module,Magento_Sales
Print All,Štampaj Sve,module,Magento_Sales
Print Shipping Labels,Štampaj Dostava Labels,module,Magento_Sales
Purchase Date,Purchase Datum,module,Magento_Sales
Grand Total (Base),Grand Ukupno (Base),module,Magento_Sales
Grand Total (Purchased),Grand Ukupno (Purchased),module,Magento_Sales
Customer Email,Kupac E-pošta,module,Magento_Sales
Shipping and Handling,Dostava and Handling,module,Magento_Sales
PDF Invoices,PDF Fakture,module,Magento_Sales
PDF Shipments,PDF Pošiljke,module,Magento_Sales
PDF Creditmemos,PDF kreditne napomene,module,Magento_Sales
Search Engine,Pretraživač,module,Magento_Search
Are you sure?,Da li ste sigurni?,module,Magento_Search
Suggested Terms,Predloženi pojmovi,module,Magento_Search
Action,Akcija,module,Magento_Search
Edit,Izmeni,module,Magento_Search
Scope,Opseg,module,Magento_Search
"Comma-separated list of synonyms. The terms entered (separated by commas) will be used as an “OR” search query to search your entire store. For example, if you enter “shoes,footwear”, and user were to search for ""shoes"", the search results will include any product or content with term “shoes"" or ""footwear.”","Lista sinonima odvojenih zarezom. Uneti termini (odvojeni zarezima) biće korišćeni kao “ILI” upit za pretragu cele prodavnice. Na primer, ako unesete “cipele,obuća”, a korisnik pretražuje ""cipele"", rezultati pretrage će uključiti svaki proizvod ili sadržaj sa terminom “cipele"" ili ""obuća.""",module,Magento_Search
Synonyms,Sinonimi,module,Magento_Search
Merge existing synonyms,Spoji postojeće sinonime,module,Magento_Search
Store View,Prikaz prodavnice,module,Magento_Search
Website,Web sajt,module,Magento_Search
Are you sure you want to delete the selected synonym groups?,Da li ste sigurni želite da delete the selected synonym groups?,module,Magento_Search
Delete items,Obriši proizvode,module,Magento_Search
Popular Search Terms,Popularni traženi pojmovi,module,Magento_Search
Admin Account Sharing,Admin Nalog Sharing,module,Magento_Security
"If set to Yes, you can log in from multiple computers into same account. Default setting No improves security.","If set to Da, you can log in from multiple computers into same account. Podrazumevano setting Ne improves security.",module,Magento_Security
Password Reset Protection Type,Tip zaštite resetovanja lozinke,module,Magento_Security
Max Number of Password Reset Requests,Maks. broj zahteva za reset lozinke,module,Magento_Security
Min Time Between Password Reset Requests,Min Vreme Between Lozinka Resetuj Requests,module,Magento_Security
Security,Sigurnost,module,Magento_Security
Security,Sigurnost,module,Magento_Securitytxt
General,Opšte,module,Magento_Securitytxt
Enable,Omogući,module,Magento_Securitytxt
Contact Information,Kontakt podaci,module,Magento_Securitytxt
Email,E-pošta,module,Magento_Securitytxt
Phone,Telefon,module,Magento_Securitytxt
Email to a Friend,Pošalji Prijatelju,module,Magento_SendFriend
Email Templates,Email šabloni,module,Magento_SendFriend
Enabled,Omogućeno,module,Magento_SendFriend
Select Email Template,Izaberi E-pošta Template,module,Magento_SendFriend
"Email template chosen based on theme fallback when ""Default"" option is selected.","Šablon mejla se bira na osnovu teme kada je izabrana opcija ""Podrazumevano"".",module,Magento_SendFriend
Allow for Guests,Dozvoli for Guests,module,Magento_SendFriend
Max Products Sent in 1 Hour,Max Proizvodi Sent in 1 Hour,module,Magento_SendFriend
Services,Servisi,module,Magento_ServicesIdLayout
Shipping Settings Section,Odeljak za postavke isporuke,module,Magento_Shipping
Shipping Policy Parameters Section,Sekcija parametara politike dostave,module,Magento_Shipping
Shipping Settings,Postavke isporuke,module,Magento_Shipping
Origin,Poreklo,module,Magento_Shipping
Country,Država,module,Magento_Shipping
Region/State,Region/država,module,Magento_Shipping
ZIP/Postal Code,Poštanski broj,module,Magento_Shipping
City,Grad,module,Magento_Shipping
Street Address,Adresa,module,Magento_Shipping
Street Address Line 2,Red za adresu 2,module,Magento_Shipping
Shipping Policy Parameters,Parametri politike dostave,module,Magento_Shipping
Apply custom Shipping Policy,Primeni custom Dostava Policy,module,Magento_Shipping
Shipping Policy,Politika isporuke,module,Magento_Shipping
Shipping Methods,Način Dostave,module,Magento_Shipping
Track your order,Pratite svoj paket,module,Magento_Shipping
Track All Shipments,Pratite sve pošiljke,module,Magento_Shipping
XML Sitemap Section,XML Mapa sajta Section,module,Magento_Sitemap
Categories Options,Kategorije Options,module,Magento_Sitemap
Frequency,Učestalost,module,Magento_Sitemap
Priority,Prioritet,module,Magento_Sitemap
Products Options,Proizvodi Options,module,Magento_Sitemap
Add Images into Sitemap,Dodaj Images into Mapa sajta,module,Magento_Sitemap
CMS Pages Options,CMS Stranice Options,module,Magento_Sitemap
Generation Settings,Generation Podešavanja,module,Magento_Sitemap
Enabled,Omogućeno,module,Magento_Sitemap
Error Email Recipient,Pogrešan Primalac Mejla,module,Magento_Sitemap
Error Email Sender,Pogrešan Pošiljalac Mejla,module,Magento_Sitemap
Error Email Template,Pogrešan Mejl Šablon,module,Magento_Sitemap
"Email template chosen based on theme fallback when ""Default"" option is selected.","Šablon mejla se bira na osnovu teme kada je izabrana opcija ""Podrazumevano"".",module,Magento_Sitemap
Start Time,Vreme početka,module,Magento_Sitemap
Sitemap File Limits,Mapa sajta Datoteka Limits,module,Magento_Sitemap
Maximum No of URLs Per File,Maximum Ne of URLs Per Datoteka,module,Magento_Sitemap
Maximum File Size,Maximum Datoteka Size,module,Magento_Sitemap
File size in bytes.,Datoteka size in bytes.,module,Magento_Sitemap
Search Engine Submission Settings,Pretraga Engine Submission Podešavanja,module,Magento_Sitemap
Enable Submission to Robots.txt,Omogući Submission to Robots.txt,module,Magento_Sitemap
Last Generated,Poslednji Generated,module,Magento_Sitemap
Action,Akcija,module,Magento_Sitemap
Configuration,Konfiguracija,module,Magento_Store
Page blocks HTML,Stranica blocks HTML,module,Magento_Store
Swatches,Uzorci,module,Magento_Swatches
Swatches per Product,Uzorci po proizvodu,module,Magento_Swatches
Show Swatches in Product List,Prikaži uzorke na listi proizvoda,module,Magento_Swatches
Default Store View,Prikaz podrazumevane prodavnice,module,Magento_Swatches
Import/Export Tax Rates,Uvezi/Izvezi Porez Rates,module,Magento_TaxImportExport
Tax Section,Porez Section,module,Magento_Tax
Tax Classes,Porez Classes,module,Magento_Tax
Tax Class for Shipping,Porez Class for Dostava,module,Magento_Tax
Default Tax Class for Product,Podrazumevano Porez Class for Proizvod,module,Magento_Tax
Default Tax Class for Customer,Podrazumevano Porez Class for Kupac,module,Magento_Tax
Calculation Settings,Calculation Podešavanja,module,Magento_Tax
Tax Calculation Method Based On,Porez Calculation Method Based Uključeno,module,Magento_Tax
Tax Calculation Based On,Obračun poreza na osnovu,module,Magento_Tax
Catalog Prices,Katalog Prices,module,Magento_Tax
Shipping Prices,Dostava Prices,module,Magento_Tax
Apply Customer Tax,Primeni Kupac Porez,module,Magento_Tax
Apply Discount On Prices,Primeni Popust Uključeno Prices,module,Magento_Tax
"Warning: To apply the discount on prices including tax and apply the tax after discount, set Catalog Prices to “Including Tax”.","Upozorenje: To apply the discount on prices including tax and apply the tax after discount, set Katalog Prices to “Including Porez”.",module,Magento_Tax
Apply Tax On,Primeni Porez Uključeno,module,Magento_Tax
Enable Cross Border Trade,Omogući Cross Border Trade,module,Magento_Tax
Default Tax Destination Calculation,Podrazumevano Porez Destination Calculation,module,Magento_Tax
Default Country,Podrazumevana država,module,Magento_Tax
Default State,Podrazumevano Država,module,Magento_Tax
Default Post Code,Podrazumevano Post Kod,module,Magento_Tax
Price Display Settings,Cena Display Podešavanja,module,Magento_Tax
Display Product Prices In Catalog,Display Proizvod Prices In Katalog,module,Magento_Tax
Display Shipping Prices,Display Dostava Prices,module,Magento_Tax
Shopping Cart Display Settings,Korpa Display Podešavanja,module,Magento_Tax
Display Subtotal,Display Međuzbir,module,Magento_Tax
Display Shipping Amount,Display Dostava Amount,module,Magento_Tax
Display Full Tax Summary,Display Full Porez Sažetak,module,Magento_Tax
Display Zero Tax Subtotal,Display Zero Porez Međuzbir,module,Magento_Tax
"Orders, Invoices, Credit Memos Display Settings","Orders, Fakture, Kreditna odobrenja Display Podešavanja",module,Magento_Tax
State/Region,Država/Region,module,Magento_Tax
Subtotal Only,Međuzbir Only,module,Magento_Tax
(Excl. Tax),(Excl. Porez),module,Magento_Tax
(Incl. Tax),(Incl. Porez),module,Magento_Tax
Order Total Excl. Tax,Porudžbina Ukupno Excl. Porez,module,Magento_Tax
Order Total Incl. Tax,Porudžbina Ukupno Incl. Porez,module,Magento_Tax
Order Total,Ukupan iznos,module,Magento_Tax
You will be charged for,Bićete naplaćeni za,module,Magento_Tax
Empty,Prazno,module,Magento_Theme
Configuration,Konfiguracija,module,Magento_Theme
Default welcome msg!,Podrazumevano welcome msg!,module,Magento_Theme
"Copyright © 2013-present Magento, Inc. All rights reserved.","Copyright © 2013-present Magento, Inc. Sve rights reserved.",module,Magento_Theme
Design Config Grid,Dizajn Config Mreža,module,Magento_Theme
Theme Information,Informacije o temi,module,Magento_Theme
Other Settings,Druge postavke,module,Magento_Theme
Default Page Title,Podrazumevano Stranica Naslov,module,Magento_Theme
Page Title Prefix,Stranica Naslov Prefix,module,Magento_Theme
Page Title Suffix,Stranica Naslov Suffix,module,Magento_Theme
Default Meta Description,Podrazumevano Meta Opis,module,Magento_Theme
Default Meta Keywords,Podrazumevano Meta Keywords,module,Magento_Theme
Display Demo Store Notice,Display Demo Prodavnica Notice,module,Magento_Theme
Header,Zaglavlje,module,Magento_Theme
Logo Image,Logo Slika,module,Magento_Theme
Logo Attribute Width,Logo Atribut Width,module,Magento_Theme
Logo Attribute Height,Logo Atribut Height,module,Magento_Theme
Welcome Text,Tekst dobrodošlice,module,Magento_Theme
Logo Image Alt,Alt Logo Slike,module,Magento_Theme
Footer,Podnožje stranice,module,Magento_Theme
Miscellaneous HTML,Razni HTML,module,Magento_Theme
Copyright,Autorsko pravo,module,Magento_Theme
Default Robots,Podrazumevano Robots,module,Magento_Theme
Edit custom instruction of robots.txt File,Izmeni custom instruction of robots.txt Datoteka,module,Magento_Theme
Reset To Defaults,Resetuj na podrazumevano,module,Magento_Theme
Website,Web sajt,module,Magento_Theme
Store,Prodavnica,module,Magento_Theme
Store View,Prikaz prodavnice,module,Magento_Theme
Skip to Content,Skip to Sadržaj,module,Magento_Theme
Menu,Meni,module,Magento_Theme
Account,Nalog,module,Magento_Theme
Settings,Podešavanja,module,Magento_Theme
Please put your store into maintenance mode and redeploy static files after changing strategy,Molim staviti vašu prodavnicu u režim održavanja i ponovo rasporediti statične datoteke nakon promene strategije,module,Magento_Translation
Translations,Prevodi,module,Magento_Translation
Security,Sigurnost,module,Magento_TwoFactorAuth
General,Opšte,module,Magento_TwoFactorAuth
Secret Key,Tajni ključ,module,Magento_TwoFactorAuth
Label Actions One,Label Akcije One,module,Magento_Ui
Label Actions Two,Label Akcije Two,module,Magento_Ui
Some Dynamic Actions,Some Dynamic Akcije,module,Magento_Ui
"If enabled, can be used by functional tests for extended reporting","Ako je omogućeno, može da se koristi od strane funkcionalnih testova za prošireno izveštavanje",module,Magento_Ui
Use this key to retrieve collected js errors,Koristite ovaj ključ za preuzimanje prikupljenih js grešaka,module,Magento_Ui
Action,Akcija,module,Magento_Ui
Enabled for Checkout,Omogući za Plaćanje,module,Magento_Ups
Allowed Methods,Dozvoljene Metode,module,Magento_Ups
Packages Request Type,Vrsta Zahteva za Pakete,module,Magento_Ups
Enable Free Shipping Threshold,Omogućite prag besplatne isporuke,module,Magento_Ups
Free Shipping Amount Threshold,Prag besplatne isporuke,module,Magento_Ups
Destination Type,Destination Tip,module,Magento_Ups
Free Method,Besplatna Metoda,module,Magento_Ups
Gateway URL,URL adresa mrežnog prolaza,module,Magento_Ups
Calculate Handling Fee,Izračunajte naknadu za rukovanje,module,Magento_Ups
Handling Applied,Primenjeno rukovanje,module,Magento_Ups
Handling Fee,Troškovi obrade,module,Magento_Ups
Maximum Package Weight (Please consult your shipping carrier for maximum supported shipping weight),Maksimalna Težina Paketa (Proverite sa Vašim dostavljačem koja je maksimalna težina za isporuku),module,Magento_Ups
Origin of the Shipment,Origin of the Pošiljka,module,Magento_Ups
Password,Lozinka,module,Magento_Ups
Sort Order,Redosled porudžbina,module,Magento_Ups
Title,Naslov,module,Magento_Ups
UPS Type,UPS Tip,module,Magento_Ups
Live Account,Live Nalog,module,Magento_Ups
Weight Unit,Jedinica Težine,module,Magento_Ups
User ID,ID korisnika,module,Magento_Ups
Enable Negotiated Rates,Omogući Negotiated Rates,module,Magento_Ups
Request Tax-Inclusive Rate,Zahtev Porez-Inclusive Rate,module,Magento_Ups
Required for negotiated rates; 6-character UPS,Obavezno for negotiated rates; 6-character UPS,module,Magento_Ups
Ship to Applicable Countries,Dostavi u Odgovarajuću Državu,module,Magento_Ups
Ship to Specific Countries,Dostavi u Navedenu Državu,module,Magento_Ups
Show Method if Not Applicable,Prikaži Metod ako Nije Primenljivo,module,Magento_Ups
Displayed Error Message,Prikazana Poruka o Grešci,module,Magento_Ups
Debug,Otklanjanje grešaka,module,Magento_Ups
All Store Views,Svi pregledi prodavnica,module,Magento_UrlRewrite
Are you sure you want to delete selected items?,Da li ste sigurni da želite da obrišete odabrane stavke?,module,Magento_UrlRewrite
Delete items,Obriši proizvode,module,Magento_UrlRewrite
All Users,Sve Users,module,Magento_User
User Roles,Uloge korisnika,module,Magento_User
User Notification Template,Šablon obaveštenja korisnika,module,Magento_User
"Email template chosen based on theme fallback when ""Default"" option is selected.","Šablon mejla se bira na osnovu teme kada je izabrana opcija ""Podrazumevano"".",module,Magento_User
Maximum Login Failures to Lockout Account,Maksimalni Broj Neuspešnih Prijava do Zaključavanja Naloga,module,Magento_User
We will disable this feature if the value is empty.,Mi ćemo onemogućiti ovu mogućnost ako je vrednost ne postoji.,module,Magento_User
Lockout Time (minutes),Vreme Zaključavanja (u minutama),module,Magento_User
Password Lifetime (days),Trajanje lozinke (dani),module,Magento_User
Password Change,Promena lozinke,module,Magento_User
Unlock,Otključaj,module,Magento_User
Username,Korisničko ime,module,Magento_User
Last login,Poslednji login,module,Magento_User
Failures,Neuspešno,module,Magento_User
Unlocked,Otključano,module,Magento_User
Enabled for Checkout,Omogući za Plaćanje,module,Magento_Usps
Gateway URL,URL adresa mrežnog prolaza,module,Magento_Usps
Title,Naslov,module,Magento_Usps
User ID,ID korisnika,module,Magento_Usps
Password,Lozinka,module,Magento_Usps
Packages Request Type,Vrsta Zahteva za Pakete,module,Magento_Usps
Size,Veličina,module,Magento_Usps
Width,Širina,module,Magento_Usps
Length,Dužina,module,Magento_Usps
Height,Visina,module,Magento_Usps
Girth,Obim,module,Magento_Usps
Maximum Package Weight (Please consult your shipping carrier for maximum supported shipping weight),Maksimalna Težina Paketa (Proverite sa Vašim dostavljačem koja je maksimalna težina za isporuku),module,Magento_Usps
Calculate Handling Fee,Izračunajte naknadu za rukovanje,module,Magento_Usps
Handling Applied,Primenjeno rukovanje,module,Magento_Usps
Handling Fee,Troškovi obrade,module,Magento_Usps
Allowed Methods,Dozvoljene Metode,module,Magento_Usps
Free Method,Besplatna Metoda,module,Magento_Usps
Enable Free Shipping Threshold,Omogućite prag besplatne isporuke,module,Magento_Usps
Free Shipping Amount Threshold,Prag besplatne isporuke,module,Magento_Usps
Displayed Error Message,Prikazana Poruka o Grešci,module,Magento_Usps
Ship to Applicable Countries,Dostavi u Odgovarajuću Državu,module,Magento_Usps
Ship to Specific Countries,Dostavi u Navedenu Državu,module,Magento_Usps
Debug,Otklanjanje grešaka,module,Magento_Usps
Show Method if Not Applicable,Prikaži Metod ako Nije Primenljivo,module,Magento_Usps
Sort Order,Redosled porudžbina,module,Magento_Usps
Variable ID,Varijabla ID,module,Magento_Variable
Name,Ime,module,Magento_Variable
Type,Tip,module,Magento_Variable
Code,Kod,module,Magento_Variable
Allow Anonymous Guest Access,Dozvoli Anonymous Guest Access,module,Magento_WebapiSecurity
"This feature applies only to CMS, Catalog and Store APIs. Please consult your developers for details on potential security risks.","This feature applies only to CMS, Katalog and Prodavnica APIs. Please consult your developers for details on potential security risks.",module,Magento_WebapiSecurity
Manage Customers,Upravljanje Kupcima,module,Magento_Webapi
Create Customer,Kreiraj Kupac,module,Magento_Webapi
Edit Customer,Izmeni Kupac,module,Magento_Webapi
Get Customer,Get Kupac,module,Magento_Webapi
Delete Customer,Obriši Kupca,module,Magento_Webapi
SOAP Settings,SOAP Podešavanja,module,Magento_Webapi
Default Response Charset,Podrazumevano Odgovor Charset,module,Magento_Webapi
Web Services Configuration,Web Services Konfiguracija,module,Magento_Webapi
Fixed Product Taxes,Fixed Proizvod Taxes,module,Magento_Weee
Enable FPT,Omogući FPT,module,Magento_Weee
Display Prices In Product Lists,Display Prices In Proizvod Lists,module,Magento_Weee
Display Prices On Product View Page,Display Prices Uključeno Proizvod Pregled Stranica,module,Magento_Weee
Display Prices In Sales Modules,Display Prices In Prodaja Modules,module,Magento_Weee
Apply Tax To FPT,Primeni Porez To FPT,module,Magento_Weee
Include FPT In Subtotal,Uključi FPT In Međuzbir,module,Magento_Weee
Orders and Returns,Orders and Povraćaji,module,Magento_Widget
Orders and Returns Search Form,Orders and Povraćaji Pretraga Form,module,Magento_Widget
Anchor Custom Title,Sidro Odabranog Naziva,module,Magento_Widget
CMS Page Link Block Template,Šablon Blok Linkova na CMS Stranici,module,Magento_Widget
CMS Page Link Inline Template,Šablon Linkova u Redu na CMS Stranici,module,Magento_Widget
Display a Link to Loading a Spreadsheet,Prikazivanje veze za učitavanje xls tabele,module,Magento_Widget
Defines whether a link to My Account,Defines whether a link to My Nalog,module,Magento_Widget
Link Text,Link tekst,module,Magento_Widget
The text of the link to the My Account &gt; Order by SKU page,Link za moj nalog &gt; Porudžbina po šifri,module,Magento_Widget
Load a list of SKUs,Učitavanje liste šifri,module,Magento_Widget
Product,Proizvod,module,Magento_Widget
Select Product...,Odaberite Proizvod...,module,Magento_Widget
Conditions,Uslovi,module,Magento_Widget
Delete,Obrisati,module,Magento_Widget
Wish List Section,Wish Lista Section,module,Magento_Wishlist
Email Sender,Pošiljaoc Mejla,module,Magento_Wishlist
Email Template,Email šabloni,module,Magento_Wishlist
"Email template chosen based on theme fallback when ""Default"" option is selected.","Šablon mejla se bira na osnovu teme kada je izabrana opcija ""Podrazumevano"".",module,Magento_Wishlist
10 by default. Max - 10000,10 je zadata vrednost. Maksimum - 10000,module,Magento_Wishlist
Email Text Length Limit,E-pošta Text Length Limit,module,Magento_Wishlist
General Options,Opšte Opcije,module,Magento_Wishlist
Enabled,Omogućeno,module,Magento_Wishlist
Show in Sidebar,Prikaži in Sidebar,module,Magento_Wishlist
My Wish List Link,My Wish Lista Link,module,Magento_Wishlist
Display Wish List Summary,Display Wish Lista Sažetak,module,Magento_Wishlist
Enable RSS,Omogući RSS,module,Magento_Wishlist
No Items Found,Ne Items Found,module,Magento_Wishlist
Product Name,Naziv proizvoda,module,Magento_Wishlist
User Description,User Opis,module,Magento_Wishlist
Quantity,Količina,module,Magento_Wishlist
Add Locale,Dodajte Lokal,module,Magento_Wishlist
Add Date,Dodajte Datum,module,Magento_Wishlist
Days in Wish List,Dana u Listi Želja,module,Magento_Wishlist
Action,Akcija,module,Magento_Wishlist
Configure,Podesi,module,Magento_Wishlist
Delete,Obrisati,module,Magento_Wishlist
Product Details and Comment,Proizvod Detalji and Comment,module,Magento_Wishlist
Add To Wishlist,Dodaj To Lista želja,module,Magento_Wishlist
Sandbox API Key,Testni API ključ,module,Magento_ServicesConnector
My Account,Moj nalog,theme,frontend/Magento/blank
Search,Pretraga,module,MagePal_Core
Configuration,Konfiguracija,module,MagePal_Reindex
Information,Informacije,module,Mageplaza_Core
Category,Kategorija,module,Mageplaza_Core
General,Opšte,module,Mageplaza_DeleteOrders
Enable,Omogući,module,Mageplaza_DeleteOrders
Start Time,Vreme početka,module,Mageplaza_DeleteOrders
Order Status,Status porudžbine,module,Mageplaza_DeleteOrders
Order Total,Ukupan iznos,module,Mageplaza_DeleteOrders
Sender,Pošiljalac,module,Mageplaza_DeleteOrders
Email Template,Email šabloni,module,Mageplaza_DeleteOrders
Send To,Pošalji na,module,Mageplaza_DeleteOrders
Pending,Na čekanju,module,Mollie_Payment
Sent,Poslato,module,Mollie_Payment
Title,Naslov,module,Mollie_Payment
Payment from Applicable Countries,Plaćanja iz privaćenih zemalja,module,Mollie_Payment
Payment from Specific Countries,Plaćanja iz određenih zemalja,module,Mollie_Payment
Minimum Order Total,Minimalna vrednost porudžbine,module,Mollie_Payment
Maximum Order Total,Maksimalna vrednost porudžbine,module,Mollie_Payment
Sort Order,Redosled porudžbina,module,Mollie_Payment
Method,Metoda,module,Mollie_Payment
Description,Opis,module,Mollie_Payment
Category,Kategorija,module,Mollie_Payment
General,Opšte,module,Mollie_Payment
Live API Key,Produkcioni API ključ,module,Mollie_Payment
Profile ID,ID profila,module,Mollie_Payment
Settings,Podešavanja,module,Mollie_Payment
Debug,Otklanjanje grešaka,module,Mollie_Payment
Payment Methods,Plaćanje Methods,module,Mollie_Payment
Advanced,Napredni,module,Mollie_Payment
Delete items,Obriši proizvode,module,Mollie_Payment
Are you sure you want to delete selected items?,Da li ste sigurni da želite da obrišete odabrane stavke?,module,Mollie_Payment
General,Opšte,module,MaxServ_YoastSeo
Company Name,Naziv kompanije,module,MaxServ_YoastSeo
Products,Proizvodi,module,MaxServ_YoastSeo
Category,Kategorija,module,MaxServ_YoastSeo
Categories,Kategorije,module,MaxServ_YoastSeo
Title,Naslov,module,MaxServ_YoastSeo
Description,Opis,module,MaxServ_YoastSeo
Image,Slika,module,MaxServ_YoastSeo
Entity Type,Entity Tip,module,MaxServ_YoastSeo
Content,Sadržaj,module,MaxServ_YoastSeo
Delete items,Obriši proizvode,module,MaxServ_YoastSeo
Are you sure you want to delete selected items?,Da li ste sigurni da želite da obrišete odabrane stavke?,module,MaxServ_YoastSeo
Store View,Prikaz prodavnice,module,Smile_ElasticsuiteCatalogOptimizer
Constant,Konstanta,module,Smile_ElasticsuiteCatalogOptimizer
Remove,Ukloni,module,Smile_ElasticsuiteCatalogOptimizer
Uses,Upotrebljeno,module,Smile_ElasticsuiteCatalogOptimizer
Results,Rezultati,module,Smile_ElasticsuiteCatalogOptimizer
Actions,Radnje,module,Smile_ElasticsuiteCatalogOptimizer
Cancel,Odustani,module,Smile_ElasticsuiteCatalogOptimizer
Categories,Kategorije,module,Smile_ElasticsuiteCatalogOptimizer
Attribute,Atribut,module,Smile_ElasticsuiteCatalogOptimizer
All Store Views,Svi pregledi prodavnica,module,Smile_ElasticsuiteCatalogOptimizer
Name,Ime,module,Smile_ElasticsuiteCatalogOptimizer
Active,Aktivan,module,Smile_ElasticsuiteCatalogOptimizer
Inactive,Neaktivan,module,Smile_ElasticsuiteCatalogOptimizer
Attribute,Atribut,module,Smile_ElasticsuiteCatalog
Display Mode,Režim prikaza,module,Smile_ElasticsuiteCatalog
Sort Order,Redosled porudžbina,module,Smile_ElasticsuiteCatalog
Default Product Listing Sort By,Podrazumevani sortiranje liste proizvoda,module,Smile_ElasticsuiteCatalog
Use Config Settings,Koristi konfiguraciona podešavanja,module,Smile_ElasticsuiteCatalog
All Store Views,Svi pregledi prodavnica,module,Smile_ElasticsuiteCatalog
Store View,Prikaz prodavnice,module,Smile_ElasticsuiteCatalog
Uses,Upotrebljeno,module,Smile_ElasticsuiteCatalog
Results,Rezultati,module,Smile_ElasticsuiteCatalog
Products,Proizvodi,module,Smile_ElasticsuiteCatalog
Categories,Kategorije,module,Smile_ElasticsuiteCatalog
Attributes,Atributi,module,Smile_ElasticsuiteCatalog
General,Opšte,module,Smile_ElasticsuiteCore
Advanced Settings,Napredna podešavanja,module,Smile_ElasticsuiteCore
Default Config,Podrazumevana konfiguracija,module,Smile_ElasticsuiteCore
Store View,Prikaz prodavnice,module,Smile_ElasticsuiteCore
Reason,Razlog,module,Smile_ElasticsuiteCore
Created At,Kreirano,module,Smile_ElasticsuiteCore
Updated At,Ažuriran At,module,Smile_ElasticsuiteCore
Size,Veličina,module,Smile_ElasticsuiteIndices
Action,Akcija,module,Smile_ElasticsuiteIndices
Delete,Obrisati,module,Smile_ElasticsuiteIndices
Enable,Omogući,module,Smile_ElasticsuiteThesaurus
Disable,Onemogući,module,Smile_ElasticsuiteThesaurus
Name,Ime,module,Smile_ElasticsuiteThesaurus
Inactive,Neaktivan,module,Smile_ElasticsuiteThesaurus
Edit,Izmeni,module,Smile_ElasticsuiteThesaurus
Are you sure?,Da li ste sigurni?,module,Smile_ElasticsuiteThesaurus
Enabled,Omogućeno,module,Smile_ElasticsuiteTracker
Ok,U redu,module,Smile_ElasticsuiteTracker
Catalog Search,Pretraga kataloga,module,Smile_ElasticsuiteVirtualCategory
Settings,Podešavanja,module,Yireo_CspUtilities
Settings,Podešavanja,module,Yireo_GoogleTagManager2
Enabled,Omogućeno,module,Yireo_GoogleTagManager2
Debug,Otklanjanje grešaka,module,Yireo_GoogleTagManager2
